--2025-10-28 21:33:22--  https://zenodo.org/records/10304948/files/data.tar.gz?download=1
Resolving proxy1.arc-ts.umich.edu (proxy1.arc-ts.umich.edu)... 141.211.192.53
Connecting to proxy1.arc-ts.umich.edu (proxy1.arc-ts.umich.edu)|141.211.192.53|:3128... connected.
Proxy request sent, awaiting response... 200 OK
Length: 472851578 (451M) [application/octet-stream]
Saving to: ‘mobsuite_database.tar.gz’

     0K .......... .......... .......... .......... ..........  0%  204K 37m46s
    50K .......... .......... .......... .......... ..........  0%  432K 27m48s
   100K .......... .......... .......... .......... ..........  0% 47.8M 18m35s
   150K .......... .......... .......... .......... ..........  0%  434K 18m22s
   200K .......... .......... .......... .......... ..........  0%  116M 14m42s
   250K .......... .......... .......... .......... ..........  0%  431K 15m13s
   300K .......... .......... .......... .......... ..........  0%  431K 15m36s
   350K .......... .......... .......... .......... ..........  0% 94.3M 13m39s
   400K .......... .......... .......... .......... ..........  0%  431K 14m7s
   450K .......... .......... .......... .......... ..........  0%  431K 14m29s
   500K .......... .......... .......... .......... ..........  0% 91.0M 13m11s
   550K .......... .......... .......... .......... ..........  0%  434K 13m33s
   600K .......... .......... .......... .......... ..........  0% 84.1M 12m31s
   650K .......... .......... .......... .......... ..........  0%  430K 12m54s
   700K .......... .......... .......... .......... ..........  0% 84.9M 12m2s
   750K .......... .......... .......... .......... ..........  0%  428K 12m24s
   800K .......... .......... .......... .......... ..........  0%  145M 11m41s
   850K .......... .......... .......... .......... ..........  0%  431K 12m1s
   900K .......... .......... .......... .......... ..........  0%  432K 12m19s
   950K .......... .......... .......... .......... ..........  0% 88.9M 11m43s
  1000K .......... .......... .......... .......... ..........  0%  432K 12m0s
  1050K .......... .......... .......... .......... ..........  0%  432K 12m15s
  1100K .......... .......... .......... .......... ..........  0% 84.4M 11m44s
  1150K .......... .......... .......... .......... ..........  0%  433K 11m59s
  1200K .......... .......... .......... .......... ..........  0%  136M 11m30s
  1250K .......... .......... .......... .......... ..........  0%  431K 11m44s
  1300K .......... .......... .......... .......... ..........  0%  100M 11m18s
  1350K .......... .......... .......... .......... ..........  0%  432K 11m32s
  1400K .......... .......... .......... .......... ..........  0%  127M 11m8s
  1450K .......... .......... .......... .......... ..........  0%  433K 11m21s
  1500K .......... .......... .......... .......... ..........  0%  134M 11m0s
  1550K .......... .......... .......... .......... ..........  0%  433K 11m12s
  1600K .......... .......... .......... .......... ..........  0%  432K 11m24s
  1650K .......... .......... .......... .......... ..........  0% 36.6M 11m4s
  1700K .......... .......... .......... .......... ..........  0%  127M 10m45s
  1750K .......... .......... .......... .......... ..........  0%  433K 10m57s
  1800K .......... .......... .......... .......... ..........  0%  431K 11m8s
  1850K .......... .......... .......... .......... ..........  0% 97.0M 10m50s
  1900K .......... .......... .......... .......... ..........  0%  432K 11m1s
  1950K .......... .......... .......... .......... ..........  0%  127M 10m44s
  2000K .......... .......... .......... .......... ..........  0%  432K 10m54s
  2050K .......... .......... .......... .......... ..........  0%  215K 11m30s
  2100K .......... .......... .......... .......... ..........  0%  111M 11m14s
  2150K .......... .......... .......... .......... ..........  0%  432K 11m23s
  2200K .......... .......... .......... .......... ..........  0%  121M 11m7s
  2250K .......... .......... .......... .......... ..........  0%  419K 11m17s
  2300K .......... .......... .......... .......... ..........  0%  440K 11m24s
  2350K .......... .......... .......... .......... ..........  0%  217K 11m54s
  2400K .......... .......... .......... .......... ..........  0%  432K 12m1s
  2450K .......... .......... .......... .......... ..........  0% 78.1M 11m47s
  2500K .......... .......... .......... .......... ..........  0%  432K 11m54s
  2550K .......... .......... .......... .......... ..........  0% 55.0M 11m40s
  2600K .......... .......... .......... .......... ..........  0%  434K 11m47s
  2650K .......... .......... .......... .......... ..........  0%  432K 11m53s
  2700K .......... .......... .......... .......... ..........  0%  129M 11m40s
  2750K .......... .......... .......... .......... ..........  0%  431K 11m47s
  2800K .......... .......... .......... .......... ..........  0%  432K 11m53s
  2850K .......... .......... .......... .......... ..........  0% 78.9M 11m41s
  2900K .......... .......... .......... .......... ..........  0%  434K 11m47s
  2950K .......... .......... .......... .......... ..........  0%  430K 11m52s
  3000K .......... .......... .......... .......... ..........  0%  141M 11m41s
  3050K .......... .......... .......... .......... ..........  0%  431K 11m47s
  3100K .......... .......... .......... .......... ..........  0%  431K 11m52s
  3150K .......... .......... .......... .......... ..........  0%  143M 11m41s
  3200K .......... .......... .......... .......... ..........  0%  431K 11m47s
  3250K .......... .......... .......... .......... ..........  0%  433K 11m52s
  3300K .......... .......... .......... .......... ..........  0% 85.3M 11m41s
  3350K .......... .......... .......... .......... ..........  0%  433K 11m46s
  3400K .......... .......... .......... .......... ..........  0% 45.2M 11m36s
  3450K .......... .......... .......... .......... ..........  0%  435K 11m41s
  3500K .......... .......... .......... .......... ..........  0%  429K 11m46s
  3550K .......... .......... .......... .......... ..........  0%  430K 11m51s
  3600K .......... .......... .......... .......... ..........  0%  429K 11m56s
  3650K .......... .......... .......... .......... ..........  0%  430K 12m1s
  3700K .......... .......... .......... .......... ..........  0% 54.4M 11m51s
  3750K .......... .......... .......... .......... ..........  0%  320K 12m1s
  3800K .......... .......... .......... .......... ..........  0%  431K 12m5s
  3850K .......... .......... .......... .......... ..........  0%  432K 12m9s
  3900K .......... .......... .......... .......... ..........  0%  432K 12m13s
  3950K .......... .......... .......... .......... ..........  0%  164K 12m39s
  4000K .......... .......... .......... .......... ..........  0%  139M 12m29s
  4050K .......... .......... .......... .......... ..........  0%  426K 12m33s
  4100K .......... .......... .......... .......... ..........  0%  319K 12m41s
  4150K .......... .......... .......... .......... ..........  0%  266K 12m53s
  4200K .......... .......... .......... .......... ..........  0%  424K 12m56s
  4250K .......... .......... .......... .......... ..........  0%  432K 13m0s
  4300K .......... .......... .......... .......... ..........  0%  254K 13m11s
  4350K .......... .......... .......... .......... ..........  0%  337K 13m18s
  4400K .......... .......... .......... .......... ..........  0%  432K 13m20s
  4450K .......... .......... .......... .......... ..........  0%  427K 13m23s
  4500K .......... .......... .......... .......... ..........  0%  431K 13m26s
  4550K .......... .......... .......... .......... ..........  0%  431K 13m29s
  4600K .......... .......... .......... .......... ..........  1%  320K 13m35s
  4650K .......... .......... .......... .......... ..........  1%  432K 13m38s
  4700K .......... .......... .......... .......... ..........  1%  266K 13m47s
  4750K .......... .......... .......... .......... ..........  1%  427K 13m50s
  4800K .......... .......... .......... .......... ..........  1%  431K 13m52s
  4850K .......... .......... .......... .......... ..........  1%  432K 13m54s
  4900K .......... .......... .......... .......... ..........  1%  433K 13m56s
  4950K .......... .......... .......... .......... ..........  1%  430K 13m59s
  5000K .......... .......... .......... .......... ..........  1%  433K 14m1s
  5050K .......... .......... .......... .......... ..........  1%  439K 14m2s
  5100K .......... .......... .......... .......... ..........  1%  316K 14m8s
  5150K .......... .......... .......... .......... ..........  1%  433K 14m10s
  5200K .......... .......... .......... .......... ..........  1%  666K 14m8s
  5250K .......... .......... .......... .......... ..........  1%  438K 14m10s
  5300K .......... .......... .......... .......... ..........  1%  582K 14m9s
  5350K .......... .......... .......... .......... ..........  1%  432K 14m11s
  5400K .......... .......... .......... .......... ..........  1%  432K 14m13s
  5450K .......... .......... .......... .......... ..........  1%  432K 14m15s
  5500K .......... .......... .......... .......... ..........  1%  431K 14m17s
  5550K .......... .......... .......... .......... ..........  1%  689K 14m15s
  5600K .......... .......... .......... .......... ..........  1%  432K 14m16s
  5650K .......... .......... .......... .......... ..........  1%  430K 14m18s
  5700K .......... .......... .......... .......... ..........  1% 1.14M 14m14s
  5750K .......... .......... .......... .......... ..........  1%  432K 14m16s
  5800K .......... .......... .......... .......... ..........  1%  433K 14m17s
  5850K .......... .......... .......... .......... ..........  1%  432K 14m19s
  5900K .......... .......... .......... .......... ..........  1%  434K 14m20s
  5950K .......... .......... .......... .......... ..........  1%  432K 14m22s
  6000K .......... .......... .......... .......... ..........  1%  681K 14m20s
  6050K .......... .......... .......... .......... ..........  1%  215K 14m30s
  6100K .......... .......... .......... .......... ..........  1% 1.15M 14m26s
  6150K .......... .......... .......... .......... ..........  1%  432K 14m28s
  6200K .......... .......... .......... .......... ..........  1%  216K 14m38s
  6250K .......... .......... .......... .......... ..........  1%  428K 14m39s
  6300K .......... .......... .......... .......... ..........  1%  432K 14m40s
  6350K .......... .......... .......... .......... ..........  1%  217K 14m50s
  6400K .......... .......... .......... .......... ..........  1%  431K 14m51s
  6450K .......... .......... .......... .......... ..........  1%  430K 14m52s
  6500K .......... .......... .......... .......... ..........  1%  432K 14m53s
  6550K .......... .......... .......... .......... ..........  1%  432K 14m54s
  6600K .......... .......... .......... .......... ..........  1%  217K 15m3s
  6650K .......... .......... .......... .......... ..........  1%  428K 15m4s
  6700K .......... .......... .......... .......... ..........  1%  429K 15m5s
  6750K .......... .......... .......... .......... ..........  1%  432K 15m6s
  6800K .......... .......... .......... .......... ..........  1%  431K 15m7s
  6850K .......... .......... .......... .......... ..........  1%  432K 15m8s
  6900K .......... .......... .......... .......... ..........  1%  219K 15m17s
  6950K .......... .......... .......... .......... ..........  1%  432K 15m18s
  7000K .......... .......... .......... .......... ..........  1%  426K 15m19s
  7050K .......... .......... .......... .......... ..........  1%  432K 15m19s
  7100K .......... .......... .......... .......... ..........  1%  432K 15m20s
  7150K .......... .......... .......... .......... ..........  1%  433K 15m21s
  7200K .......... .......... .......... .......... ..........  1%  432K 15m22s
  7250K .......... .......... .......... .......... ..........  1%  432K 15m23s
  7300K .......... .......... .......... .......... ..........  1%  432K 15m23s
  7350K .......... .......... .......... .......... ..........  1%  431K 15m24s
  7400K .......... .......... .......... .......... ..........  1%  433K 15m25s
  7450K .......... .......... .......... .......... ..........  1%  432K 15m26s
  7500K .......... .......... .......... .......... ..........  1%  432K 15m26s
  7550K .......... .......... .......... .......... ..........  1%  432K 15m27s
  7600K .......... .......... .......... .......... ..........  1% 1.10M 15m24s
  7650K .......... .......... .......... .......... ..........  1%  679K 15m22s
  7700K .......... .......... .......... .......... ..........  1%  433K 15m23s
  7750K .......... .......... .......... .......... ..........  1%  431K 15m23s
  7800K .......... .......... .......... .......... ..........  1%  433K 15m24s
  7850K .......... .......... .......... .......... ..........  1%  432K 15m25s
  7900K .......... .......... .......... .......... ..........  1%  432K 15m25s
  7950K .......... .......... .......... .......... ..........  1%  440K 15m26s
  8000K .......... .......... .......... .......... ..........  1%  433K 15m27s
  8050K .......... .......... .......... .......... ..........  1% 20.5M 15m21s
  8100K .......... .......... .......... .......... ..........  1%  433K 15m22s
  8150K .......... .......... .......... .......... ..........  1%  432K 15m22s
  8200K .......... .......... .......... .......... ..........  1%  440K 15m23s
  8250K .......... .......... .......... .......... ..........  1%  433K 15m23s
  8300K .......... .......... .......... .......... ..........  1% 1.14M 15m20s
  8350K .......... .......... .......... .......... ..........  1%  664K 15m19s
  8400K .......... .......... .......... .......... ..........  1%  441K 15m19s
  8450K .......... .......... .......... .......... ..........  1%  433K 15m20s
  8500K .......... .......... .......... .......... ..........  1%  432K 15m21s
  8550K .......... .......... .......... .......... ..........  1% 18.6M 15m15s
  8600K .......... .......... .......... .......... ..........  1%  434K 15m16s
  8650K .......... .......... .......... .......... ..........  1%  218K 15m22s
  8700K .......... .......... .......... .......... ..........  1% 15.5M 15m17s
  8750K .......... .......... .......... .......... ..........  1% 1.18M 15m14s
  8800K .......... .......... .......... .......... ..........  1%  432K 15m15s
  8850K .......... .......... .......... .......... ..........  1%  432K 15m15s
  8900K .......... .......... .......... .......... ..........  1%  268K 15m20s
  8950K .......... .......... .......... .......... ..........  1% 1.10M 15m17s
  9000K .......... .......... .......... .......... ..........  1%  671K 15m15s
  9050K .......... .......... .......... .......... ..........  1%  432K 15m16s
  9100K .......... .......... .......... .......... ..........  1%  433K 15m16s
  9150K .......... .......... .......... .......... ..........  1%  318K 15m19s
  9200K .......... .......... .......... .......... ..........  2%  696K 15m17s
  9250K .......... .......... .......... .......... ..........  2%  216K 15m24s
  9300K .......... .......... .......... .......... ..........  2%  433K 15m24s
  9350K .......... .......... .......... .......... ..........  2%  418K 15m25s
  9400K .......... .......... .......... .......... ..........  2%  220K 15m31s
  9450K .......... .......... .......... .......... ..........  2%  418K 15m32s
  9500K .......... .......... .......... .......... ..........  2%  254K 15m36s
  9550K .......... .......... .......... .......... ..........  2%  333K 15m38s
  9600K .......... .......... .......... .......... ..........  2%  320K 15m40s
  9650K .......... .......... .......... .......... ..........  2%  215K 15m46s
  9700K .......... .......... .......... .......... ..........  2%  216K 15m52s
  9750K .......... .......... .......... .......... ..........  2%  322K 15m54s
  9800K .......... .......... .......... .......... ..........  2%  261K 15m58s
  9850K .......... .......... .......... .......... ..........  2%  322K 16m0s
  9900K .......... .......... .......... .......... ..........  2%  261K 16m4s
  9950K .......... .......... .......... .......... ..........  2%  322K 16m6s
 10000K .......... .......... .......... .......... ..........  2%  338K 16m8s
 10050K .......... .......... .......... .......... ..........  2%  251K 16m12s
 10100K .......... .......... .......... .......... ..........  2%  261K 16m15s
 10150K .......... .......... .......... .......... ..........  2%  430K 16m16s
 10200K .......... .......... .......... .......... ..........  2%  322K 16m18s
 10250K .......... .......... .......... .......... ..........  2%  261K 16m21s
 10300K .......... .......... .......... .......... ..........  2%  216K 16m27s
 10350K .......... .......... .......... .......... ..........  2%  433K 16m27s
 10400K .......... .......... .......... .......... ..........  2%  216K 16m32s
 10450K .......... .......... .......... .......... ..........  2%  320K 16m34s
 10500K .......... .......... .......... .......... ..........  2%  262K 16m37s
 10550K .......... .......... .......... .......... ..........  2%  319K 16m39s
 10600K .......... .......... .......... .......... ..........  2%  431K 16m39s
 10650K .......... .......... .......... .......... ..........  2%  263K 16m42s
 10700K .......... .......... .......... .......... ..........  2%  320K 16m44s
 10750K .......... .......... .......... .......... ..........  2%  432K 16m44s
 10800K .......... .......... .......... .......... ..........  2%  263K 16m47s
 10850K .......... .......... .......... .......... ..........  2%  319K 16m49s
 10900K .......... .......... .......... .......... ..........  2%  431K 16m49s
 10950K .......... .......... .......... .......... ..........  2%  319K 16m51s
 11000K .......... .......... .......... .......... ..........  2%  335K 16m52s
 11050K .......... .......... .......... .......... ..........  2%  319K 16m54s
 11100K .......... .......... .......... .......... ..........  2%  429K 16m54s
 11150K .......... .......... .......... .......... ..........  2%  432K 16m54s
 11200K .......... .......... .......... .......... ..........  2%  217K 16m59s
 11250K .......... .......... .......... .......... ..........  2%  431K 16m59s
 11300K .......... .......... .......... .......... ..........  2%  432K 16m59s
 11350K .......... .......... .......... .......... ..........  2%  432K 16m59s
 11400K .......... .......... .......... .......... ..........  2%  432K 16m59s
 11450K .......... .......... .......... .......... ..........  2%  432K 16m59s
 11500K .......... .......... .......... .......... ..........  2%  224K 17m3s
 11550K .......... .......... .......... .......... ..........  2%  407K 17m3s
 11600K .......... .......... .......... .......... ..........  2%  260K 17m6s
 11650K .......... .......... .......... .......... ..........  2%  432K 17m6s
 11700K .......... .......... .......... .......... ..........  2%  339K 17m7s
 11750K .......... .......... .......... .......... ..........  2%  406K 17m7s
 11800K .......... .......... .......... .......... ..........  2%  316K 17m9s
 11850K .......... .......... .......... .......... ..........  2%  335K 17m10s
 11900K .......... .......... .......... .......... ..........  2%  432K 17m10s
 11950K .......... .......... .......... .......... ..........  2%  432K 17m10s
 12000K .......... .......... .......... .......... ..........  2%  432K 17m10s
 12050K .......... .......... .......... .......... ..........  2%  189K 17m15s
 12100K .......... .......... .......... .......... ..........  2%  601K 17m14s
 12150K .......... .......... .......... .......... ..........  2%  189K 17m19s
 12200K .......... .......... .......... .......... ..........  2%  582K 17m18s
 12250K .......... .......... .......... .......... ..........  2%  217K 17m22s
 12300K .......... .......... .......... .......... ..........  2%  216K 17m26s
 12350K .......... .......... .......... .......... ..........  2%  216K 17m30s
 12400K .......... .......... .......... .......... ..........  2%  216K 17m34s
 12450K .......... .......... .......... .......... ..........  2%  324K 17m36s
 12500K .......... .......... .......... .......... ..........  2%  259K 17m38s
 12550K .......... .......... .......... .......... ..........  2%  255K 17m41s
 12600K .......... .......... .......... .......... ..........  2%  331K 17m42s
 12650K .......... .......... .......... .......... ..........  2%  325K 17m43s
 12700K .......... .......... .......... .......... ..........  2%  215K 17m47s
 12750K .......... .......... .......... .......... ..........  2%  216K 17m51s
 12800K .......... .......... .......... .......... ..........  2%  162K 17m57s
 12850K .......... .......... .......... .......... ..........  2%  216K 18m1s
 12900K .......... .......... .......... .......... ..........  2%  216K 18m5s
 12950K .......... .......... .......... .......... ..........  2%  186K 18m10s
 13000K .......... .......... .......... .......... ..........  2%  117K 18m20s
 13050K .......... .......... .......... .......... ..........  2%  129K 18m29s
 13100K .......... .......... .......... .......... ..........  2%  108K 18m41s
 13150K .......... .......... .......... .......... ..........  2%  163K 18m47s
 13200K .......... .......... .......... .......... ..........  2%  184K 18m51s
 13250K .......... .......... .......... .......... ..........  2%  188K 18m56s
 13300K .......... .......... .......... .......... ..........  2%  185K 19m1s
 13350K .......... .......... .......... .......... ..........  2%  260K 19m3s
 13400K .......... .......... .......... .......... ..........  2%  216K 19m6s
 13450K .......... .......... .......... .......... ..........  2%  216K 19m9s
 13500K .......... .......... .......... .......... ..........  2%  145K 19m17s
 13550K .......... .......... .......... .......... ..........  2%  423K 19m16s
 13600K .......... .......... .......... .......... ..........  2%  216K 19m19s
 13650K .......... .......... .......... .......... ..........  2%  217K 19m22s
 13700K .......... .......... .......... .......... ..........  2%  253K 19m25s
 13750K .......... .......... .......... .......... ..........  2%  216K 19m28s
 13800K .......... .......... .......... .......... ..........  2%  216K 19m31s
 13850K .......... .......... .......... .......... ..........  3%  144K 19m38s
 13900K .......... .......... .......... .......... ..........  3%  187K 19m42s
 13950K .......... .......... .......... .......... ..........  3%  213K 19m45s
 14000K .......... .......... .......... .......... ..........  3%  184K 19m49s
 14050K .......... .......... .......... .......... ..........  3%  162K 19m55s
 14100K .......... .......... .......... .......... ..........  3%  185K 19m59s
 14150K .......... .......... .......... .......... ..........  3%  215K 20m2s
 14200K .......... .......... .......... .......... ..........  3%  216K 20m5s
 14250K .......... .......... .......... .......... ..........  3%  163K 20m10s
 14300K .......... .......... .......... .......... ..........  3%  216K 20m13s
 14350K .......... .......... .......... .......... ..........  3%  216K 20m16s
 14400K .......... .......... .......... .......... ..........  3%  259K 20m17s
 14450K .......... .......... .......... .......... ..........  3%  257K 20m19s
 14500K .......... .......... .......... .......... ..........  3%  261K 20m21s
 14550K .......... .......... .......... .......... ..........  3%  216K 20m23s
 14600K .......... .......... .......... .......... ..........  3%  162K 20m29s
 14650K .......... .......... .......... .......... ..........  3%  257K 20m30s
 14700K .......... .......... .......... .......... ..........  3%  216K 20m33s
 14750K .......... .......... .......... .......... ..........  3%  262K 20m34s
 14800K .......... .......... .......... .......... ..........  3%  258K 20m36s
 14850K .......... .......... .......... .......... ..........  3%  256K 20m37s
 14900K .......... .......... .......... .......... ..........  3%  326K 20m38s
 14950K .......... .......... .......... .......... ..........  3%  258K 20m39s
 15000K .......... .......... .......... .......... ..........  3%  186K 20m43s
 15050K .......... .......... .......... .......... ..........  3%  328K 20m43s
 15100K .......... .......... .......... .......... ..........  3%  257K 20m45s
 15150K .......... .......... .......... .......... ..........  3%  432K 20m44s
 15200K .......... .......... .......... .......... ..........  3%  258K 20m45s
 15250K .......... .......... .......... .......... ..........  3%  326K 20m46s
 15300K .......... .......... .......... .......... ..........  3%  431K 20m45s
 15350K .......... .......... .......... .......... ..........  3%  258K 20m46s
 15400K .......... .......... .......... .......... ..........  3%  325K 20m47s
 15450K .......... .......... .......... .......... ..........  3%  329K 20m47s
 15500K .......... .......... .......... .......... ..........  3%  319K 20m47s
 15550K .......... .......... .......... .......... ..........  3%  432K 20m46s
 15600K .......... .......... .......... .......... ..........  3%  326K 20m47s
 15650K .......... .......... .......... .......... ..........  3%  328K 20m47s
 15700K .......... .......... .......... .......... ..........  3%  161K 20m51s
 15750K .......... .......... .......... .......... ..........  3%  428K 20m51s
 15800K .......... .......... .......... .......... ..........  3%  216K 20m53s
 15850K .......... .......... .......... .......... ..........  3%  216K 20m55s
 15900K .......... .......... .......... .......... ..........  3%  216K 20m58s
 15950K .......... .......... .......... .......... ..........  3%  216K 21m0s
 16000K .......... .......... .......... .......... ..........  3%  327K 21m0s
 16050K .......... .......... .......... .......... ..........  3%  215K 21m3s
 16100K .......... .......... .......... .......... ..........  3%  162K 21m7s
 16150K .......... .......... .......... .......... ..........  3%  116K 21m15s
 16200K .......... .......... .......... .......... ..........  3%  165K 21m19s
 16250K .......... .......... .......... .......... ..........  3%  161K 21m24s
 16300K .......... .......... .......... .......... ..........  3%  185K 21m27s
 16350K .......... .......... .......... .......... ..........  3%  183K 21m30s
 16400K .......... .......... .......... .......... ..........  3%  187K 21m33s
 16450K .......... .......... .......... .......... ..........  3%  185K 21m37s
 16500K .......... .......... .......... .......... ..........  3%  144K 21m42s
 16550K .......... .......... .......... .......... ..........  3% 92.3K 21m52s
 16600K .......... .......... .......... .......... ..........  3%  162K 21m57s
 16650K .......... .......... .......... .......... ..........  3%  144K 22m2s
 16700K .......... .......... .......... .......... ..........  3%  185K 22m5s
 16750K .......... .......... .......... .......... ..........  3%  186K 22m8s
 16800K .......... .......... .......... .......... ..........  3%  161K 22m12s
 16850K .......... .......... .......... .......... ..........  3%  147K 22m17s
 16900K .......... .......... .......... .......... ..........  3%  106K 22m25s
 16950K .......... .......... .......... .......... ..........  3%  162K 22m29s
 17000K .......... .......... .......... .......... ..........  3%  144K 22m34s
 17050K .......... .......... .......... .......... ..........  3%  185K 22m37s
 17100K .......... .......... .......... .......... ..........  3%  216K 22m39s
 17150K .......... .......... .......... .......... ..........  3%  216K 22m41s
 17200K .......... .......... .......... .......... ..........  3%  216K 22m43s
 17250K .......... .......... .......... .......... ..........  3%  215K 22m44s
 17300K .......... .......... .......... .......... ..........  3%  108K 22m52s
 17350K .......... .......... .......... .......... ..........  3%  216K 22m54s
 17400K .......... .......... .......... .......... ..........  3%  216K 22m56s
 17450K .......... .......... .......... .......... ..........  3%  257K 22m57s
 17500K .......... .......... .......... .......... ..........  3%  216K 22m58s
 17550K .......... .......... .......... .......... ..........  3%  256K 22m59s
 17600K .......... .......... .......... .......... ..........  3%  263K 23m0s
 17650K .......... .......... .......... .......... ..........  3%  183K 23m3s
 17700K .......... .......... .......... .......... ..........  3%  264K 23m4s
 17750K .......... .......... .......... .......... ..........  3%  258K 23m4s
 17800K .......... .......... .......... .......... ..........  3% 10.9K 24m54s
 17850K .......... .......... .......... .......... ..........  3%  144K 24m58s
 17900K .......... .......... .......... .......... ..........  3%  313K 24m58s
 17950K .......... .......... .......... .......... ..........  3%  165K 25m1s
 18000K .......... .......... .......... .......... ..........  3%  428K 25m0s
 18050K .......... .......... .......... .......... ..........  3%  183K 25m2s
 18100K .......... .......... .......... .......... ..........  3%  266K 25m2s
 18150K .......... .......... .......... .......... ..........  3%  244K 25m3s
 18200K .......... .......... .......... .......... ..........  3%  267K 25m3s
 18250K .......... .......... .......... .......... ..........  3%  218K 25m5s
 18300K .......... .......... .......... .......... ..........  3%  214K 25m6s
 18350K .......... .......... .......... .......... ..........  3%  218K 25m7s
 18400K .......... .......... .......... .......... ..........  3%  216K 25m9s
 18450K .......... .......... .......... .......... ..........  4%  216K 25m10s
 18500K .......... .......... .......... .......... ..........  4%  182K 25m12s
 18550K .......... .......... .......... .......... ..........  4%  216K 25m14s
 18600K .......... .......... .......... .......... ..........  4%  190K 25m16s
 18650K .......... .......... .......... .......... ..........  4%  158K 25m19s
 18700K .......... .......... .......... .......... ..........  4%  216K 25m20s
 18750K .......... .......... .......... .......... ..........  4%  191K 25m22s
 18800K .......... .......... .......... .......... ..........  4%  183K 25m24s
 18850K .......... .......... .......... .......... ..........  4%  216K 25m25s
 18900K .......... .......... .......... .......... ..........  4%  216K 25m27s
 18950K .......... .......... .......... .......... ..........  4%  216K 25m28s
 19000K .......... .......... .......... .......... ..........  4%  314K 25m27s
 19050K .......... .......... .......... .......... ..........  4%  215K 25m29s
 19100K .......... .......... .......... .......... ..........  4%  144K 25m32s
 19150K .......... .......... .......... .......... ..........  4% 99.0K 25m40s
 19200K .......... .......... .......... .......... ..........  4%  132K 25m44s
 19250K .......... .......... .......... .......... ..........  4%  144K 25m48s
 19300K .......... .......... .......... .......... ..........  4%  182K 25m50s
 19350K .......... .......... .......... .......... ..........  4%  144K 25m54s
 19400K .......... .......... .......... .......... ..........  4%  216K 25m55s
 19450K .......... .......... .......... .......... ..........  4%  183K 25m57s
 19500K .......... .......... .......... .......... ..........  4%  215K 25m58s
 19550K .......... .......... .......... .......... ..........  4%  164K 26m1s
 19600K .......... .......... .......... .......... ..........  4%  215K 26m2s
 19650K .......... .......... .......... .......... ..........  4%  216K 26m3s
 19700K .......... .......... .......... .......... ..........  4%  183K 26m5s
 19750K .......... .......... .......... .......... ..........  4%  216K 26m6s
 19800K .......... .......... .......... .......... ..........  4%  264K 26m6s
 19850K .......... .......... .......... .......... ..........  4%  261K 26m6s
 19900K .......... .......... .......... .......... ..........  4%  216K 26m7s
 19950K .......... .......... .......... .......... ..........  4%  184K 26m9s
 20000K .......... .......... .......... .......... ..........  4%  262K 26m9s
 20050K .......... .......... .......... .......... ..........  4%  316K 26m9s
 20100K .......... .......... .......... .......... ..........  4%  264K 26m9s
 20150K .......... .......... .......... .......... ..........  4%  250K 26m9s
 20200K .......... .......... .......... .......... ..........  4%  341K 26m8s
 20250K .......... .......... .......... .......... ..........  4%  253K 26m9s
 20300K .......... .......... .......... .......... ..........  4%  262K 26m9s
 20350K .......... .......... .......... .......... ..........  4%  314K 26m8s
 20400K .......... .......... .......... .......... ..........  4%  342K 26m7s
 20450K .......... .......... .......... .......... ..........  4%  430K 26m6s
 20500K .......... .......... .......... .......... ..........  4%  253K 26m6s
 20550K .......... .......... .......... .......... ..........  4%  431K 26m5s
 20600K .......... .......... .......... .......... ..........  4%  423K 26m3s
 20650K .......... .......... .......... .......... ..........  4%  342K 26m2s
 20700K .......... .......... .......... .......... ..........  4%  253K 26m3s
 20750K .......... .......... .......... .......... ..........  4%  432K 26m1s
 20800K .......... .......... .......... .......... ..........  4%  419K 26m0s
 20850K .......... .......... .......... .......... ..........  4%  432K 25m58s
 20900K .......... .......... .......... .......... ..........  4%  216K 25m59s
 20950K .......... .......... .......... .......... ..........  4% 1.56M 25m56s
 21000K .......... .......... .......... .......... ..........  4%  254K 25m56s
 21050K .......... .......... .......... .......... ..........  4%  259K 25m56s
 21100K .......... .......... .......... .......... ..........  4%  325K 25m56s
 21150K .......... .......... .......... .......... ..........  4%  419K 25m54s
 21200K .......... .......... .......... .......... ..........  4%  426K 25m53s
 21250K .......... .......... .......... .......... ..........  4%  337K 25m52s
 21300K .......... .......... .......... .......... ..........  4%  432K 25m51s
 21350K .......... .......... .......... .......... ..........  4%  319K 25m50s
 21400K .......... .......... .......... .......... ..........  4%  427K 25m49s
 21450K .......... .......... .......... .......... ..........  4%  314K 25m48s
 21500K .......... .......... .......... .......... ..........  4%  432K 25m47s
 21550K .......... .......... .......... .......... ..........  4%  432K 25m46s
 21600K .......... .......... .......... .......... ..........  4%  432K 25m44s
 21650K .......... .......... .......... .......... ..........  4%  432K 25m43s
 21700K .......... .......... .......... .......... ..........  4%  432K 25m41s
 21750K .......... .......... .......... .......... ..........  4%  432K 25m40s
 21800K .......... .......... .......... .......... ..........  4%  432K 25m39s
 21850K .......... .......... .......... .......... ..........  4%  269K 25m39s
 21900K .......... .......... .......... .......... ..........  4%  432K 25m37s
 21950K .......... .......... .......... .......... ..........  4%  428K 25m36s
 22000K .......... .......... .......... .......... ..........  4%  430K 25m35s
 22050K .......... .......... .......... .......... ..........  4%  430K 25m33s
 22100K .......... .......... .......... .......... ..........  4%  426K 25m32s
 22150K .......... .......... .......... .......... ..........  4%  432K 25m31s
 22200K .......... .......... .......... .......... ..........  4%  324K 25m30s
 22250K .......... .......... .......... .......... ..........  4%  649K 25m28s
 22300K .......... .......... .......... .......... ..........  4%  315K 25m28s
 22350K .......... .......... .......... .......... ..........  4%  431K 25m26s
 22400K .......... .......... .......... .......... ..........  4%  426K 25m25s
 22450K .......... .......... .......... .......... ..........  4%  334K 25m24s
 22500K .......... .......... .......... .......... ..........  4%  432K 25m23s
 22550K .......... .......... .......... .......... ..........  4%  325K 25m23s
 22600K .......... .......... .......... .......... ..........  4%  314K 25m22s
 22650K .......... .......... .......... .......... ..........  4%  432K 25m21s
 22700K .......... .......... .......... .......... ..........  4%  432K 25m19s
 22750K .......... .......... .......... .......... ..........  4%  432K 25m18s
 22800K .......... .......... .......... .......... ..........  4%  430K 25m17s
 22850K .......... .......... .......... .......... ..........  4%  432K 25m16s
 22900K .......... .......... .......... .......... ..........  4%  438K 25m14s
 22950K .......... .......... .......... .......... ..........  4%  433K 25m13s
 23000K .......... .......... .......... .......... ..........  4%  426K 25m12s
 23050K .......... .......... .......... .......... ..........  5%  432K 25m11s
 23100K .......... .......... .......... .......... ..........  5%  438K 25m9s
 23150K .......... .......... .......... .......... ..........  5%  433K 25m8s
 23200K .......... .......... .......... .......... ..........  5%  676K 25m6s
 23250K .......... .......... .......... .......... ..........  5%  313K 25m6s
 23300K .......... .......... .......... .......... ..........  5%  436K 25m4s
 23350K .......... .......... .......... .......... ..........  5%  264K 25m5s
 23400K .......... .......... .......... .......... ..........  5%  432K 25m3s
 23450K .......... .......... .......... .......... ..........  5%  318K 25m3s
 23500K .......... .......... .......... .......... ..........  5%  429K 25m2s
 23550K .......... .......... .......... .......... ..........  5%  431K 25m1s
 23600K .......... .......... .......... .......... ..........  5%  432K 24m59s
 23650K .......... .......... .......... .......... ..........  5%  433K 24m58s
 23700K .......... .......... .......... .......... ..........  5%  436K 24m57s
 23750K .......... .......... .......... .......... ..........  5%  423K 24m56s
 23800K .......... .......... .......... .......... ..........  5%  430K 24m55s
 23850K .......... .......... .......... .......... ..........  5%  434K 24m54s
 23900K .......... .......... .......... .......... ..........  5%  432K 24m52s
 23950K .......... .......... .......... .......... ..........  5%  434K 24m51s
 24000K .......... .......... .......... .......... ..........  5%  434K 24m50s
 24050K .......... .......... .......... .......... ..........  5%  434K 24m49s
 24100K .......... .......... .......... .......... ..........  5%  659K 24m47s
 24150K .......... .......... .......... .......... ..........  5%  317K 24m47s
 24200K .......... .......... .......... .......... ..........  5%  440K 24m45s
 24250K .......... .......... .......... .......... ..........  5%  434K 24m44s
 24300K .......... .......... .......... .......... ..........  5%  658K 24m42s
 24350K .......... .......... .......... .......... ..........  5%  432K 24m41s
 24400K .......... .......... .......... .......... ..........  5%  648K 24m39s
 24450K .......... .......... .......... .......... ..........  5%  432K 24m38s
 24500K .......... .......... .......... .......... ..........  5%  268K 24m38s
 24550K .......... .......... .......... .......... ..........  5%  390K 24m38s
 24600K .......... .......... .......... .......... ..........  5%  427K 24m36s
 24650K .......... .......... .......... .......... ..........  5%  421K 24m35s
 24700K .......... .......... .......... .......... ..........  5%  167K 24m38s
 24750K .......... .......... .......... .......... ..........  5% 1.22M 24m35s
 24800K .......... .......... .......... .......... ..........  5%  262K 24m35s
 24850K .......... .......... .......... .......... ..........  5%  309K 24m35s
 24900K .......... .......... .......... .......... ..........  5%  220K 24m36s
 24950K .......... .......... .......... .......... ..........  5%  414K 24m35s
 25000K .......... .......... .......... .......... ..........  5%  270K 24m35s
 25050K .......... .......... .......... .......... ..........  5%  305K 24m35s
 25100K .......... .......... .......... .......... ..........  5%  440K 24m34s
 25150K .......... .......... .......... .......... ..........  5%  270K 24m34s
 25200K .......... .......... .......... .......... ..........  5%  322K 24m33s
 25250K .......... .......... .......... .......... ..........  5%  261K 24m34s
 25300K .......... .......... .......... .......... ..........  5%  322K 24m33s
 25350K .......... .......... .......... .......... ..........  5%  428K 24m32s
 25400K .......... .......... .......... .......... ..........  5%  416K 24m31s
 25450K .......... .......... .......... .......... ..........  5%  310K 24m31s
 25500K .......... .......... .......... .......... ..........  5%  356K 24m30s
 25550K .......... .......... .......... .......... ..........  5%  430K 24m29s
 25600K .......... .......... .......... .......... ..........  5%  432K 24m28s
 25650K .......... .......... .......... .......... ..........  5%  306K 24m28s
 25700K .......... .......... .......... .......... ..........  5%  271K 24m28s
 25750K .......... .......... .......... .......... ..........  5%  183K 24m29s
 25800K .......... .......... .......... .......... ..........  5%  666K 24m28s
 25850K .......... .......... .......... .......... ..........  5%  216K 24m29s
 25900K .......... .......... .......... .......... ..........  5%  184K 24m30s
 25950K .......... .......... .......... .......... ..........  5%  215K 24m31s
 26000K .......... .......... .......... .......... ..........  5%  183K 24m33s
 26050K .......... .......... .......... .......... ..........  5%  164K 24m35s
 26100K .......... .......... .......... .......... ..........  5%  217K 24m36s
 26150K .......... .......... .......... .......... ..........  5%  216K 24m36s
 26200K .......... .......... .......... .......... ..........  5%  261K 24m37s
 26250K .......... .......... .......... .......... ..........  5%  218K 24m38s
 26300K .......... .......... .......... .......... ..........  5%  183K 24m39s
 26350K .......... .......... .......... .......... ..........  5%  214K 24m40s
 26400K .......... .......... .......... .......... ..........  5%  177K 24m42s
 26450K .......... .......... .......... .......... ..........  5%  262K 24m42s
 26500K .......... .......... .......... .......... ..........  5%  215K 24m43s
 26550K .......... .......... .......... .......... ..........  5%  261K 24m43s
 26600K .......... .......... .......... .......... ..........  5%  247K 24m43s
 26650K .......... .......... .......... .......... ..........  5%  271K 24m43s
 26700K .......... .......... .......... .......... ..........  5%  261K 24m43s
 26750K .......... .......... .......... .......... ..........  5%  320K 24m43s
 26800K .......... .......... .......... .......... ..........  5%  216K 24m44s
 26850K .......... .......... .......... .......... ..........  5%  262K 24m44s
 26900K .......... .......... .......... .......... ..........  5%  322K 24m44s
 26950K .......... .......... .......... .......... ..........  5%  307K 24m43s
 27000K .......... .......... .......... .......... ..........  5%  344K 24m43s
 27050K .......... .......... .......... .......... ..........  5%  215K 24m44s
 27100K .......... .......... .......... .......... ..........  5%  324K 24m43s
 27150K .......... .......... .......... .......... ..........  5%  216K 24m44s
 27200K .......... .......... .......... .......... ..........  5%  216K 24m45s
 27250K .......... .......... .......... .......... ..........  5%  259K 24m45s
 27300K .......... .......... .......... .......... ..........  5%  324K 24m44s
 27350K .......... .......... .......... .......... ..........  5%  315K 24m44s
 27400K .......... .......... .......... .......... ..........  5%  327K 24m44s
 27450K .......... .......... .......... .......... ..........  5%  256K 24m44s
 27500K .......... .......... .......... .......... ..........  5%  260K 24m44s
 27550K .......... .......... .......... .......... ..........  5%  143K 24m47s
 27600K .......... .......... .......... .......... ..........  5%  186K 24m48s
 27650K .......... .......... .......... .......... ..........  5%  162K 24m50s
 27700K .......... .......... .......... .......... ..........  6%  215K 24m51s
 27750K .......... .......... .......... .......... ..........  6%  216K 24m52s
 27800K .......... .......... .......... .......... ..........  6%  216K 24m52s
 27850K .......... .......... .......... .......... ..........  6%  217K 24m53s
 27900K .......... .......... .......... .......... ..........  6%  216K 24m54s
 27950K .......... .......... .......... .......... ..........  6%  215K 24m55s
 28000K .......... .......... .......... .......... ..........  6%  251K 24m55s
 28050K .......... .......... .......... .......... ..........  6%  339K 24m54s
 28100K .......... .......... .......... .......... ..........  6%  217K 24m55s
 28150K .......... .......... .......... .......... ..........  6%  215K 24m56s
 28200K .......... .......... .......... .......... ..........  6%  433K 24m55s
 28250K .......... .......... .......... .......... ..........  6%  216K 24m55s
 28300K .......... .......... .......... .......... ..........  6%  144K 24m58s
 28350K .......... .......... .......... .......... ..........  6%  215K 24m59s
 28400K .......... .......... .......... .......... ..........  6%  144K 25m1s
 28450K .......... .......... .......... .......... ..........  6%  216K 25m2s
 28500K .......... .......... .......... .......... ..........  6%  216K 25m2s
 28550K .......... .......... .......... .......... ..........  6%  319K 25m2s
 28600K .......... .......... .......... .......... ..........  6%  163K 25m4s
 28650K .......... .......... .......... .......... ..........  6%  252K 25m4s
 28700K .......... .......... .......... .......... ..........  6%  163K 25m6s
 28750K .......... .......... .......... .......... ..........  6%  216K 25m7s
 28800K .......... .......... .......... .......... ..........  6%  144K 25m9s
 28850K .......... .......... .......... .......... ..........  6%  317K 25m9s
 28900K .......... .......... .......... .......... ..........  6%  144K 25m11s
 28950K .......... .......... .......... .......... ..........  6%  131K 25m14s
 29000K .......... .......... .......... .......... ..........  6%  144K 25m16s
 29050K .......... .......... .......... .......... ..........  6%  160K 25m18s
 29100K .......... .......... .......... .......... ..........  6%  131K 25m21s
 29150K .......... .......... .......... .......... ..........  6%  216K 25m22s
 29200K .......... .......... .......... .......... ..........  6%  160K 25m24s
 29250K .......... .......... .......... .......... ..........  6%  131K 25m26s
 29300K .......... .......... .......... .......... ..........  6%  108K 25m30s
 29350K .......... .......... .......... .......... ..........  6%  108K 25m35s
 29400K .......... .......... .......... .......... ..........  6%  144K 25m37s
 29450K .......... .......... .......... .......... ..........  6%  108K 25m41s
 29500K .......... .......... .......... .......... ..........  6%  183K 25m42s
 29550K .......... .......... .......... .......... ..........  6%  164K 25m44s
 29600K .......... .......... .......... .......... ..........  6%  216K 25m44s
 29650K .......... .......... .......... .......... ..........  6%  144K 25m47s
 29700K .......... .......... .......... .......... ..........  6%  182K 25m48s
 29750K .......... .......... .......... .......... ..........  6%  183K 25m49s
 29800K .......... .......... .......... .......... ..........  6%  190K 25m50s
 29850K .......... .......... .......... .......... ..........  6%  144K 25m52s
 29900K .......... .......... .......... .......... ..........  6%  184K 25m53s
 29950K .......... .......... .......... .......... ..........  6%  216K 25m54s
 30000K .......... .......... .......... .......... ..........  6%  215K 25m55s
 30050K .......... .......... .......... .......... ..........  6%  263K 25m55s
 30100K .......... .......... .......... .......... ..........  6%  218K 25m55s
 30150K .......... .......... .......... .......... ..........  6%  248K 25m55s
 30200K .......... .......... .......... .......... ..........  6%  266K 25m55s
 30250K .......... .......... .......... .......... ..........  6%  164K 25m57s
 30300K .......... .......... .......... .......... ..........  6%  312K 25m56s
 30350K .......... .......... .......... .......... ..........  6%  211K 25m57s
 30400K .......... .......... .......... .......... ..........  6%  217K 25m57s
 30450K .......... .......... .......... .......... ..........  6%  271K 25m57s
 30500K .......... .......... .......... .......... ..........  6%  304K 25m57s
 30550K .......... .......... .......... .......... ..........  6%  223K 25m57s
 30600K .......... .......... .......... .......... ..........  6%  149K 25m59s
 30650K .......... .......... .......... .......... ..........  6%  590K 25m58s
 30700K .......... .......... .......... .......... ..........  6%  216K 25m58s
 30750K .......... .......... .......... .......... ..........  6%  248K 25m58s
 30800K .......... .......... .......... .......... ..........  6%  257K 25m58s
 30850K .......... .......... .......... .......... ..........  6%  216K 25m59s
 30900K .......... .......... .......... .......... ..........  6%  144K 26m1s
 30950K .......... .......... .......... .......... ..........  6%  144K 26m3s
 31000K .......... .......... .......... .......... ..........  6% 86.3K 26m9s
 31050K .......... .......... .......... .......... ..........  6%  144K 26m11s
 31100K .......... .......... .......... .......... ..........  6%  144K 26m13s
 31150K .......... .......... .......... .......... ..........  6%  144K 26m15s
 31200K .......... .......... .......... .......... ..........  6%  183K 26m16s
 31250K .......... .......... .......... .......... ..........  6%  215K 26m16s
 31300K .......... .......... .......... .......... ..........  6%  195K 26m17s
 31350K .......... .......... .......... .......... ..........  6%  156K 26m19s
 31400K .......... .......... .......... .......... ..........  6%  263K 26m19s
 31450K .......... .......... .......... .......... ..........  6%  216K 26m19s
 31500K .......... .......... .......... .......... ..........  6%  273K 26m19s
 31550K .......... .......... .......... .......... ..........  6%  305K 26m19s
 31600K .......... .......... .......... .......... ..........  6%  216K 26m19s
 31650K .......... .......... .......... .......... ..........  6%  319K 26m19s
 31700K .......... .......... .......... .......... ..........  6%  263K 26m18s
 31750K .......... .......... .......... .......... ..........  6%  272K 26m18s
 31800K .......... .......... .......... .......... ..........  6%  306K 26m18s
 31850K .......... .......... .......... .......... ..........  6%  319K 26m17s
 31900K .......... .......... .......... .......... ..........  6%  351K 26m17s
 31950K .......... .......... .......... .......... ..........  6%  306K 26m16s
 32000K .......... .......... .......... .......... ..........  6%  428K 26m15s
 32050K .......... .......... .......... .......... ..........  6%  316K 26m15s
 32100K .......... .......... .......... .......... ..........  6%  427K 26m13s
 32150K .......... .......... .......... .......... ..........  6%  264K 26m13s
 32200K .......... .......... .......... .......... ..........  6%  322K 26m13s
 32250K .......... .......... .......... .......... ..........  6%  432K 26m12s
 32300K .......... .......... .......... .......... ..........  7%  429K 26m11s
 32350K .......... .......... .......... .......... ..........  7%  261K 26m11s
 32400K .......... .......... .......... .......... ..........  7%  322K 26m10s
 32450K .......... .......... .......... .......... ..........  7%  420K 26m9s
 32500K .......... .......... .......... .......... ..........  7%  220K 26m9s
 32550K .......... .......... .......... .......... ..........  7%  428K 26m8s
 32600K .......... .......... .......... .......... ..........  7%  349K 26m8s
 32650K .......... .......... .......... .......... ..........  7%  314K 26m7s
 32700K .......... .......... .......... .......... ..........  7%  416K 26m6s
 32750K .......... .......... .......... .......... ..........  7%  185K 26m7s
 32800K .......... .......... .......... .......... ..........  7% 40.1M 26m5s
 32850K .......... .......... .......... .......... ..........  7%  218K 26m5s
 32900K .......... .......... .......... .......... ..........  7%  144K 26m7s
 32950K .......... .......... .......... .......... ..........  7%  163K 26m8s
 33000K .......... .......... .......... .......... ..........  7%  180K 26m9s
 33050K .......... .......... .......... .......... ..........  7%  163K 26m11s
 33100K .......... .......... .......... .......... ..........  7%  183K 26m12s
 33150K .......... .......... .......... .......... ..........  7%  183K 26m13s
 33200K .......... .......... .......... .......... ..........  7%  193K 26m14s
 33250K .......... .......... .......... .......... ..........  7%  211K 26m14s
 33300K .......... .......... .......... .......... ..........  7%  183K 26m15s
 33350K .......... .......... .......... .......... ..........  7%  221K 26m15s
 33400K .......... .......... .......... .......... ..........  7%  265K 26m15s
 33450K .......... .......... .......... .......... ..........  7%  306K 26m15s
 33500K .......... .......... .......... .......... ..........  7%  258K 26m15s
 33550K .......... .......... .......... .......... ..........  7%  326K 26m14s
 33600K .......... .......... .......... .......... ..........  7%  263K 26m14s
 33650K .......... .......... .......... .......... ..........  7%  216K 26m15s
 33700K .......... .......... .......... .......... ..........  7%  221K 26m15s
 33750K .......... .......... .......... .......... ..........  7%  316K 26m14s
 33800K .......... .......... .......... .......... ..........  7%  211K 26m15s
 33850K .......... .......... .......... .......... ..........  7%  220K 26m15s
 33900K .......... .......... .......... .......... ..........  7%  212K 26m16s
 33950K .......... .......... .......... .......... ..........  7%  215K 26m16s
 34000K .......... .......... .......... .......... ..........  7%  144K 26m18s
 34050K .......... .......... .......... .......... ..........  7%  129K 26m20s
 34100K .......... .......... .......... .......... ..........  7%  193K 26m21s
 34150K .......... .......... .......... .......... ..........  7%  182K 26m22s
 34200K .......... .......... .......... .......... ..........  7%  216K 26m22s
 34250K .......... .......... .......... .......... ..........  7%  216K 26m23s
 34300K .......... .......... .......... .......... ..........  7%  216K 26m23s
 34350K .......... .......... .......... .......... ..........  7%  216K 26m24s
 34400K .......... .......... .......... .......... ..........  7%  312K 26m23s
 34450K .......... .......... .......... .......... ..........  7%  193K 26m24s
 34500K .......... .......... .......... .......... ..........  7%  307K 26m23s
 34550K .......... .......... .......... .......... ..........  7%  145K 26m25s
 34600K .......... .......... .......... .......... ..........  7%  685K 26m24s
 34650K .......... .......... .......... .......... ..........  7%  182K 26m24s
 34700K .......... .......... .......... .......... ..........  7%  310K 26m24s
 34750K .......... .......... .......... .......... ..........  7%  263K 26m24s
 34800K .......... .......... .......... .......... ..........  7%  183K 26m25s
 34850K .......... .......... .......... .......... ..........  7%  269K 26m25s
 34900K .......... .......... .......... .......... ..........  7%  311K 26m24s
 34950K .......... .......... .......... .......... ..........  7%  268K 26m24s
 35000K .......... .......... .......... .......... ..........  7%  419K 26m23s
 35050K .......... .......... .......... .......... ..........  7%  220K 26m23s
 35100K .......... .......... .......... .......... ..........  7%  421K 26m22s
 35150K .......... .......... .......... .......... ..........  7%  263K 26m22s
 35200K .......... .......... .......... .......... ..........  7%  248K 26m22s
 35250K .......... .......... .......... .......... ..........  7%  270K 26m22s
 35300K .......... .......... .......... .......... ..........  7%  422K 26m21s
 35350K .......... .......... .......... .......... ..........  7%  318K 26m20s
 35400K .......... .......... .......... .......... ..........  7%  269K 26m20s
 35450K .......... .......... .......... .......... ..........  7%  432K 26m19s
 35500K .......... .......... .......... .......... ..........  7%  216K 26m20s
 35550K .......... .......... .......... .......... ..........  7%  432K 26m19s
 35600K .......... .......... .......... .......... ..........  7%  216K 26m19s
 35650K .......... .......... .......... .......... ..........  7%  216K 26m19s
 35700K .......... .......... .......... .......... ..........  7%  247K 26m19s
 35750K .......... .......... .......... .......... ..........  7%  261K 26m19s
 35800K .......... .......... .......... .......... ..........  7%  166K 26m20s
 35850K .......... .......... .......... .......... ..........  7%  244K 26m20s
 35900K .......... .......... .......... .......... ..........  7%  194K 26m21s
 35950K .......... .......... .......... .......... ..........  7%  178K 26m22s
 36000K .......... .......... .......... .......... ..........  7%  217K 26m22s
 36050K .......... .......... .......... .......... ..........  7%  265K 26m22s
 36100K .......... .......... .......... .......... ..........  7%  221K 26m23s
 36150K .......... .......... .......... .......... ..........  7%  304K 26m22s
 36200K .......... .......... .......... .......... ..........  7%  220K 26m22s
 36250K .......... .......... .......... .......... ..........  7%  268K 26m22s
 36300K .......... .......... .......... .......... ..........  7%  304K 26m22s
 36350K .......... .......... .......... .......... ..........  7%  216K 26m22s
 36400K .......... .......... .......... .......... ..........  7%  274K 26m22s
 36450K .......... .......... .......... .......... ..........  7%  312K 26m21s
 36500K .......... .......... .......... .......... ..........  7%  313K 26m21s
 36550K .......... .......... .......... .......... ..........  7%  351K 26m20s
 36600K .......... .......... .......... .......... ..........  7%  311K 26m20s
 36650K .......... .......... .......... .......... ..........  7%  313K 26m19s
 36700K .......... .......... .......... .......... ..........  7%  260K 26m19s
 36750K .......... .......... .......... .......... ..........  7%  420K 26m18s
 36800K .......... .......... .......... .......... ..........  7%  322K 26m18s
 36850K .......... .......... .......... .......... ..........  7%  431K 26m17s
 36900K .......... .......... .......... .......... ..........  8%  432K 26m16s
 36950K .......... .......... .......... .......... ..........  8%  356K 26m15s
 37000K .......... .......... .......... .......... ..........  8%  305K 26m15s
 37050K .......... .......... .......... .......... ..........  8%  431K 26m14s
 37100K .......... .......... .......... .......... ..........  8%  216K 26m14s
 37150K .......... .......... .......... .......... ..........  8%  432K 26m13s
 37200K .......... .......... .......... .......... ..........  8%  419K 26m12s
 37250K .......... .......... .......... .......... ..........  8%  278K 26m12s
 37300K .......... .......... .......... .......... ..........  8%  320K 26m11s
 37350K .......... .......... .......... .......... ..........  8%  210K 26m12s
 37400K .......... .......... .......... .......... ..........  8% 10.9M 26m9s
 37450K .......... .......... .......... .......... ..........  8%  220K 26m10s
 37500K .......... .......... .......... .......... ..........  8%  216K 26m10s
 37550K .......... .......... .......... .......... ..........  8%  312K 26m10s
 37600K .......... .......... .......... .......... ..........  8%  216K 26m10s
 37650K .......... .......... .......... .......... ..........  8%  224K 26m10s
 37700K .......... .......... .......... .......... ..........  8%  209K 26m11s
 37750K .......... .......... .......... .......... ..........  8%  164K 26m12s
 37800K .......... .......... .......... .......... ..........  8%  182K 26m13s
 37850K .......... .......... .......... .......... ..........  8%  119K 26m15s
 37900K .......... .......... .......... .......... ..........  8%  213K 26m15s
 37950K .......... .......... .......... .......... ..........  8%  216K 26m16s
 38000K .......... .......... .......... .......... ..........  8%  219K 26m16s
 38050K .......... .......... .......... .......... ..........  8%  270K 26m16s
 38100K .......... .......... .......... .......... ..........  8%  243K 26m16s
 38150K .......... .......... .......... .......... ..........  8%  216K 26m16s
 38200K .......... .......... .......... .......... ..........  8%  267K 26m16s
 38250K .......... .......... .......... .......... ..........  8%  216K 26m16s
 38300K .......... .......... .......... .......... ..........  8%  216K 26m17s
 38350K .......... .......... .......... .......... ..........  8%  300K 26m16s
 38400K .......... .......... .......... .......... ..........  8%  222K 26m16s
 38450K .......... .......... .......... .......... ..........  8%  268K 26m16s
 38500K .......... .......... .......... .......... ..........  8%  248K 26m16s
 38550K .......... .......... .......... .......... ..........  8%  262K 26m16s
 38600K .......... .......... .......... .......... ..........  8%  216K 26m16s
 38650K .......... .......... .......... .......... ..........  8%  216K 26m17s
 38700K .......... .......... .......... .......... ..........  8%  216K 26m17s
 38750K .......... .......... .......... .......... ..........  8%  216K 26m17s
 38800K .......... .......... .......... .......... ..........  8%  216K 26m18s
 38850K .......... .......... .......... .......... ..........  8%  259K 26m18s
 38900K .......... .......... .......... .......... ..........  8%  324K 26m17s
 38950K .......... .......... .......... .......... ..........  8%  216K 26m17s
 39000K .......... .......... .......... .......... ..........  8%  216K 26m18s
 39050K .......... .......... .......... .......... ..........  8%  259K 26m17s
 39100K .......... .......... .......... .......... ..........  8%  325K 26m17s
 39150K .......... .......... .......... .......... ..........  8%  319K 26m16s
 39200K .......... .......... .......... .......... ..........  8%  327K 26m16s
 39250K .......... .......... .......... .......... ..........  8%  320K 26m15s
 39300K .......... .......... .......... .......... ..........  8%  432K 26m14s
 39350K .......... .......... .......... .......... ..........  8%  263K 26m14s
 39400K .......... .......... .......... .......... ..........  8%  319K 26m14s
 39450K .......... .......... .......... .......... ..........  8%  261K 26m14s
 39500K .......... .......... .......... .......... ..........  8%  319K 26m13s
 39550K .......... .......... .......... .......... ..........  8%  263K 26m13s
 39600K .......... .......... .......... .......... ..........  8%  319K 26m12s
 39650K .......... .......... .......... .......... ..........  8%  263K 26m12s
 39700K .......... .......... .......... .......... ..........  8%  328K 26m12s
 39750K .......... .......... .......... .......... ..........  8%  215K 26m12s
 39800K .......... .......... .......... .......... ..........  8%  257K 26m12s
 39850K .......... .......... .......... .......... ..........  8%  257K 26m12s
 39900K .......... .......... .......... .......... ..........  8%  258K 26m12s
 39950K .......... .......... .......... .......... ..........  8%  264K 26m12s
 40000K .......... .......... .......... .......... ..........  8%  183K 26m12s
 40050K .......... .......... .......... .......... ..........  8%  216K 26m13s
 40100K .......... .......... .......... .......... ..........  8%  220K 26m13s
 40150K .......... .......... .......... .......... ..........  8%  212K 26m13s
 40200K .......... .......... .......... .......... ..........  8%  221K 26m13s
 40250K .......... .......... .......... .......... ..........  8%  318K 26m13s
 40300K .......... .......... .......... .......... ..........  8%  257K 26m13s
 40350K .......... .......... .......... .......... ..........  8%  328K 26m12s
 40400K .......... .......... .......... .......... ..........  8%  257K 26m12s
 40450K .......... .......... .......... .......... ..........  8%  259K 26m12s
 40500K .......... .......... .......... .......... ..........  8%  325K 26m12s
 40550K .......... .......... .......... .......... ..........  8%  144K 26m13s
 40600K .......... .......... .......... .......... ..........  8%  627K 26m12s
 40650K .......... .......... .......... .......... ..........  8%  216K 26m12s
 40700K .......... .......... .......... .......... ..........  8%  260K 26m12s
 40750K .......... .......... .......... .......... ..........  8%  262K 26m12s
 40800K .......... .......... .......... .......... ..........  8%  320K 26m11s
 40850K .......... .......... .......... .......... ..........  8%  262K 26m11s
 40900K .......... .......... .......... .......... ..........  8%  219K 26m11s
 40950K .......... .......... .......... .......... ..........  8%  313K 26m11s
 41000K .......... .......... .......... .......... ..........  8%  323K 26m10s
 41050K .......... .......... .......... .......... ..........  8%  330K 26m10s
 41100K .......... .......... .......... .......... ..........  8%  165K 26m11s
 41150K .......... .......... .......... .......... ..........  8%  312K 26m10s
 41200K .......... .......... .......... .......... ..........  8%  216K 26m11s
 41250K .......... .......... .......... .......... ..........  8%  160K 26m12s
 41300K .......... .......... .......... .......... ..........  8%  131K 26m14s
 41350K .......... .......... .......... .......... ..........  8%  161K 26m15s
 41400K .......... .......... .......... .......... ..........  8%  215K 26m15s
 41450K .......... .......... .......... .......... ..........  8%  188K 26m16s
 41500K .......... .......... .......... .......... ..........  8%  254K 26m15s
 41550K .......... .......... .......... .......... ..........  9%  216K 26m16s
 41600K .......... .......... .......... .......... ..........  9%  186K 26m16s
 41650K .......... .......... .......... .......... ..........  9%  217K 26m17s
 41700K .......... .......... .......... .......... ..........  9%  144K 26m18s
 41750K .......... .......... .......... .......... ..........  9%  252K 26m18s
 41800K .......... .......... .......... .......... ..........  9%  153K 26m19s
 41850K .......... .......... .......... .......... ..........  9%  294K 26m19s
 41900K .......... .......... .......... .......... ..........  9%  171K 26m20s
 41950K .......... .......... .......... .......... ..........  9%  199K 26m20s
 42000K .......... .......... .......... .......... ..........  9%  214K 26m20s
 42050K .......... .......... .......... .......... ..........  9%  152K 26m21s
 42100K .......... .......... .......... .......... ..........  9%  219K 26m22s
 42150K .......... .......... .......... .......... ..........  9%  237K 26m22s
 42200K .......... .......... .......... .......... ..........  9%  262K 26m22s
 42250K .......... .......... .......... .......... ..........  9%  255K 26m21s
 42300K .......... .......... .......... .......... ..........  9%  261K 26m21s
 42350K .......... .......... .......... .......... ..........  9%  317K 26m21s
 42400K .......... .......... .......... .......... ..........  9%  264K 26m21s
 42450K .......... .......... .......... .......... ..........  9%  263K 26m20s
 42500K .......... .......... .......... .......... ..........  9%  284K 26m20s
 42550K .......... .......... .......... .......... ..........  9%  293K 26m20s
 42600K .......... .......... .......... .......... ..........  9%  430K 26m19s
 42650K .......... .......... .......... .......... ..........  9%  320K 26m18s
 42700K .......... .......... .......... .......... ..........  9%  321K 26m18s
 42750K .......... .......... .......... .......... ..........  9%  334K 26m17s
 42800K .......... .......... .......... .......... ..........  9%  271K 26m17s
 42850K .......... .......... .......... .......... ..........  9%  392K 26m16s
 42900K .......... .......... .......... .......... ..........  9%  431K 26m15s
 42950K .......... .......... .......... .......... ..........  9%  423K 26m15s
 43000K .......... .......... .......... .......... ..........  9%  338K 26m14s
 43050K .......... .......... .......... .......... ..........  9%  432K 26m13s
 43100K .......... .......... .......... .......... ..........  9%  432K 26m12s
 43150K .......... .......... .......... .......... ..........  9%  431K 26m11s
 43200K .......... .......... .......... .......... ..........  9%  316K 26m11s
 43250K .......... .......... .......... .......... ..........  9%  435K 26m10s
 43300K .......... .......... .......... .......... ..........  9%  436K 26m9s
 43350K .......... .......... .......... .......... ..........  9%  432K 26m8s
 43400K .......... .......... .......... .......... ..........  9%  432K 26m7s
 43450K .......... .......... .......... .......... ..........  9%  661K 26m6s
 43500K .......... .......... .......... .......... ..........  9%  432K 26m5s
 43550K .......... .......... .......... .......... ..........  9%  432K 26m4s
 43600K .......... .......... .......... .......... ..........  9%  431K 26m3s
 43650K .......... .......... .......... .......... ..........  9%  433K 26m3s
 43700K .......... .......... .......... .......... ..........  9%  434K 26m2s
 43750K .......... .......... .......... .......... ..........  9%  595K 26m1s
 43800K .......... .......... .......... .......... ..........  9%  443K 26m0s
 43850K .......... .......... .......... .......... ..........  9%  665K 25m58s
 43900K .......... .......... .......... .......... ..........  9%  259K 25m58s
 43950K .......... .......... .......... .......... ..........  9%  441K 25m57s
 44000K .......... .......... .......... .......... ..........  9% 1.16M 25m56s
 44050K .......... .......... .......... .......... ..........  9%  424K 25m55s
 44100K .......... .......... .......... .......... ..........  9%  321K 25m54s
 44150K .......... .......... .......... .......... ..........  9%  333K 25m54s
 44200K .......... .......... .......... .......... ..........  9%  321K 25m53s
 44250K .......... .......... .......... .......... ..........  9%  319K 25m53s
 44300K .......... .......... .......... .......... ..........  9%  334K 25m53s
 44350K .......... .......... .......... .......... ..........  9%  318K 25m52s
 44400K .......... .......... .......... .......... ..........  9%  321K 25m52s
 44450K .......... .......... .......... .......... ..........  9%  420K 25m51s
 44500K .......... .......... .......... .......... ..........  9%  340K 25m50s
 44550K .......... .......... .......... .......... ..........  9%  432K 25m49s
 44600K .......... .......... .......... .......... ..........  9%  184K 25m50s
 44650K .......... .......... .......... .......... ..........  9% 1.19M 25m48s
 44700K .......... .......... .......... .......... ..........  9%  263K 25m48s
 44750K .......... .......... .......... .......... ..........  9%  216K 25m49s
 44800K .......... .......... .......... .......... ..........  9%  319K 25m48s
 44850K .......... .......... .......... .......... ..........  9%  332K 25m48s
 44900K .......... .......... .......... .......... ..........  9%  432K 25m47s
 44950K .......... .......... .......... .......... ..........  9%  321K 25m46s
 45000K .......... .......... .......... .......... ..........  9%  432K 25m45s
 45050K .......... .......... .......... .......... ..........  9%  432K 25m45s
 45100K .......... .......... .......... .......... ..........  9%  216K 25m45s
 45150K .......... .......... .......... .......... ..........  9%  432K 25m44s
 45200K .......... .......... .......... .......... ..........  9%  432K 25m43s
 45250K .......... .......... .......... .......... ..........  9%  216K 25m43s
 45300K .......... .......... .......... .......... ..........  9%  258K 25m43s
 45350K .......... .......... .......... .......... ..........  9%  432K 25m43s
 45400K .......... .......... .......... .......... ..........  9%  185K 25m43s
 45450K .......... .......... .......... .......... ..........  9%  216K 25m43s
 45500K .......... .......... .......... .......... ..........  9%  144K 25m45s
 45550K .......... .......... .......... .......... ..........  9%  216K 25m45s
 45600K .......... .......... .......... .......... ..........  9%  260K 25m45s
 45650K .......... .......... .......... .......... ..........  9%  252K 25m45s
 45700K .......... .......... .......... .......... ..........  9%  266K 25m45s
 45750K .......... .......... .......... .......... ..........  9%  314K 25m44s
 45800K .......... .......... .......... .......... ..........  9%  216K 25m44s
 45850K .......... .......... .......... .......... ..........  9%  216K 25m45s
 45900K .......... .......... .......... .......... ..........  9%  432K 25m44s
 45950K .......... .......... .......... .......... ..........  9%  265K 25m44s
 46000K .......... .......... .......... .......... ..........  9%  315K 25m43s
 46050K .......... .......... .......... .......... ..........  9%  216K 25m43s
 46100K .......... .......... .......... .......... ..........  9%  218K 25m44s
 46150K .......... .......... .......... .......... .......... 10%  214K 25m44s
 46200K .......... .......... .......... .......... .......... 10%  432K 25m43s
 46250K .......... .......... .......... .......... .......... 10%  143K 25m44s
 46300K .......... .......... .......... .......... .......... 10%  216K 25m45s
 46350K .......... .......... .......... .......... .......... 10%  189K 25m45s
 46400K .......... .......... .......... .......... .......... 10%  216K 25m45s
 46450K .......... .......... .......... .......... .......... 10%  216K 25m45s
 46500K .......... .......... .......... .......... .......... 10%  216K 25m46s
 46550K .......... .......... .......... .......... .......... 10%  216K 25m46s
 46600K .......... .......... .......... .......... .......... 10%  216K 25m46s
 46650K .......... .......... .......... .......... .......... 10%  184K 25m47s
 46700K .......... .......... .......... .......... .......... 10%  262K 25m47s
 46750K .......... .......... .......... .......... .......... 10%  216K 25m47s
 46800K .......... .......... .......... .......... .......... 10%  215K 25m47s
 46850K .......... .......... .......... .......... .......... 10%  145K 25m48s
 46900K .......... .......... .......... .......... .......... 10%  213K 25m48s
 46950K .......... .......... .......... .......... .......... 10%  160K 25m49s
 47000K .......... .......... .......... .......... .......... 10%  119K 25m51s
 47050K .......... .......... .......... .......... .......... 10%  118K 25m53s
 47100K .......... .......... .......... .......... .......... 10%  160K 25m54s
 47150K .......... .......... .......... .......... .......... 10%  164K 25m55s
 47200K .......... .......... .......... .......... .......... 10%  163K 25m56s
 47250K .......... .......... .......... .......... .......... 10%  185K 25m56s
 47300K .......... .......... .......... .......... .......... 10%  183K 25m57s
 47350K .......... .......... .......... .......... .......... 10%  216K 25m57s
 47400K .......... .......... .......... .......... .......... 10%  164K 25m58s
 47450K .......... .......... .......... .......... .......... 10%  215K 25m58s
 47500K .......... .......... .......... .......... .......... 10%  317K 25m58s
 47550K .......... .......... .......... .......... .......... 10%  217K 25m58s
 47600K .......... .......... .......... .......... .......... 10%  261K 25m58s
 47650K .......... .......... .......... .......... .......... 10%  320K 25m57s
 47700K .......... .......... .......... .......... .......... 10%  262K 25m57s
 47750K .......... .......... .......... .......... .......... 10%  320K 25m57s
 47800K .......... .......... .......... .......... .......... 10%  261K 25m56s
 47850K .......... .......... .......... .......... .......... 10%  319K 25m56s
 47900K .......... .......... .......... .......... .......... 10%  263K 25m56s
 47950K .......... .......... .......... .......... .......... 10%  431K 25m55s
 48000K .......... .......... .......... .......... .......... 10%  318K 25m55s
 48050K .......... .......... .......... .......... .......... 10%  432K 25m54s
 48100K .......... .......... .......... .......... .......... 10%  336K 25m53s
 48150K .......... .......... .......... .......... .......... 10%  319K 25m53s
 48200K .......... .......... .......... .......... .......... 10%  318K 25m52s
 48250K .......... .......... .......... .......... .......... 10%  432K 25m51s
 48300K .......... .......... .......... .......... .......... 10%  216K 25m52s
 48350K .......... .......... .......... .......... .......... 10%  667K 25m51s
 48400K .......... .......... .......... .......... .......... 10%  319K 25m50s
 48450K .......... .......... .......... .......... .......... 10%  334K 25m50s
 48500K .......... .......... .......... .......... .......... 10%  184K 25m50s
 48550K .......... .......... .......... .......... .......... 10%  317K 25m50s
 48600K .......... .......... .......... .......... .......... 10%  216K 25m50s
 48650K .......... .......... .......... .......... .......... 10%  264K 25m50s
 48700K .......... .......... .......... .......... .......... 10%  317K 25m49s
 48750K .......... .......... .......... .......... .......... 10%  216K 25m49s
 48800K .......... .......... .......... .......... .......... 10%  187K 25m50s
 48850K .......... .......... .......... .......... .......... 10%  144K 25m51s
 48900K .......... .......... .......... .......... .......... 10%  117K 25m53s
 48950K .......... .......... .......... .......... .......... 10%  164K 25m54s
 49000K .......... .......... .......... .......... .......... 10%  216K 25m54s
 49050K .......... .......... .......... .......... .......... 10%  216K 25m54s
 49100K .......... .......... .......... .......... .......... 10%  216K 25m54s
 49150K .......... .......... .......... .......... .......... 10%  216K 25m54s
 49200K .......... .......... .......... .......... .......... 10%  258K 25m54s
 49250K .......... .......... .......... .......... .......... 10%  258K 25m54s
 49300K .......... .......... .......... .......... .......... 10%  186K 25m55s
 49350K .......... .......... .......... .......... .......... 10%  326K 25m54s
 49400K .......... .......... .......... .......... .......... 10%  259K 25m54s
 49450K .......... .......... .......... .......... .......... 10%  325K 25m53s
 49500K .......... .......... .......... .......... .......... 10%  321K 25m53s
 49550K .......... .......... .......... .......... .......... 10%  326K 25m53s
 49600K .......... .......... .......... .......... .......... 10%  325K 25m52s
 49650K .......... .......... .......... .......... .......... 10%  321K 25m52s
 49700K .......... .......... .......... .......... .......... 10%  261K 25m51s
 49750K .......... .......... .......... .......... .......... 10%  321K 25m51s
 49800K .......... .......... .......... .......... .......... 10%  432K 25m50s
 49850K .......... .......... .......... .......... .......... 10%  185K 25m51s
 49900K .......... .......... .......... .......... .......... 10%  649K 25m50s
 49950K .......... .......... .......... .......... .......... 10%  259K 25m49s
 50000K .......... .......... .......... .......... .......... 10%  432K 25m49s
 50050K .......... .......... .......... .......... .......... 10%  216K 25m49s
 50100K .......... .......... .......... .......... .......... 10%  321K 25m48s
 50150K .......... .......... .......... .......... .......... 10%  435K 25m48s
 50200K .......... .......... .......... .......... .......... 10%  260K 25m47s
 50250K .......... .......... .......... .......... .......... 10%  432K 25m47s
 50300K .......... .......... .......... .......... .......... 10%  432K 25m46s
 50350K .......... .......... .......... .......... .......... 10%  323K 25m45s
 50400K .......... .......... .......... .......... .......... 10%  431K 25m45s
 50450K .......... .......... .......... .......... .......... 10%  261K 25m44s
 50500K .......... .......... .......... .......... .......... 10%  432K 25m44s
 50550K .......... .......... .......... .......... .......... 10%  322K 25m43s
 50600K .......... .......... .......... .......... .......... 10%  324K 25m43s
 50650K .......... .......... .......... .......... .......... 10%  327K 25m42s
 50700K .......... .......... .......... .......... .......... 10%  432K 25m42s
 50750K .......... .......... .......... .......... .......... 11%  432K 25m41s
 50800K .......... .......... .......... .......... .......... 11%  432K 25m40s
 50850K .......... .......... .......... .......... .......... 11%  322K 25m40s
 50900K .......... .......... .......... .......... .......... 11%  261K 25m39s
 50950K .......... .......... .......... .......... .......... 11%  319K 25m39s
 51000K .......... .......... .......... .......... .......... 11%  261K 25m39s
 51050K .......... .......... .......... .......... .......... 11%  217K 25m39s
 51100K .......... .......... .......... .......... .......... 11%  215K 25m39s
 51150K .......... .......... .......... .......... .......... 11%  320K 25m39s
 51200K .......... .......... .......... .......... .......... 11%  163K 25m40s
 51250K .......... .......... .......... .......... .......... 11%  316K 25m39s
 51300K .......... .......... .......... .......... .......... 11%  166K 25m40s
 51350K .......... .......... .......... .......... .......... 11%  308K 25m39s
 51400K .......... .......... .......... .......... .......... 11%  216K 25m40s
 51450K .......... .......... .......... .......... .......... 11%  215K 25m40s
 51500K .......... .......... .......... .......... .......... 11%  165K 25m40s
 51550K .......... .......... .......... .......... .......... 11%  182K 25m41s
 51600K .......... .......... .......... .......... .......... 11%  144K 25m42s
 51650K .......... .......... .......... .......... .......... 11%  144K 25m43s
 51700K .......... .......... .......... .......... .......... 11%  216K 25m43s
 51750K .......... .......... .......... .......... .......... 11%  163K 25m44s
 51800K .......... .......... .......... .......... .......... 11%  184K 25m44s
 51850K .......... .......... .......... .......... .......... 11%  213K 25m45s
 51900K .......... .......... .......... .......... .......... 11%  143K 25m46s
 51950K .......... .......... .......... .......... .......... 11%  144K 25m47s
 52000K .......... .......... .......... .......... .......... 11%  216K 25m47s
 52050K .......... .......... .......... .......... .......... 11%  165K 25m48s
 52100K .......... .......... .......... .......... .......... 11%  216K 25m48s
 52150K .......... .......... .......... .......... .......... 11%  184K 25m48s
 52200K .......... .......... .......... .......... .......... 11%  181K 25m49s
 52250K .......... .......... .......... .......... .......... 11%  164K 25m49s
 52300K .......... .......... .......... .......... .......... 11%  149K 25m50s
 52350K .......... .......... .......... .......... .......... 11%  105K 25m52s
 52400K .......... .......... .......... .......... .......... 11%  119K 25m54s
 52450K .......... .......... .......... .......... .......... 11%  158K 25m55s
 52500K .......... .......... .......... .......... .......... 11% 61.7K 26m0s
 52550K .......... .......... .......... .......... .......... 11% 64.7K 26m4s
 52600K .......... .......... .......... .......... .......... 11% 55.4K 26m9s
 52650K .......... .......... .......... .......... .......... 11% 86.4K 26m12s
 52700K .......... .......... .......... .......... .......... 11%  108K 26m14s
 52750K .......... .......... .......... .......... .......... 11% 72.1K 26m18s
 52800K .......... .......... .......... .......... .......... 11%  135K 26m19s
 52850K .......... .......... .......... .......... .......... 11%  126K 26m20s
 52900K .......... .......... .......... .......... .......... 11%  144K 26m21s
 52950K .......... .......... .......... .......... .......... 11%  166K 26m22s
 53000K .......... .......... .......... .......... .......... 11%  177K 26m22s
 53050K .......... .......... .......... .......... .......... 11%  216K 26m22s
 53100K .......... .......... .......... .......... .......... 11%  144K 26m23s
 53150K .......... .......... .......... .......... .......... 11%  216K 26m23s
 53200K .......... .......... .......... .......... .......... 11%  277K 26m23s
 53250K .......... .......... .......... .......... .......... 11%  216K 26m23s
 53300K .......... .......... .......... .......... .......... 11%  300K 26m23s
 53350K .......... .......... .......... .......... .......... 11%  277K 26m23s
 53400K .......... .......... .......... .......... .......... 11%  300K 26m22s
 53450K .......... .......... .......... .......... .......... 11%  215K 26m22s
 53500K .......... .......... .......... .......... .......... 11%  183K 26m23s
 53550K .......... .......... .......... .......... .......... 11%  264K 26m22s
 53600K .......... .......... .......... .......... .......... 11%  216K 26m23s
 53650K .......... .......... .......... .......... .......... 11%  317K 26m22s
 53700K .......... .......... .......... .......... .......... 11%  264K 26m22s
 53750K .......... .......... .......... .......... .......... 11%  277K 26m22s
 53800K .......... .......... .......... .......... .......... 11%  297K 26m21s
 53850K .......... .......... .......... .......... .......... 11%  217K 26m21s
 53900K .......... .......... .......... .......... .......... 11%  182K 26m22s
 53950K .......... .......... .......... .......... .......... 11%  216K 26m22s
 54000K .......... .......... .......... .......... .......... 11%  217K 26m22s
 54050K .......... .......... .......... .......... .......... 11%  215K 26m22s
 54100K .......... .......... .......... .......... .......... 11%  215K 26m22s
 54150K .......... .......... .......... .......... .......... 11%  216K 26m22s
 54200K .......... .......... .......... .......... .......... 11%  135K 26m23s
 54250K .......... .......... .......... .......... .......... 11%  154K 26m24s
 54300K .......... .......... .......... .......... .......... 11%  170K 26m25s
 54350K .......... .......... .......... .......... .......... 11%  176K 26m25s
 54400K .......... .......... .......... .......... .......... 11%  103K 26m27s
 54450K .......... .......... .......... .......... .......... 11%  144K 26m28s
 54500K .......... .......... .......... .......... .......... 11%  114K 26m30s
 54550K .......... .......... .......... .......... .......... 11%  169K 26m30s
 54600K .......... .......... .......... .......... .......... 11%  163K 26m31s
 54650K .......... .......... .......... .......... .......... 11% 99.1K 26m33s
 54700K .......... .......... .......... .......... .......... 11%  144K 26m34s
 54750K .......... .......... .......... .......... .......... 11%  118K 26m35s
 54800K .......... .......... .......... .......... .......... 11%  144K 26m36s
 54850K .......... .......... .......... .......... .......... 11%  158K 26m37s
 54900K .......... .......... .......... .......... .......... 11%  191K 26m37s
 54950K .......... .......... .......... .......... .......... 11%  185K 26m38s
 55000K .......... .......... .......... .......... .......... 11%  216K 26m38s
 55050K .......... .......... .......... .......... .......... 11%  163K 26m38s
 55100K .......... .......... .......... .......... .......... 11%  216K 26m38s
 55150K .......... .......... .......... .......... .......... 11%  249K 26m38s
 55200K .......... .......... .......... .......... .......... 11%  269K 26m38s
 55250K .......... .......... .......... .......... .......... 11%  260K 26m38s
 55300K .......... .......... .......... .......... .......... 11%  323K 26m37s
 55350K .......... .......... .......... .......... .......... 11%  260K 26m37s
 55400K .......... .......... .......... .......... .......... 12%  215K 26m37s
 55450K .......... .......... .......... .......... .......... 12%  185K 26m37s
 55500K .......... .......... .......... .......... .......... 12%  261K 26m37s
 55550K .......... .......... .......... .......... .......... 12%  247K 26m37s
 55600K .......... .......... .......... .......... .......... 12%  270K 26m37s
 55650K .......... .......... .......... .......... .......... 12%  260K 26m36s
 55700K .......... .......... .......... .......... .......... 12%  249K 26m36s
 55750K .......... .......... .......... .......... .......... 12%  342K 26m36s
 55800K .......... .......... .......... .......... .......... 12%  216K 26m36s
 55850K .......... .......... .......... .......... .......... 12%  249K 26m36s
 55900K .......... .......... .......... .......... .......... 12%  341K 26m35s
 55950K .......... .......... .......... .......... .......... 12%  216K 26m35s
 56000K .......... .......... .......... .......... .......... 12%  216K 26m35s
 56050K .......... .......... .......... .......... .......... 12%  216K 26m35s
 56100K .......... .......... .......... .......... .......... 12%  215K 26m35s
 56150K .......... .......... .......... .......... .......... 12%  144K 26m36s
 56200K .......... .......... .......... .......... .......... 12%  216K 26m36s
 56250K .......... .......... .......... .......... .......... 12%  216K 26m36s
 56300K .......... .......... .......... .......... .......... 12%  215K 26m36s
 56350K .......... .......... .......... .......... .......... 12%  217K 26m36s
 56400K .......... .......... .......... .......... .......... 12%  247K 26m36s
 56450K .......... .......... .......... .......... .......... 12%  269K 26m36s
 56500K .......... .......... .......... .......... .......... 12%  180K 26m36s
 56550K .......... .......... .......... .......... .......... 12%  144K 26m37s
 56600K .......... .......... .......... .......... .......... 12%  144K 26m38s
 56650K .......... .......... .......... .......... .......... 12%  144K 26m39s
 56700K .......... .......... .......... .......... .......... 12%  165K 26m40s
 56750K .......... .......... .......... .......... .......... 12%  181K 26m40s
 56800K .......... .......... .......... .......... .......... 12%  144K 26m41s
 56850K .......... .......... .......... .......... .......... 12%  216K 26m41s
 56900K .......... .......... .......... .......... .......... 12%  165K 26m41s
 56950K .......... .......... .......... .......... .......... 12%  144K 26m42s
 57000K .......... .......... .......... .......... .......... 12%  216K 26m42s
 57050K .......... .......... .......... .......... .......... 12%  182K 26m43s
 57100K .......... .......... .......... .......... .......... 12%  216K 26m43s
 57150K .......... .......... .......... .......... .......... 12%  216K 26m43s
 57200K .......... .......... .......... .......... .......... 12%  265K 26m42s
 57250K .......... .......... .......... .......... .......... 12%  216K 26m42s
 57300K .......... .......... .......... .......... .......... 12%  144K 26m43s
 57350K .......... .......... .......... .......... .......... 12%  144K 26m44s
 57400K .......... .......... .......... .......... .......... 12%  108K 26m46s
 57450K .......... .......... .......... .......... .......... 12%  108K 26m47s
 57500K .......... .......... .......... .......... .......... 12%  144K 26m48s
 57550K .......... .......... .......... .......... .......... 12%  144K 26m49s
 57600K .......... .......... .......... .......... .......... 12%  163K 26m50s
 57650K .......... .......... .......... .......... .......... 12%  184K 26m50s
 57700K .......... .......... .......... .......... .......... 12%  163K 26m51s
 57750K .......... .......... .......... .......... .......... 12%  216K 26m51s
 57800K .......... .......... .......... .......... .......... 12%  254K 26m50s
 57850K .......... .......... .......... .......... .......... 12%  216K 26m50s
 57900K .......... .......... .......... .......... .......... 12%  261K 26m50s
 57950K .......... .......... .......... .......... .......... 12%  321K 26m50s
 58000K .......... .......... .......... .......... .......... 12%  261K 26m49s
 58050K .......... .......... .......... .......... .......... 12%  262K 26m49s
 58100K .......... .......... .......... .......... .......... 12%  255K 26m49s
 58150K .......... .......... .......... .......... .......... 12%  261K 26m49s
 58200K .......... .......... .......... .......... .......... 12%  321K 26m48s
 58250K .......... .......... .......... .......... .......... 12%  332K 26m48s
 58300K .......... .......... .......... .......... .......... 12%  320K 26m47s
 58350K .......... .......... .......... .......... .......... 12%  321K 26m47s
 58400K .......... .......... .......... .......... .......... 12%  431K 26m46s
 58450K .......... .......... .......... .......... .......... 12%  187K 26m46s
 58500K .......... .......... .......... .......... .......... 12%  256K 26m46s
 58550K .......... .......... .......... .......... .......... 12%  330K 26m45s
 58600K .......... .......... .......... .......... .......... 12%  256K 26m45s
 58650K .......... .......... .......... .......... .......... 12%  216K 26m45s
 58700K .......... .......... .......... .......... .......... 12%  432K 26m44s
 58750K .......... .......... .......... .......... .......... 12%  186K 26m45s
 58800K .......... .......... .......... .......... .......... 12%  184K 26m45s
 58850K .......... .......... .......... .......... .......... 12% 99.2K 26m47s
 58900K .......... .......... .......... .......... .......... 12%  144K 26m48s
 58950K .......... .......... .......... .......... .......... 12%  144K 26m49s
 59000K .......... .......... .......... .......... .......... 12%  186K 26m49s
 59050K .......... .......... .......... .......... .......... 12%  185K 26m49s
 59100K .......... .......... .......... .......... .......... 12%  216K 26m49s
 59150K .......... .......... .......... .......... .......... 12%  216K 26m49s
 59200K .......... .......... .......... .......... .......... 12%  162K 26m50s
 59250K .......... .......... .......... .......... .......... 12%  216K 26m50s
 59300K .......... .......... .......... .......... .......... 12%  216K 26m50s
 59350K .......... .......... .......... .......... .......... 12%  216K 26m50s
 59400K .......... .......... .......... .......... .......... 12%  216K 26m50s
 59450K .......... .......... .......... .......... .......... 12%  216K 26m50s
 59500K .......... .......... .......... .......... .......... 12%  215K 26m50s
 59550K .......... .......... .......... .......... .......... 12%  247K 26m50s
 59600K .......... .......... .......... .......... .......... 12%  130K 26m51s
 59650K .......... .......... .......... .......... .......... 12%  122K 26m52s
 59700K .......... .......... .......... .......... .......... 12% 97.1K 26m54s
 59750K .......... .......... .......... .......... .......... 12%  129K 26m55s
 59800K .......... .......... .......... .......... .......... 12%  110K 26m56s
 59850K .......... .......... .......... .......... .......... 12% 80.6K 26m59s
 59900K .......... .......... .......... .......... .......... 12% 66.9K 27m2s
 59950K .......... .......... .......... .......... .......... 12% 86.4K 27m5s
 60000K .......... .......... .......... .......... .......... 13% 57.1K 27m9s
 60050K .......... .......... .......... .......... .......... 13% 55.7K 27m13s
 60100K .......... .......... .......... .......... .......... 13% 60.7K 27m17s
 60150K .......... .......... .......... .......... .......... 13% 78.4K 27m20s
 60200K .......... .......... .......... .......... .......... 13%  108K 27m22s
 60250K .......... .......... .......... .......... .......... 13%  122K 27m23s
 60300K .......... .......... .......... .......... .......... 13% 87.1K 27m25s
 60350K .......... .......... .......... .......... .......... 13% 66.2K 27m28s
 60400K .......... .......... .......... .......... .......... 13%  120K 27m30s
 60450K .......... .......... .......... .......... .......... 13%  108K 27m31s
 60500K .......... .......... .......... .......... .......... 13%  127K 27m32s
 60550K .......... .......... .......... .......... .......... 13%  144K 27m33s
 60600K .......... .......... .......... .......... .......... 13%  108K 27m34s
 60650K .......... .......... .......... .......... .......... 13%  120K 27m36s
 60700K .......... .......... .......... .......... .......... 13%  144K 27m36s
 60750K .......... .......... .......... .......... .......... 13%  127K 27m37s
 60800K .......... .......... .......... .......... .......... 13%  165K 27m38s
 60850K .......... .......... .......... .......... .......... 13%  144K 27m38s
 60900K .......... .......... .......... .......... .......... 13%  182K 27m39s
 60950K .......... .......... .......... .......... .......... 13%  127K 27m40s
 61000K .......... .......... .......... .......... .......... 13%  132K 27m41s
 61050K .......... .......... .......... .......... .......... 13%  118K 27m42s
 61100K .......... .......... .......... .......... .......... 13% 99.7K 27m44s
 61150K .......... .......... .......... .......... .......... 13% 48.0K 27m49s
 61200K .......... .......... .......... .......... .......... 13% 40.1K 27m55s
 61250K .......... .......... .......... .......... .......... 13% 48.0K 28m1s
 61300K .......... .......... .......... .......... .......... 13% 61.7K 28m4s
 61350K .......... .......... .......... .......... .......... 13% 72.0K 28m7s
 61400K .......... .......... .......... .......... .......... 13% 80.9K 28m10s
 61450K .......... .......... .......... .......... .......... 13% 79.3K 28m12s
 61500K .......... .......... .......... .......... .......... 13% 71.9K 28m15s
 61550K .......... .......... .......... .......... .......... 13%  122K 28m16s
 61600K .......... .......... .......... .......... .......... 13%  144K 28m17s
 61650K .......... .......... .......... .......... .......... 13%  164K 28m17s
 61700K .......... .......... .......... .......... .......... 13%  183K 28m18s
 61750K .......... .......... .......... .......... .......... 13%  180K 28m18s
 61800K .......... .......... .......... .......... .......... 13%  211K 28m18s
 61850K .......... .......... .......... .......... .......... 13%  216K 28m18s
 61900K .......... .......... .......... .......... .......... 13%  170K 28m18s
 61950K .......... .......... .......... .......... .......... 13%  216K 28m18s
 62000K .......... .......... .......... .......... .......... 13%  298K 28m17s
 62050K .......... .......... .......... .......... .......... 13%  169K 28m18s
 62100K .......... .......... .......... .......... .......... 13%  307K 28m17s
 62150K .......... .......... .......... .......... .......... 13%  166K 28m17s
 62200K .......... .......... .......... .......... .......... 13%  126K 28m18s
 62250K .......... .......... .......... .......... .......... 13%  108K 28m20s
 62300K .......... .......... .......... .......... .......... 13% 86.4K 28m22s
 62350K .......... .......... .......... .......... .......... 13%  108K 28m23s
 62400K .......... .......... .......... .......... .......... 13%  144K 28m24s
 62450K .......... .......... .......... .......... .......... 13%  144K 28m25s
 62500K .......... .......... .......... .......... .......... 13%  144K 28m25s
 62550K .......... .......... .......... .......... .......... 13%  184K 28m25s
 62600K .......... .......... .......... .......... .......... 13%  194K 28m25s
 62650K .......... .......... .......... .......... .......... 13%  178K 28m26s
 62700K .......... .......... .......... .......... .......... 13%  216K 28m26s
 62750K .......... .......... .......... .......... .......... 13%  216K 28m25s
 62800K .......... .......... .......... .......... .......... 13%  215K 28m25s
 62850K .......... .......... .......... .......... .......... 13%  308K 28m25s
 62900K .......... .......... .......... .......... .......... 13%  270K 28m24s
 62950K .......... .......... .......... .......... .......... 13%  276K 28m24s
 63000K .......... .......... .......... .......... .......... 13%  301K 28m24s
 63050K .......... .......... .......... .......... .......... 13%  216K 28m23s
 63100K .......... .......... .......... .......... .......... 13%  320K 28m23s
 63150K .......... .......... .......... .......... .......... 13%  263K 28m22s
 63200K .......... .......... .......... .......... .......... 13%  431K 28m22s
 63250K .......... .......... .......... .......... .......... 13%  320K 28m21s
 63300K .......... .......... .......... .......... .......... 13%  431K 28m20s
 63350K .......... .......... .......... .......... .......... 13%  263K 28m20s
 63400K .......... .......... .......... .......... .......... 13%  216K 28m20s
 63450K .......... .......... .......... .......... .......... 13%  432K 28m19s
 63500K .......... .......... .......... .......... .......... 13%  318K 28m18s
 63550K .......... .......... .......... .......... .......... 13%  263K 28m18s
 63600K .......... .......... .......... .......... .......... 13%  432K 28m17s
 63650K .......... .......... .......... .......... .......... 13%  168K 28m18s
 63700K .......... .......... .......... .......... .......... 13%  997K 28m16s
 63750K .......... .......... .......... .......... .......... 13%  216K 28m16s
 63800K .......... .......... .......... .......... .......... 13%  216K 28m16s
 63850K .......... .......... .......... .......... .......... 13%  214K 28m16s
 63900K .......... .......... .......... .......... .......... 13%  253K 28m16s
 63950K .......... .......... .......... .......... .......... 13%  324K 28m15s
 64000K .......... .......... .......... .......... .......... 13%  223K 28m15s
 64050K .......... .......... .......... .......... .......... 13%  209K 28m15s
 64100K .......... .......... .......... .......... .......... 13%  224K 28m15s
 64150K .......... .......... .......... .......... .......... 13%  311K 28m14s
 64200K .......... .......... .......... .......... .......... 13%  166K 28m15s
 64250K .......... .......... .......... .......... .......... 13%  310K 28m14s
 64300K .......... .......... .......... .......... .......... 13%  268K 28m14s
 64350K .......... .......... .......... .......... .......... 13%  311K 28m13s
 64400K .......... .......... .......... .......... .......... 13%  269K 28m13s
 64450K .......... .......... .......... .......... .......... 13%  215K 28m13s
 64500K .......... .......... .......... .......... .......... 13%  310K 28m12s
 64550K .......... .......... .......... .......... .......... 13%  129K 28m13s
 64600K .......... .......... .......... .......... .......... 14%  162K 28m13s
 64650K .......... .......... .......... .......... .......... 14%  108K 28m15s
 64700K .......... .......... .......... .......... .......... 14%  115K 28m16s
 64750K .......... .......... .......... .......... .......... 14%  102K 28m17s
 64800K .......... .......... .......... .......... .......... 14% 90.9K 28m19s
 64850K .......... .......... .......... .......... .......... 14% 82.2K 28m21s
 64900K .......... .......... .......... .......... .......... 14% 56.6K 28m25s
 64950K .......... .......... .......... .......... .......... 14% 39.3K 28m31s
 65000K .......... .......... .......... .......... .......... 14% 68.9K 28m34s
 65050K .......... .......... .......... .......... .......... 14%  116K 28m35s
 65100K .......... .......... .......... .......... .......... 14% 82.0K 28m38s
 65150K .......... .......... .......... .......... .......... 14%  106K 28m39s
 65200K .......... .......... .......... .......... .......... 14% 98.7K 28m41s
 65250K .......... .......... .......... .......... .......... 14%  133K 28m41s
 65300K .......... .......... .......... .......... .......... 14%  144K 28m42s
 65350K .......... .......... .......... .......... .......... 14%  115K 28m43s
 65400K .......... .......... .......... .......... .......... 14%  201K 28m43s
 65450K .......... .......... .......... .......... .......... 14%  175K 28m43s
 65500K .......... .......... .......... .......... .......... 14%  144K 28m44s
 65550K .......... .......... .......... .......... .......... 14%  144K 28m44s
 65600K .......... .......... .......... .......... .......... 14%  143K 28m45s
 65650K .......... .......... .......... .......... .......... 14%  144K 28m45s
 65700K .......... .......... .......... .......... .......... 14% 68.8K 28m48s
 65750K .......... .......... .......... .......... .......... 14% 64.2K 28m51s
 65800K .......... .......... .......... .......... .......... 14% 66.3K 28m54s
 65850K .......... .......... .......... .......... .......... 14% 66.5K 28m57s
 65900K .......... .......... .......... .......... .......... 14% 72.1K 29m0s
 65950K .......... .......... .......... .......... .......... 14% 66.2K 29m3s
 66000K .......... .......... .......... .......... .......... 14% 72.0K 29m6s
 66050K .......... .......... .......... .......... .......... 14%  110K 29m7s
 66100K .......... .......... .......... .......... .......... 14% 79.4K 29m9s
 66150K .......... .......... .......... .......... .......... 14%  126K 29m10s
 66200K .......... .......... .......... .......... .......... 14%  148K 29m10s
 66250K .......... .......... .......... .......... .......... 14%  190K 29m10s
 66300K .......... .......... .......... .......... .......... 14%  159K 29m11s
 66350K .......... .......... .......... .......... .......... 14%  189K 29m11s
 66400K .......... .......... .......... .......... .......... 14%  145K 29m11s
 66450K .......... .......... .......... .......... .......... 14% 98.6K 29m13s
 66500K .......... .......... .......... .......... .......... 14%  111K 29m14s
 66550K .......... .......... .......... .......... .......... 14% 64.1K 29m17s
 66600K .......... .......... .......... .......... .......... 14% 75.3K 29m19s
 66650K .......... .......... .......... .......... .......... 14%  108K 29m21s
 66700K .......... .......... .......... .......... .......... 14%  144K 29m21s
 66750K .......... .......... .......... .......... .......... 14%  144K 29m22s
 66800K .......... .......... .......... .......... .......... 14%  159K 29m22s
 66850K .......... .......... .......... .......... .......... 14%  144K 29m22s
 66900K .......... .......... .......... .......... .......... 14%  189K 29m22s
 66950K .......... .......... .......... .......... .......... 14%  216K 29m22s
 67000K .......... .......... .......... .......... .......... 14%  183K 29m22s
 67050K .......... .......... .......... .......... .......... 14%  216K 29m22s
 67100K .......... .......... .......... .......... .......... 14%  213K 29m22s
 67150K .......... .......... .......... .......... .......... 14%  183K 29m22s
 67200K .......... .......... .......... .......... .......... 14%  216K 29m22s
 67250K .......... .......... .......... .......... .......... 14%  164K 29m22s
 67300K .......... .......... .......... .......... .......... 14%  163K 29m22s
 67350K .......... .......... .......... .......... .......... 14%  216K 29m22s
 67400K .......... .......... .......... .......... .......... 14%  216K 29m22s
 67450K .......... .......... .......... .......... .......... 14%  183K 29m22s
 67500K .......... .......... .......... .......... .......... 14%  163K 29m22s
 67550K .......... .......... .......... .......... .......... 14%  184K 29m22s
 67600K .......... .......... .......... .......... .......... 14%  143K 29m23s
 67650K .......... .......... .......... .......... .......... 14%  177K 29m23s
 67700K .......... .......... .......... .......... .......... 14%  216K 29m23s
 67750K .......... .......... .......... .......... .......... 14%  208K 29m23s
 67800K .......... .......... .......... .......... .......... 14%  292K 29m22s
 67850K .......... .......... .......... .......... .......... 14%  262K 29m22s
 67900K .......... .......... .......... .......... .......... 14%  154K 29m22s
 67950K .......... .......... .......... .......... .......... 14%  432K 29m21s
 68000K .......... .......... .......... .......... .......... 14%  167K 29m22s
 68050K .......... .......... .......... .......... .......... 14%  216K 29m21s
 68100K .......... .......... .......... .......... .......... 14%  165K 29m22s
 68150K .......... .......... .......... .......... .......... 14%  181K 29m22s
 68200K .......... .......... .......... .......... .......... 14%  144K 29m22s
 68250K .......... .......... .......... .......... .......... 14%  145K 29m23s
 68300K .......... .......... .......... .......... .......... 14%  181K 29m23s
 68350K .......... .......... .......... .......... .......... 14%  164K 29m23s
 68400K .......... .......... .......... .......... .......... 14%  144K 29m23s
 68450K .......... .......... .......... .......... .......... 14%  144K 29m24s
 68500K .......... .......... .......... .......... .......... 14%  159K 29m24s
 68550K .......... .......... .......... .......... .......... 14%  189K 29m24s
 68600K .......... .......... .......... .......... .......... 14%  216K 29m24s
 68650K .......... .......... .......... .......... .......... 14%  159K 29m24s
 68700K .......... .......... .......... .......... .......... 14%  188K 29m24s
 68750K .......... .......... .......... .......... .......... 14% 87.0K 29m26s
 68800K .......... .......... .......... .......... .......... 14%  144K 29m27s
 68850K .......... .......... .......... .......... .......... 14%  142K 29m27s
 68900K .......... .......... .......... .......... .......... 14%  158K 29m27s
 68950K .......... .......... .......... .......... .......... 14%  190K 29m27s
 69000K .......... .......... .......... .......... .......... 14%  184K 29m27s
 69050K .......... .......... .......... .......... .......... 14%  214K 29m27s
 69100K .......... .......... .......... .......... .......... 14%  165K 29m27s
 69150K .......... .......... .......... .......... .......... 14%  144K 29m28s
 69200K .......... .......... .......... .......... .......... 14%  158K 29m28s
 69250K .......... .......... .......... .......... .......... 15%  216K 29m28s
 69300K .......... .......... .......... .......... .......... 15%  191K 29m28s
 69350K .......... .......... .......... .......... .......... 15%  216K 29m28s
 69400K .......... .......... .......... .......... .......... 15%  115K 29m29s
 69450K .......... .......... .......... .......... .......... 15%  193K 29m29s
 69500K .......... .......... .......... .......... .......... 15% 79.9K 29m31s
 69550K .......... .......... .......... .......... .......... 15% 72.2K 29m33s
 69600K .......... .......... .......... .......... .......... 15% 58.7K 29m36s
 69650K .......... .......... .......... .......... .......... 15% 54.0K 29m40s
 69700K .......... .......... .......... .......... .......... 15% 61.7K 29m43s
 69750K .......... .......... .......... .......... .......... 15% 86.4K 29m45s
 69800K .......... .......... .......... .......... .......... 15% 96.8K 29m46s
 69850K .......... .......... .......... .......... .......... 15%  144K 29m47s
 69900K .......... .......... .......... .......... .......... 15%  115K 29m48s
 69950K .......... .......... .......... .......... .......... 15%  193K 29m48s
 70000K .......... .......... .......... .......... .......... 15%  179K 29m48s
 70050K .......... .......... .......... .......... .......... 15%  216K 29m48s
 70100K .......... .......... .......... .......... .......... 15%  184K 29m48s
 70150K .......... .......... .......... .......... .......... 15%  261K 29m47s
 70200K .......... .......... .......... .......... .......... 15%  184K 29m47s
 70250K .......... .......... .......... .......... .......... 15%  163K 29m47s
 70300K .......... .......... .......... .......... .......... 15%  108K 29m48s
 70350K .......... .......... .......... .......... .......... 15%  111K 29m49s
 70400K .......... .......... .......... .......... .......... 15%  124K 29m50s
 70450K .......... .......... .......... .......... .......... 15%  144K 29m51s
 70500K .......... .......... .......... .......... .......... 15%  144K 29m51s
 70550K .......... .......... .......... .......... .......... 15%  164K 29m51s
 70600K .......... .......... .......... .......... .......... 15%  183K 29m51s
 70650K .......... .......... .......... .......... .......... 15%  164K 29m51s
 70700K .......... .......... .......... .......... .......... 15%  216K 29m51s
 70750K .......... .......... .......... .......... .......... 15%  216K 29m51s
 70800K .......... .......... .......... .......... .......... 15%  116K 29m52s
 70850K .......... .......... .......... .......... .......... 15%  163K 29m52s
 70900K .......... .......... .......... .......... .......... 15%  126K 29m53s
 70950K .......... .......... .......... .......... .......... 15%  144K 29m53s
 71000K .......... .......... .......... .......... .......... 15%  168K 29m53s
 71050K .......... .......... .......... .......... .......... 15%  108K 29m54s
 71100K .......... .......... .......... .......... .......... 15%  178K 29m54s
 71150K .......... .......... .......... .......... .......... 15%  146K 29m55s
 71200K .......... .......... .......... .......... .......... 15%  180K 29m55s
 71250K .......... .......... .......... .......... .......... 15%  134K 29m55s
 71300K .......... .......... .......... .......... .......... 15%  156K 29m56s
 71350K .......... .......... .......... .......... .......... 15%  168K 29m56s
 71400K .......... .......... .......... .......... .......... 15%  178K 29m56s
 71450K .......... .......... .......... .......... .......... 15%  144K 29m56s
 71500K .......... .......... .......... .......... .......... 15%  194K 29m56s
 71550K .......... .......... .......... .......... .......... 15%  181K 29m56s
 71600K .......... .......... .......... .......... .......... 15%  268K 29m56s
 71650K .......... .......... .......... .......... .......... 15%  243K 29m55s
 71700K .......... .......... .......... .......... .......... 15%  216K 29m55s
 71750K .......... .......... .......... .......... .......... 15%  268K 29m55s
 71800K .......... .......... .......... .......... .......... 15%  181K 29m55s
 71850K .......... .......... .......... .......... .......... 15%  268K 29m54s
 71900K .......... .......... .......... .......... .......... 15%  311K 29m54s
 71950K .......... .......... .......... .......... .......... 15%  348K 29m53s
 72000K .......... .......... .......... .......... .......... 15%  246K 29m53s
 72050K .......... .......... .......... .......... .......... 15%  431K 29m52s
 72100K .......... .......... .......... .......... .......... 15%  215K 29m52s
 72150K .......... .......... .......... .......... .......... 15%  269K 29m51s
 72200K .......... .......... .......... .......... .......... 15%  180K 29m51s
 72250K .......... .......... .......... .......... .......... 15%  432K 29m50s
 72300K .......... .......... .......... .......... .......... 15%  216K 29m50s
 72350K .......... .......... .......... .......... .......... 15%  431K 29m49s
 72400K .......... .......... .......... .......... .......... 15%  266K 29m49s
 72450K .......... .......... .......... .......... .......... 15%  313K 29m48s
 72500K .......... .......... .......... .......... .......... 15%  216K 29m48s
 72550K .......... .......... .......... .......... .......... 15%  429K 29m47s
 72600K .......... .......... .......... .......... .......... 15%  165K 29m47s
 72650K .......... .......... .......... .......... .......... 15%  255K 29m47s
 72700K .......... .......... .......... .......... .......... 15%  330K 29m46s
 72750K .......... .......... .......... .......... .......... 15%  312K 29m46s
 72800K .......... .......... .......... .......... .......... 15%  331K 29m45s
 72850K .......... .......... .......... .......... .......... 15%  215K 29m45s
 72900K .......... .......... .......... .......... .......... 15%  257K 29m44s
 72950K .......... .......... .......... .......... .......... 15%  186K 29m44s
 73000K .......... .......... .......... .......... .......... 15%  168K 29m44s
 73050K .......... .......... .......... .......... .......... 15%  249K 29m44s
 73100K .......... .......... .......... .......... .......... 15%  216K 29m44s
 73150K .......... .......... .......... .......... .......... 15%  183K 29m44s
 73200K .......... .......... .......... .......... .......... 15%  214K 29m44s
 73250K .......... .......... .......... .......... .......... 15%  218K 29m43s
 73300K .......... .......... .......... .......... .......... 15%  218K 29m43s
 73350K .......... .......... .......... .......... .......... 15%  185K 29m43s
 73400K .......... .......... .......... .......... .......... 15%  327K 29m42s
 73450K .......... .......... .......... .......... .......... 15%  256K 29m42s
 73500K .......... .......... .......... .......... .......... 15%  258K 29m42s
 73550K .......... .......... .......... .......... .......... 15%  264K 29m41s
 73600K .......... .......... .......... .......... .......... 15%  319K 29m41s
 73650K .......... .......... .......... .......... .......... 15%  324K 29m40s
 73700K .......... .......... .......... .......... .......... 15%  218K 29m40s
 73750K .......... .......... .......... .......... .......... 15%  327K 29m39s
 73800K .......... .......... .......... .......... .......... 15%  431K 29m38s
 73850K .......... .......... .......... .......... .......... 16%  319K 29m38s
 73900K .......... .......... .......... .......... .......... 16%  327K 29m37s
 73950K .......... .......... .......... .......... .......... 16%  428K 29m36s
 74000K .......... .......... .......... .......... .......... 16%  330K 29m36s
 74050K .......... .......... .......... .......... .......... 16%  432K 29m35s
 74100K .......... .......... .......... .......... .......... 16%  258K 29m34s
 74150K .......... .......... .......... .......... .......... 16%  432K 29m34s
 74200K .......... .......... .......... .......... .......... 16%  428K 29m33s
 74250K .......... .......... .......... .......... .......... 16%  431K 29m32s
 74300K .......... .......... .......... .......... .......... 16%  432K 29m31s
 74350K .......... .......... .......... .......... .......... 16%  432K 29m30s
 74400K .......... .......... .......... .......... .......... 16%  222K 29m30s
 74450K .......... .......... .......... .......... .......... 16% 1.15M 29m29s
 74500K .......... .......... .......... .......... .......... 16%  256K 29m28s
 74550K .......... .......... .......... .......... .......... 16%  329K 29m28s
 74600K .......... .......... .......... .......... .......... 16%  318K 29m27s
 74650K .......... .......... .......... .......... .......... 16%  431K 29m26s
 74700K .......... .......... .......... .......... .......... 16%  431K 29m26s
 74750K .......... .......... .......... .......... .......... 16%  332K 29m25s
 74800K .......... .......... .......... .......... .......... 16%  414K 29m24s
 74850K .......... .......... .......... .......... .......... 16%  261K 29m24s
 74900K .......... .......... .......... .......... .......... 16%  432K 29m23s
 74950K .......... .......... .......... .......... .......... 16%  432K 29m22s
 75000K .......... .......... .......... .......... .......... 16%  432K 29m21s
 75050K .......... .......... .......... .......... .......... 16%  432K 29m21s
 75100K .......... .......... .......... .......... .......... 16%  432K 29m20s
 75150K .......... .......... .......... .......... .......... 16%  432K 29m19s
 75200K .......... .......... .......... .......... .......... 16%  433K 29m18s
 75250K .......... .......... .......... .......... .......... 16%  431K 29m17s
 75300K .......... .......... .......... .......... .......... 16%  432K 29m17s
 75350K .......... .......... .......... .......... .......... 16%  432K 29m16s
 75400K .......... .......... .......... .......... .......... 16%  433K 29m15s
 75450K .......... .......... .......... .......... .......... 16%  432K 29m14s
 75500K .......... .......... .......... .......... .......... 16%  432K 29m13s
 75550K .......... .......... .......... .......... .......... 16%  433K 29m13s
 75600K .......... .......... .......... .......... .......... 16%  432K 29m12s
 75650K .......... .......... .......... .......... .......... 16%  431K 29m11s
 75700K .......... .......... .......... .......... .......... 16%  432K 29m10s
 75750K .......... .......... .......... .......... .......... 16%  433K 29m9s
 75800K .......... .......... .......... .......... .......... 16%  434K 29m9s
 75850K .......... .......... .......... .......... .......... 16%  439K 29m8s
 75900K .......... .......... .......... .......... .......... 16%  663K 29m7s
 75950K .......... .......... .......... .......... .......... 16%  432K 29m6s
 76000K .......... .......... .......... .......... .......... 16%  432K 29m5s
 76050K .......... .......... .......... .......... .......... 16%  433K 29m4s
 76100K .......... .......... .......... .......... .......... 16%  430K 29m4s
 76150K .......... .......... .......... .......... .......... 16%  434K 29m3s
 76200K .......... .......... .......... .......... .......... 16%  428K 29m2s
 76250K .......... .......... .......... .......... .......... 16%  320K 29m1s
 76300K .......... .......... .......... .......... .......... 16%  430K 29m1s
 76350K .......... .......... .......... .......... .......... 16%  426K 29m0s
 76400K .......... .......... .......... .......... .......... 16%  431K 28m59s
 76450K .......... .......... .......... .......... .......... 16%  432K 28m58s
 76500K .......... .......... .......... .......... .......... 16%  432K 28m58s
 76550K .......... .......... .......... .......... .......... 16%  432K 28m57s
 76600K .......... .......... .......... .......... .......... 16%  432K 28m56s
 76650K .......... .......... .......... .......... .......... 16%  326K 28m55s
 76700K .......... .......... .......... .......... .......... 16%  635K 28m55s
 76750K .......... .......... .......... .......... .......... 16%  218K 28m54s
 76800K .......... .......... .......... .......... .......... 16%  426K 28m54s
 76850K .......... .......... .......... .......... .......... 16%  218K 28m53s
 76900K .......... .......... .......... .......... .......... 16%  434K 28m53s
 76950K .......... .......... .......... .......... .......... 16%  416K 28m52s
 77000K .......... .......... .......... .......... .......... 16%  220K 28m52s
 77050K .......... .......... .......... .......... .......... 16%  417K 28m51s
 77100K .......... .......... .......... .......... .......... 16%  334K 28m50s
 77150K .......... .......... .......... .......... .......... 16%  216K 28m50s
 77200K .......... .......... .......... .......... .......... 16%  428K 28m49s
 77250K .......... .......... .......... .......... .......... 16%  259K 28m49s
 77300K .......... .......... .......... .......... .......... 16%  325K 28m48s
 77350K .......... .......... .......... .......... .......... 16%  431K 28m48s
 77400K .......... .......... .......... .......... .......... 16%  258K 28m47s
 77450K .......... .......... .......... .......... .......... 16%  257K 28m47s
 77500K .......... .......... .......... .......... .......... 16%  262K 28m46s
 77550K .......... .......... .......... .......... .......... 16%  215K 28m46s
 77600K .......... .......... .......... .......... .......... 16%  428K 28m45s
 77650K .......... .......... .......... .......... .......... 16%  217K 28m45s
 77700K .......... .......... .......... .......... .......... 16%  431K 28m45s
 77750K .......... .......... .......... .......... .......... 16%  432K 28m44s
 77800K .......... .......... .......... .......... .......... 16%  257K 28m43s
 77850K .......... .......... .......... .......... .......... 16%  259K 28m43s
 77900K .......... .......... .......... .......... .......... 16%  216K 28m43s
 77950K .......... .......... .......... .......... .......... 16%  262K 28m42s
 78000K .......... .......... .......... .......... .......... 16%  255K 28m42s
 78050K .......... .......... .......... .......... .......... 16%  216K 28m42s
 78100K .......... .......... .......... .......... .......... 16%  216K 28m42s
 78150K .......... .......... .......... .......... .......... 16%  186K 28m42s
 78200K .......... .......... .......... .......... .......... 16%  184K 28m42s
 78250K .......... .......... .......... .......... .......... 16%  130K 28m42s
 78300K .......... .......... .......... .......... .......... 16%  144K 28m43s
 78350K .......... .......... .......... .......... .......... 16%  161K 28m43s
 78400K .......... .......... .......... .......... .......... 16%  215K 28m43s
 78450K .......... .......... .......... .......... .......... 16%  163K 28m43s
 78500K .......... .......... .......... .......... .......... 17%  216K 28m43s
 78550K .......... .......... .......... .......... .......... 17%  216K 28m42s
 78600K .......... .......... .......... .......... .......... 17%  216K 28m42s
 78650K .......... .......... .......... .......... .......... 17%  260K 28m42s
 78700K .......... .......... .......... .......... .......... 17%  161K 28m42s
 78750K .......... .......... .......... .......... .......... 17%  329K 28m41s
 78800K .......... .......... .......... .......... .......... 17%  216K 28m41s
 78850K .......... .......... .......... .......... .......... 17%  323K 28m41s
 78900K .......... .......... .......... .......... .......... 17%  260K 28m40s
 78950K .......... .......... .......... .......... .......... 17%  432K 28m40s
 79000K .......... .......... .......... .......... .......... 17%  255K 28m39s
 79050K .......... .......... .......... .......... .......... 17%  216K 28m39s
 79100K .......... .......... .......... .......... .......... 17%  330K 28m38s
 79150K .......... .......... .......... .......... .......... 17%  432K 28m38s
 79200K .......... .......... .......... .......... .......... 17%  432K 28m37s
 79250K .......... .......... .......... .......... .......... 17%  256K 28m37s
 79300K .......... .......... .......... .......... .......... 17%  429K 28m36s
 79350K .......... .......... .......... .......... .......... 17%  328K 28m35s
 79400K .......... .......... .......... .......... .......... 17%  432K 28m35s
 79450K .......... .......... .......... .......... .......... 17%  257K 28m34s
 79500K .......... .......... .......... .......... .......... 17%  431K 28m33s
 79550K .......... .......... .......... .......... .......... 17%  430K 28m33s
 79600K .......... .......... .......... .......... .......... 17%  432K 28m32s
 79650K .......... .......... .......... .......... .......... 17%  432K 28m31s
 79700K .......... .......... .......... .......... .......... 17%  330K 28m31s
 79750K .......... .......... .......... .......... .......... 17%  432K 28m30s
 79800K .......... .......... .......... .......... .......... 17%  429K 28m29s
 79850K .......... .......... .......... .......... .......... 17%  432K 28m28s
 79900K .......... .......... .......... .......... .......... 17%  432K 28m28s
 79950K .......... .......... .......... .......... .......... 17%  432K 28m27s
 80000K .......... .......... .......... .......... .......... 17%  433K 28m26s
 80050K .......... .......... .......... .......... .......... 17%  434K 28m25s
 80100K .......... .......... .......... .......... .......... 17%  629K 28m25s
 80150K .......... .......... .......... .......... .......... 17%  646K 28m24s
 80200K .......... .......... .......... .......... .......... 17%  327K 28m23s
 80250K .......... .......... .......... .......... .......... 17% 1.29M 28m22s
 80300K .......... .......... .......... .......... .......... 17%  434K 28m21s
 80350K .......... .......... .......... .......... .......... 17%  631K 28m20s
 80400K .......... .......... .......... .......... .......... 17%  647K 28m19s
 80450K .......... .......... .......... .......... .......... 17%  666K 28m18s
 80500K .......... .......... .......... .......... .......... 17%  633K 28m18s
 80550K .......... .......... .......... .......... .......... 17% 1.32M 28m16s
 80600K .......... .......... .......... .......... .......... 17%  431K 28m16s
 80650K .......... .......... .......... .......... .......... 17%  638K 28m15s
 80700K .......... .......... .......... .......... .......... 17% 1.31M 28m14s
 80750K .......... .......... .......... .......... .......... 17%  636K 28m13s
 80800K .......... .......... .......... .......... .......... 17% 1.31M 28m12s
 80850K .......... .......... .......... .......... .......... 17%  632K 28m11s
 80900K .......... .......... .......... .......... .......... 17% 1.34M 28m10s
 80950K .......... .......... .......... .......... .......... 17%  632K 28m9s
 81000K .......... .......... .......... .......... .......... 17%  320K 28m8s
 81050K .......... .......... .......... .......... .......... 17%  647K 28m7s
 81100K .......... .......... .......... .......... .......... 17% 98.9M 28m6s
 81150K .......... .......... .......... .......... .......... 17% 1.32M 28m5s
 81200K .......... .......... .......... .......... .......... 17%  623K 28m4s
 81250K .......... .......... .......... .......... .......... 17% 1.27M 28m3s
 81300K .......... .......... .......... .......... .......... 17%  427K 28m2s
 81350K .......... .......... .......... .......... .......... 17%  616K 28m2s
 81400K .......... .......... .......... .......... .......... 17% 1.29M 28m0s
 81450K .......... .......... .......... .......... .......... 17%  445K 28m0s
 81500K .......... .......... .......... .......... .......... 17% 1.10M 27m59s
 81550K .......... .......... .......... .......... .......... 17%  698K 27m58s
 81600K .......... .......... .......... .......... .......... 17%  619K 27m57s
 81650K .......... .......... .......... .......... .......... 17% 1.33M 27m56s
 81700K .......... .......... .......... .......... .......... 17%  633K 27m55s
 81750K .......... .......... .......... .......... .......... 17% 1.29M 27m54s
 81800K .......... .......... .......... .......... .......... 17%  444K 27m53s
 81850K .......... .......... .......... .......... .......... 17%  421K 27m52s
 81900K .......... .......... .......... .......... .......... 17%  115M 27m51s
 81950K .......... .......... .......... .......... .......... 17% 1.17M 27m50s
 82000K .......... .......... .......... .......... .......... 17%  262K 27m50s
 82050K .......... .......... .......... .......... .......... 17% 1.17M 27m49s
 82100K .......... .......... .......... .......... .......... 17%  264K 27m48s
 82150K .......... .......... .......... .......... .......... 17%  432K 27m48s
 82200K .......... .......... .......... .......... .......... 17%  434K 27m47s
 82250K .......... .......... .......... .......... .......... 17%  442K 27m46s
 82300K .......... .......... .......... .......... .......... 17%  433K 27m46s
 82350K .......... .......... .......... .......... .......... 17%  609K 27m45s
 82400K .......... .......... .......... .......... .......... 17%  432K 27m44s
 82450K .......... .......... .......... .......... .......... 17%  433K 27m43s
 82500K .......... .......... .......... .......... .......... 17%  326K 27m43s
 82550K .......... .......... .......... .......... .......... 17%  432K 27m42s
 82600K .......... .......... .......... .......... .......... 17%  318K 27m42s
 82650K .......... .......... .......... .......... .......... 17%  326K 27m41s
 82700K .......... .......... .......... .......... .......... 17%  334K 27m41s
 82750K .......... .......... .......... .......... .......... 17%  423K 27m40s
 82800K .......... .......... .......... .......... .......... 17%  431K 27m39s
 82850K .......... .......... .......... .......... .......... 17%  429K 27m39s
 82900K .......... .......... .......... .......... .......... 17%  258K 27m38s
 82950K .......... .......... .......... .......... .......... 17%  432K 27m38s
 83000K .......... .......... .......... .......... .......... 17%  430K 27m37s
 83050K .......... .......... .......... .......... .......... 17%  336K 27m36s
 83100K .......... .......... .......... .......... .......... 18%  420K 27m36s
 83150K .......... .......... .......... .......... .......... 18%  432K 27m35s
 83200K .......... .......... .......... .......... .......... 18%  432K 27m34s
 83250K .......... .......... .......... .......... .......... 18%  257K 27m34s
 83300K .......... .......... .......... .......... .......... 18%  431K 27m33s
 83350K .......... .......... .......... .......... .......... 18%  430K 27m33s
 83400K .......... .......... .......... .......... .......... 18%  433K 27m32s
 83450K .......... .......... .......... .......... .......... 18%  638K 27m31s
 83500K .......... .......... .......... .......... .......... 18%  432K 27m30s
 83550K .......... .......... .......... .......... .......... 18% 15.0K 27m44s
 83600K .......... .......... .......... .......... .......... 18%  431K 27m44s
 83650K .......... .......... .......... .......... .......... 18%  432K 27m43s
 83700K .......... .......... .......... .......... .......... 18%  432K 27m42s
 83750K .......... .......... .......... .......... .......... 18%  432K 27m41s
 83800K .......... .......... .......... .......... .......... 18%  432K 27m41s
 83850K .......... .......... .......... .......... .......... 18%  432K 27m40s
 83900K .......... .......... .......... .......... .......... 18%  433K 27m39s
 83950K .......... .......... .......... .......... .......... 18%  434K 27m39s
 84000K .......... .......... .......... .......... .......... 18%  318K 27m38s
 84050K .......... .......... .......... .......... .......... 18%  661K 27m37s
 84100K .......... .......... .......... .......... .......... 18%  430K 27m37s
 84150K .......... .......... .......... .......... .......... 18%  429K 27m36s
 84200K .......... .......... .......... .......... .......... 18%  321K 27m36s
 84250K .......... .......... .......... .......... .......... 18%  432K 27m35s
 84300K .......... .......... .......... .......... .......... 18%  432K 27m34s
 84350K .......... .......... .......... .......... .......... 18%  437K 27m33s
 84400K .......... .......... .......... .......... .......... 18%  642K 27m33s
 84450K .......... .......... .......... .......... .......... 18%  432K 27m32s
 84500K .......... .......... .......... .......... .......... 18%  431K 27m31s
 84550K .......... .......... .......... .......... .......... 18%  326K 27m31s
 84600K .......... .......... .......... .......... .......... 18%  637K 27m30s
 84650K .......... .......... .......... .......... .......... 18%  432K 27m29s
 84700K .......... .......... .......... .......... .......... 18%  433K 27m29s
 84750K .......... .......... .......... .......... .......... 18%  434K 27m28s
 84800K .......... .......... .......... .......... .......... 18%  255K 27m28s
 84850K .......... .......... .......... .......... .......... 18% 1.41M 27m27s
 84900K .......... .......... .......... .......... .......... 18%  426K 27m26s
 84950K .......... .......... .......... .......... .......... 18%  327K 27m25s
 85000K .......... .......... .......... .......... .......... 18%  317K 27m25s
 85050K .......... .......... .......... .......... .......... 18%  328K 27m24s
 85100K .......... .......... .......... .......... .......... 18%  429K 27m24s
 85150K .......... .......... .......... .......... .......... 18%  256K 27m23s
 85200K .......... .......... .......... .......... .......... 18%  331K 27m23s
 85250K .......... .......... .......... .......... .......... 18%  325K 27m22s
 85300K .......... .......... .......... .......... .......... 18%  317K 27m22s
 85350K .......... .......... .......... .......... .......... 18%  265K 27m21s
 85400K .......... .......... .......... .......... .......... 18%  430K 27m21s
 85450K .......... .......... .......... .......... .......... 18%  317K 27m20s
 85500K .......... .......... .......... .......... .......... 18%  331K 27m20s
 85550K .......... .......... .......... .......... .......... 18%  326K 27m19s
 85600K .......... .......... .......... .......... .......... 18%  430K 27m19s
 85650K .......... .......... .......... .......... .......... 18%  317K 27m18s
 85700K .......... .......... .......... .......... .......... 18%  331K 27m18s
 85750K .......... .......... .......... .......... .......... 18%  324K 27m17s
 85800K .......... .......... .......... .......... .......... 18%  432K 27m17s
 85850K .......... .......... .......... .......... .......... 18%  431K 27m16s
 85900K .......... .......... .......... .......... .......... 18%  431K 27m15s
 85950K .......... .......... .......... .......... .......... 18%  432K 27m15s
 86000K .......... .......... .......... .......... .......... 18%  432K 27m14s
 86050K .......... .......... .......... .......... .......... 18%  433K 27m13s
 86100K .......... .......... .......... .......... .......... 18%  318K 27m13s
 86150K .......... .......... .......... .......... .......... 18%  331K 27m12s
 86200K .......... .......... .......... .......... .......... 18%  433K 27m12s
 86250K .......... .......... .......... .......... .......... 18%  254K 27m11s
 86300K .......... .......... .......... .......... .......... 18%  432K 27m11s
 86350K .......... .......... .......... .......... .......... 18%  432K 27m10s
 86400K .......... .......... .......... .......... .......... 18%  432K 27m9s
 86450K .......... .......... .......... .......... .......... 18%  431K 27m9s
 86500K .......... .......... .......... .......... .......... 18%  264K 27m8s
 86550K .......... .......... .......... .......... .......... 18%  318K 27m8s
 86600K .......... .......... .......... .......... .......... 18%  432K 27m7s
 86650K .......... .......... .......... .......... .......... 18%  432K 27m7s
 86700K .......... .......... .......... .......... .......... 18%  433K 27m6s
 86750K .......... .......... .......... .......... .......... 18%  432K 27m5s
 86800K .......... .......... .......... .......... .......... 18%  270K 27m5s
 86850K .......... .......... .......... .......... .......... 18% 1009K 27m4s
 86900K .......... .......... .......... .......... .......... 18%  277K 27m4s
 86950K .......... .......... .......... .......... .......... 18%  302K 27m3s
 87000K .......... .......... .......... .......... .......... 18%  422K 27m2s
 87050K .......... .......... .......... .......... .......... 18%  430K 27m2s
 87100K .......... .......... .......... .......... .......... 18%  433K 27m1s
 87150K .......... .......... .......... .......... .......... 18%  342K 27m1s
 87200K .......... .......... .......... .......... .......... 18%  215K 27m0s
 87250K .......... .......... .......... .......... .......... 18%  591K 27m0s
 87300K .......... .......... .......... .......... .......... 18%  269K 26m59s
 87350K .......... .......... .......... .......... .......... 18%  312K 26m59s
 87400K .......... .......... .......... .......... .......... 18%  337K 26m58s
 87450K .......... .......... .......... .......... .......... 18%  324K 26m58s
 87500K .......... .......... .......... .......... .......... 18%  312K 26m57s
 87550K .......... .......... .......... .......... .......... 18%  428K 26m57s
 87600K .......... .......... .......... .......... .......... 18%  340K 26m56s
 87650K .......... .......... .......... .......... .......... 18%  251K 26m56s
 87700K .......... .......... .......... .......... .......... 19%  339K 26m56s
 87750K .......... .......... .......... .......... .......... 19%  268K 26m55s
 87800K .......... .......... .......... .......... .......... 19%  309K 26m55s
 87850K .......... .......... .......... .......... .......... 19%  215K 26m55s
 87900K .......... .......... .......... .......... .......... 19%  216K 26m54s
 87950K .......... .......... .......... .......... .......... 19%  144K 26m55s
 88000K .......... .......... .......... .......... .......... 19%  116K 26m55s
 88050K .......... .......... .......... .......... .......... 19%  166K 26m56s
 88100K .......... .......... .......... .......... .......... 19%  179K 26m56s
 88150K .......... .......... .......... .......... .......... 19%  216K 26m56s
 88200K .......... .......... .......... .......... .......... 19%  216K 26m55s
 88250K .......... .......... .......... .......... .......... 19%  216K 26m55s
 88300K .......... .......... .......... .......... .......... 19%  192K 26m55s
 88350K .......... .......... .......... .......... .......... 19%  215K 26m55s
 88400K .......... .......... .......... .......... .......... 19%  157K 26m55s
 88450K .......... .......... .......... .......... .......... 19%  221K 26m55s
 88500K .......... .......... .......... .......... .......... 19%  216K 26m55s
 88550K .......... .......... .......... .......... .......... 19%  264K 26m55s
 88600K .......... .......... .......... .......... .......... 19%  260K 26m54s
 88650K .......... .......... .......... .......... .......... 19%  248K 26m54s
 88700K .......... .......... .......... .......... .......... 19%  271K 26m54s
 88750K .......... .......... .......... .......... .......... 19%  183K 26m54s
 88800K .......... .......... .......... .......... .......... 19%  332K 26m53s
 88850K .......... .......... .......... .......... .......... 19%  254K 26m53s
 88900K .......... .......... .......... .......... .......... 19%  332K 26m52s
 88950K .......... .......... .......... .......... .......... 19%  255K 26m52s
 89000K .......... .......... .......... .......... .......... 19%  331K 26m52s
 89050K .......... .......... .......... .......... .......... 19%  432K 26m51s
 89100K .......... .......... .......... .......... .......... 19%  256K 26m51s
 89150K .......... .......... .......... .......... .......... 19%  187K 26m51s
 89200K .......... .......... .......... .......... .......... 19%  437K 26m50s
 89250K .......... .......... .......... .......... .......... 19%  254K 26m50s
 89300K .......... .......... .......... .......... .......... 19%  333K 26m49s
 89350K .......... .......... .......... .......... .......... 19%  254K 26m49s
 89400K .......... .......... .......... .......... .......... 19%  332K 26m48s
 89450K .......... .......... .......... .......... .......... 19%  321K 26m48s
 89500K .......... .......... .......... .......... .......... 19%  320K 26m48s
 89550K .......... .......... .......... .......... .......... 19%  331K 26m47s
 89600K .......... .......... .......... .......... .......... 19%  255K 26m47s
 89650K .......... .......... .......... .......... .......... 19%  430K 26m46s
 89700K .......... .......... .......... .......... .......... 19%  332K 26m46s
 89750K .......... .......... .......... .......... .......... 19%  321K 26m45s
 89800K .......... .......... .......... .......... .......... 19%  320K 26m45s
 89850K .......... .......... .......... .......... .......... 19%  428K 26m44s
 89900K .......... .......... .......... .......... .......... 19%  263K 26m44s
 89950K .......... .......... .......... .......... .......... 19%  316K 26m43s
 90000K .......... .......... .......... .......... .......... 19%  431K 26m43s
 90050K .......... .......... .......... .......... .......... 19%  336K 26m42s
 90100K .......... .......... .......... .......... .......... 19%  432K 26m42s
 90150K .......... .......... .......... .......... .......... 19%  432K 26m41s
 90200K .......... .......... .......... .......... .......... 19%  319K 26m40s
 90250K .......... .......... .......... .......... .......... 19%  320K 26m40s
 90300K .......... .......... .......... .......... .......... 19%  334K 26m40s
 90350K .......... .......... .......... .......... .......... 19%  251K 26m39s
 90400K .......... .......... .......... .......... .......... 19% 1.46M 26m38s
 90450K .......... .......... .......... .......... .......... 19%  215K 26m38s
 90500K .......... .......... .......... .......... .......... 19%  144K 26m38s
 90550K .......... .......... .......... .......... .......... 19%  144K 26m39s
 90600K .......... .......... .......... .......... .......... 19%  160K 26m39s
 90650K .......... .......... .......... .......... .......... 19%  163K 26m39s
 90700K .......... .......... .......... .......... .......... 19%  144K 26m39s
 90750K .......... .......... .......... .......... .......... 19%  184K 26m39s
 90800K .......... .......... .......... .......... .......... 19%  262K 26m39s
 90850K .......... .......... .......... .......... .......... 19%  144K 26m39s
 90900K .......... .......... .......... .......... .......... 19%  260K 26m39s
 90950K .......... .......... .......... .......... .......... 19%  161K 26m39s
 91000K .......... .......... .......... .......... .......... 19%  216K 26m39s
 91050K .......... .......... .......... .......... .......... 19%  186K 26m39s
 91100K .......... .......... .......... .......... .......... 19%  257K 26m39s
 91150K .......... .......... .......... .......... .......... 19%  217K 26m39s
 91200K .......... .......... .......... .......... .......... 19%  216K 26m39s
 91250K .......... .......... .......... .......... .......... 19%  216K 26m38s
 91300K .......... .......... .......... .......... .......... 19%  428K 26m38s
 91350K .......... .......... .......... .......... .......... 19%  217K 26m38s
 91400K .......... .......... .......... .......... .......... 19%  326K 26m37s
 91450K .......... .......... .......... .......... .......... 19%  216K 26m37s
 91500K .......... .......... .......... .......... .......... 19%  258K 26m37s
 91550K .......... .......... .......... .......... .......... 19%  429K 26m36s
 91600K .......... .......... .......... .......... .......... 19%  257K 26m36s
 91650K .......... .......... .......... .......... .......... 19%  330K 26m35s
 91700K .......... .......... .......... .......... .......... 19%  429K 26m35s
 91750K .......... .......... .......... .......... .......... 19%  328K 26m34s
 91800K .......... .......... .......... .......... .......... 19%  255K 26m34s
 91850K .......... .......... .......... .......... .......... 19%  432K 26m33s
 91900K .......... .......... .......... .......... .......... 19%  332K 26m33s
 91950K .......... .......... .......... .......... .......... 19%  314K 26m32s
 92000K .......... .......... .......... .......... .......... 19%  215K 26m32s
 92050K .......... .......... .......... .......... .......... 19% 1.31M 26m31s
 92100K .......... .......... .......... .......... .......... 19%  190K 26m31s
 92150K .......... .......... .......... .......... .......... 19%  158K 26m32s
 92200K .......... .......... .......... .......... .......... 19%  144K 26m32s
 92250K .......... .......... .......... .......... .......... 19%  131K 26m32s
 92300K .......... .......... .......... .......... .......... 19%  108K 26m33s
 92350K .......... .......... .......... .......... .......... 20% 91.3K 26m34s
 92400K .......... .......... .......... .......... .......... 20%  108K 26m35s
 92450K .......... .......... .......... .......... .......... 20% 46.4K 26m38s
 92500K .......... .......... .......... .......... .......... 20% 45.8K 26m41s
 92550K .......... .......... .......... .......... .......... 20% 71.9K 26m43s
 92600K .......... .......... .......... .......... .......... 20% 35.1K 26m48s
 92650K .......... .......... .......... .......... .......... 20% 86.4K 26m49s
 92700K .......... .......... .......... .......... .......... 20% 93.9K 26m50s
 92750K .......... .......... .......... .......... .......... 20%  108K 26m51s
 92800K .......... .......... .......... .......... .......... 20% 86.5K 26m52s
 92850K .......... .......... .......... .......... .......... 20%  180K 26m52s
 92900K .......... .......... .......... .......... .......... 20%  120K 26m53s
 92950K .......... .......... .......... .......... .......... 20% 76.0K 26m54s
 93000K .......... .......... .......... .......... .......... 20% 63.2K 26m56s
 93050K .......... .......... .......... .......... .......... 20% 80.3K 26m57s
 93100K .......... .......... .......... .......... .......... 20%  108K 26m58s
 93150K .......... .......... .......... .......... .......... 20%  138K 26m59s
 93200K .......... .......... .......... .......... .......... 20%  144K 26m59s
 93250K .......... .......... .......... .......... .......... 20%  173K 26m59s
 93300K .......... .......... .......... .......... .......... 20%  123K 26m59s
 93350K .......... .......... .......... .......... .......... 20%  123K 27m0s
 93400K .......... .......... .......... .......... .......... 20%  108K 27m1s
 93450K .......... .......... .......... .......... .......... 20%  129K 27m1s
 93500K .......... .......... .......... .......... .......... 20%  108K 27m2s
 93550K .......... .......... .......... .......... .......... 20% 94.9K 27m3s
 93600K .......... .......... .......... .......... .......... 20% 65.0K 27m5s
 93650K .......... .......... .......... .......... .......... 20% 68.8K 27m7s
 93700K .......... .......... .......... .......... .......... 20% 61.7K 27m9s
 93750K .......... .......... .......... .......... .......... 20% 65.1K 27m11s
 93800K .......... .......... .......... .......... .......... 20%  108K 27m11s
 93850K .......... .......... .......... .......... .......... 20%  144K 27m12s
 93900K .......... .......... .......... .......... .......... 20%  152K 27m12s
 93950K .......... .......... .......... .......... .......... 20%  172K 27m12s
 94000K .......... .......... .......... .......... .......... 20%  163K 27m12s
 94050K .......... .......... .......... .......... .......... 20%  144K 27m12s
 94100K .......... .......... .......... .......... .......... 20%  108K 27m13s
 94150K .......... .......... .......... .......... .......... 20%  144K 27m13s
 94200K .......... .......... .......... .......... .......... 20%  144K 27m13s
 94250K .......... .......... .......... .......... .......... 20%  144K 27m14s
 94300K .......... .......... .......... .......... .......... 20%  184K 27m14s
 94350K .......... .......... .......... .......... .......... 20%  173K 27m14s
 94400K .......... .......... .......... .......... .......... 20%  172K 27m14s
 94450K .......... .......... .......... .......... .......... 20%  108K 27m14s
 94500K .......... .......... .......... .......... .......... 20% 92.9K 27m15s
 94550K .......... .......... .......... .......... .......... 20%  129K 27m16s
 94600K .......... .......... .......... .......... .......... 20%  144K 27m16s
 94650K .......... .......... .......... .......... .......... 20%  129K 27m17s
 94700K .......... .......... .......... .......... .......... 20%  144K 27m17s
 94750K .......... .......... .......... .......... .......... 20%  132K 27m17s
 94800K .......... .......... .......... .......... .......... 20%  128K 27m18s
 94850K .......... .......... .......... .......... .......... 20%  108K 27m18s
 94900K .......... .......... .......... .......... .......... 20%  144K 27m19s
 94950K .......... .......... .......... .......... .......... 20%  182K 27m19s
 95000K .......... .......... .......... .......... .......... 20%  143K 27m19s
 95050K .......... .......... .......... .......... .......... 20%  132K 27m19s
 95100K .......... .......... .......... .......... .......... 20%  128K 27m20s
 95150K .......... .......... .......... .......... .......... 20%  128K 27m20s
 95200K .......... .......... .......... .......... .......... 20%  108K 27m21s
 95250K .......... .......... .......... .......... .......... 20% 93.4K 27m22s
 95300K .......... .......... .......... .......... .......... 20%  164K 27m22s
 95350K .......... .......... .......... .......... .......... 20%  157K 27m22s
 95400K .......... .......... .......... .......... .......... 20%  165K 27m22s
 95450K .......... .......... .......... .......... .......... 20%  128K 27m22s
 95500K .......... .......... .......... .......... .......... 20%  212K 27m22s
 95550K .......... .......... .......... .......... .......... 20%  146K 27m22s
 95600K .......... .......... .......... .......... .......... 20%  212K 27m22s
 95650K .......... .......... .......... .......... .......... 20%  129K 27m23s
 95700K .......... .......... .......... .......... .......... 20%  187K 27m23s
 95750K .......... .......... .......... .......... .......... 20%  216K 27m22s
 95800K .......... .......... .......... .......... .......... 20%  216K 27m22s
 95850K .......... .......... .......... .......... .......... 20%  257K 27m22s
 95900K .......... .......... .......... .......... .......... 20%  262K 27m22s
 95950K .......... .......... .......... .......... .......... 20%  220K 27m21s
 96000K .......... .......... .......... .......... .......... 20%  212K 27m21s
 96050K .......... .......... .......... .......... .......... 20%  320K 27m21s
 96100K .......... .......... .......... .......... .......... 20%  267K 27m20s
 96150K .......... .......... .......... .......... .......... 20%  312K 27m20s
 96200K .......... .......... .......... .......... .......... 20%  182K 27m20s
 96250K .......... .......... .......... .......... .......... 20%  262K 27m19s
 96300K .......... .......... .......... .......... .......... 20%  166K 27m19s
 96350K .......... .......... .......... .......... .......... 20%  180K 27m19s
 96400K .......... .......... .......... .......... .......... 20%  129K 27m20s
 96450K .......... .......... .......... .......... .......... 20%  215K 27m20s
 96500K .......... .......... .......... .......... .......... 20%  192K 27m20s
 96550K .......... .......... .......... .......... .......... 20%  246K 27m19s
 96600K .......... .......... .......... .......... .......... 20%  216K 27m19s
 96650K .......... .......... .......... .......... .......... 20%  163K 27m19s
 96700K .......... .......... .......... .......... .......... 20%  266K 27m19s
 96750K .......... .......... .......... .......... .......... 20%  182K 27m19s
 96800K .......... .......... .......... .......... .......... 20%  166K 27m19s
 96850K .......... .......... .......... .......... .......... 20%  216K 27m19s
 96900K .......... .......... .......... .......... .......... 20%  310K 27m18s
 96950K .......... .......... .......... .......... .......... 21%  266K 27m18s
 97000K .......... .......... .......... .......... .......... 21%  218K 27m18s
 97050K .......... .......... .......... .......... .......... 21%  216K 27m17s
 97100K .......... .......... .......... .......... .......... 21%  315K 27m17s
 97150K .......... .......... .......... .......... .......... 21%  216K 27m17s
 97200K .......... .......... .......... .......... .......... 21%  264K 27m16s
 97250K .......... .......... .......... .......... .......... 21%  316K 27m16s
 97300K .......... .......... .......... .......... .......... 21%  265K 27m16s
 97350K .......... .......... .......... .......... .......... 21%  425K 27m15s
 97400K .......... .......... .......... .......... .......... 21%  320K 27m14s
 97450K .......... .......... .......... .......... .......... 21%  331K 27m14s
 97500K .......... .......... .......... .......... .......... 21%  324K 27m13s
 97550K .......... .......... .......... .......... .......... 21%  259K 27m13s
 97600K .......... .......... .......... .......... .......... 21%  325K 27m13s
 97650K .......... .......... .......... .......... .......... 21%  431K 27m12s
 97700K .......... .......... .......... .......... .......... 21%  318K 27m12s
 97750K .......... .......... .......... .......... .......... 21% 5.17K 27m46s
 97800K .......... .......... .......... .......... .......... 21%  430K 27m46s
 97850K .......... .......... .......... .......... .......... 21%  431K 27m45s
 97900K .......... .......... .......... .......... .......... 21%  431K 27m44s
 97950K .......... .......... .......... .......... .......... 21%  319K 27m44s
 98000K .......... .......... .......... .......... .......... 21%  264K 27m44s
 98050K .......... .......... .......... .......... .......... 21%  432K 27m43s
 98100K .......... .......... .......... .......... .......... 21%  432K 27m42s
 98150K .......... .......... .......... .......... .......... 21%  430K 27m42s
 98200K .......... .......... .......... .......... .......... 21%  435K 27m41s
 98250K .......... .......... .......... .......... .......... 21%  432K 27m40s
 98300K .......... .......... .......... .......... .......... 21%  432K 27m40s
 98350K .......... .......... .......... .......... .......... 21% 1.17M 27m39s
 98400K .......... .......... .......... .......... .......... 21%  432K 27m38s
 98450K .......... .......... .......... .......... .......... 21%  433K 27m38s
 98500K .......... .......... .......... .......... .......... 21%  432K 27m37s
 98550K .......... .......... .......... .......... .......... 21%  262K 27m37s
 98600K .......... .......... .......... .......... .......... 21%  435K 27m36s
 98650K .......... .......... .......... .......... .......... 21%  429K 27m35s
 98700K .......... .......... .......... .......... .......... 21%  321K 27m35s
 98750K .......... .......... .......... .......... .......... 21%  424K 27m34s
 98800K .......... .......... .......... .......... .......... 21%  432K 27m33s
 98850K .......... .......... .......... .......... .......... 21%  432K 27m33s
 98900K .......... .......... .......... .......... .......... 21%  431K 27m32s
 98950K .......... .......... .......... .......... .......... 21%  432K 27m32s
 99000K .......... .......... .......... .......... .......... 21%  433K 27m31s
 99050K .......... .......... .......... .......... .......... 21%  321K 27m30s
 99100K .......... .......... .......... .......... .......... 21%  659K 27m30s
 99150K .......... .......... .......... .......... .......... 21%  432K 27m29s
 99200K .......... .......... .......... .......... .......... 21%  433K 27m28s
 99250K .......... .......... .......... .......... .......... 21%  433K 27m28s
 99300K .......... .......... .......... .......... .......... 21%  674K 27m27s
 99350K .......... .......... .......... .......... .......... 21%  436K 27m26s
 99400K .......... .......... .......... .......... .......... 21%  418K 27m26s
 99450K .......... .......... .......... .......... .......... 21%  441K 27m25s
 99500K .......... .......... .......... .......... .......... 21%  432K 27m24s
 99550K .......... .......... .......... .......... .......... 21%  434K 27m24s
 99600K .......... .......... .......... .......... .......... 21%  612K 27m23s
 99650K .......... .......... .......... .......... .......... 21%  644K 27m22s
 99700K .......... .......... .......... .......... .......... 21%  432K 27m22s
 99750K .......... .......... .......... .......... .......... 21%  432K 27m21s
 99800K .......... .......... .......... .......... .......... 21%  433K 27m20s
 99850K .......... .......... .......... .......... .......... 21%  432K 27m20s
 99900K .......... .......... .......... .......... .......... 21%  661K 27m19s
 99950K .......... .......... .......... .......... .......... 21%  434K 27m18s
100000K .......... .......... .......... .......... .......... 21%  444K 27m18s
100050K .......... .......... .......... .......... .......... 21%  610K 27m17s
100100K .......... .......... .......... .......... .......... 21%  618K 27m16s
100150K .......... .......... .......... .......... .......... 21%  446K 27m16s
100200K .......... .......... .......... .......... .......... 21%  266K 27m15s
100250K .......... .......... .......... .......... .......... 21% 1.10M 27m14s
100300K .......... .......... .......... .......... .......... 21%  432K 27m14s
100350K .......... .......... .......... .......... .......... 21%  432K 27m13s
100400K .......... .......... .......... .......... .......... 21%  432K 27m12s
100450K .......... .......... .......... .......... .......... 21%  432K 27m12s
100500K .......... .......... .......... .......... .......... 21%  216K 27m12s
100550K .......... .......... .......... .......... .......... 21%  430K 27m11s
100600K .......... .......... .......... .......... .......... 21%  324K 27m11s
100650K .......... .......... .......... .......... .......... 21%  335K 27m10s
100700K .......... .......... .......... .......... .......... 21%  432K 27m9s
100750K .......... .......... .......... .......... .......... 21%  253K 27m9s
100800K .......... .......... .......... .......... .......... 21%  334K 27m9s
100850K .......... .......... .......... .......... .......... 21%  215K 27m8s
100900K .......... .......... .......... .......... .......... 21%  144K 27m9s
100950K .......... .......... .......... .......... .......... 21%  144K 27m9s
101000K .......... .......... .......... .......... .......... 21%  158K 27m9s
101050K .......... .......... .......... .......... .......... 21%  163K 27m9s
101100K .......... .......... .......... .......... .......... 21%  184K 27m9s
101150K .......... .......... .......... .......... .......... 21%  190K 27m9s
101200K .......... .......... .......... .......... .......... 21%  216K 27m9s
101250K .......... .......... .......... .......... .......... 21%  216K 27m8s
101300K .......... .......... .......... .......... .......... 21%  250K 27m8s
101350K .......... .......... .......... .......... .......... 21%  162K 27m8s
101400K .......... .......... .......... .......... .......... 21%  184K 27m8s
101450K .......... .......... .......... .......... .......... 21%  216K 27m8s
101500K .......... .......... .......... .......... .......... 21%  216K 27m8s
101550K .......... .......... .......... .......... .......... 22%  261K 27m7s
101600K .......... .......... .......... .......... .......... 22%  267K 27m7s
101650K .......... .......... .......... .......... .......... 22%  216K 27m7s
101700K .......... .......... .......... .......... .......... 22%  181K 27m7s
101750K .......... .......... .......... .......... .......... 22%  268K 27m6s
101800K .......... .......... .......... .......... .......... 22%  312K 27m6s
101850K .......... .......... .......... .......... .......... 22%  268K 27m6s
101900K .......... .......... .......... .......... .......... 22%  216K 27m5s
101950K .......... .......... .......... .......... .......... 22%  248K 27m5s
102000K .......... .......... .......... .......... .......... 22%  213K 27m5s
102050K .......... .......... .......... .......... .......... 22%  267K 27m4s
102100K .......... .......... .......... .......... .......... 22%  166K 27m4s
102150K .......... .......... .......... .......... .......... 22%  246K 27m4s
102200K .......... .......... .......... .......... .......... 22%  216K 27m4s
102250K .......... .......... .......... .......... .......... 22%  144K 27m4s
102300K .......... .......... .......... .......... .......... 22%  166K 27m4s
102350K .......... .......... .......... .......... .......... 22%  144K 27m4s
102400K .......... .......... .......... .......... .......... 22%  183K 27m4s
102450K .......... .......... .......... .......... .......... 22%  108K 27m5s
102500K .......... .......... .......... .......... .......... 22%  215K 27m5s
102550K .......... .......... .......... .......... .......... 22%  164K 27m5s
102600K .......... .......... .......... .......... .......... 22%  216K 27m5s
102650K .......... .......... .......... .......... .......... 22%  144K 27m5s
102700K .......... .......... .......... .......... .......... 22%  128K 27m5s
102750K .......... .......... .......... .......... .......... 22%  108K 27m6s
102800K .......... .......... .......... .......... .......... 22%  144K 27m6s
102850K .......... .......... .......... .......... .......... 22%  108K 27m7s
102900K .......... .......... .......... .......... .......... 22%  184K 27m6s
102950K .......... .......... .......... .......... .......... 22%  144K 27m7s
103000K .......... .......... .......... .......... .......... 22%  163K 27m7s
103050K .......... .......... .......... .......... .......... 22%  144K 27m7s
103100K .......... .......... .......... .......... .......... 22%  216K 27m7s
103150K .......... .......... .......... .......... .......... 22%  159K 27m7s
103200K .......... .......... .......... .......... .......... 22%  131K 27m7s
103250K .......... .......... .......... .......... .......... 22%  116K 27m8s
103300K .......... .......... .......... .......... .......... 22%  189K 27m7s
103350K .......... .......... .......... .......... .......... 22%  215K 27m7s
103400K .......... .......... .......... .......... .......... 22%  144K 27m7s
103450K .......... .......... .......... .......... .......... 22%  216K 27m7s
103500K .......... .......... .......... .......... .......... 22%  216K 27m7s
103550K .......... .......... .......... .......... .......... 22%  216K 27m7s
103600K .......... .......... .......... .......... .......... 22%  144K 27m7s
103650K .......... .......... .......... .......... .......... 22%  214K 27m7s
103700K .......... .......... .......... .......... .......... 22%  117K 27m7s
103750K .......... .......... .......... .......... .......... 22%  161K 27m7s
103800K .......... .......... .......... .......... .......... 22%  164K 27m7s
103850K .......... .......... .......... .......... .......... 22%  182K 27m7s
103900K .......... .......... .......... .......... .......... 22%  187K 27m7s
103950K .......... .......... .......... .......... .......... 22%  187K 27m7s
104000K .......... .......... .......... .......... .......... 22%  184K 27m7s
104050K .......... .......... .......... .......... .......... 22%  260K 27m7s
104100K .......... .......... .......... .......... .......... 22%  217K 27m6s
104150K .......... .......... .......... .......... .......... 22%  321K 27m6s
104200K .......... .......... .......... .......... .......... 22%  260K 27m6s
104250K .......... .......... .......... .......... .......... 22%  257K 27m5s
104300K .......... .......... .......... .......... .......... 22%  261K 27m5s
104350K .......... .......... .......... .......... .......... 22%  322K 27m4s
104400K .......... .......... .......... .......... .......... 22%  261K 27m4s
104450K .......... .......... .......... .......... .......... 22%  261K 27m4s
104500K .......... .......... .......... .......... .......... 22%  429K 27m3s
104550K .......... .......... .......... .......... .......... 22%  323K 27m3s
104600K .......... .......... .......... .......... .......... 22%  322K 27m2s
104650K .......... .......... .......... .......... .......... 22%  329K 27m2s
104700K .......... .......... .......... .......... .......... 22%  430K 27m1s
104750K .......... .......... .......... .......... .......... 22%  257K 27m1s
104800K .......... .......... .......... .......... .......... 22%  432K 27m0s
104850K .......... .......... .......... .......... .......... 22%  432K 27m0s
104900K .......... .......... .......... .......... .......... 22%  330K 26m59s
104950K .......... .......... .......... .......... .......... 22%  432K 26m59s
105000K .......... .......... .......... .......... .......... 22%  432K 26m58s
105050K .......... .......... .......... .......... .......... 22%  430K 26m57s
105100K .......... .......... .......... .......... .......... 22%  321K 26m57s
105150K .......... .......... .......... .......... .......... 22%  431K 26m56s
105200K .......... .......... .......... .......... .......... 22%  432K 26m56s
105250K .......... .......... .......... .......... .......... 22%  428K 26m55s
105300K .......... .......... .......... .......... .......... 22%  673K 26m54s
105350K .......... .......... .......... .......... .......... 22%  621K 26m54s
105400K .......... .......... .......... .......... .......... 22%  338K 26m53s
105450K .......... .......... .......... .......... .......... 22% 1.07M 26m52s
105500K .......... .......... .......... .......... .......... 22%  265K 26m52s
105550K .......... .......... .......... .......... .......... 22%  430K 26m51s
105600K .......... .......... .......... .......... .......... 22%  618K 26m51s
105650K .......... .......... .......... .......... .......... 22%  432K 26m50s
105700K .......... .......... .......... .......... .......... 22%  432K 26m49s
105750K .......... .......... .......... .......... .......... 22%  432K 26m49s
105800K .......... .......... .......... .......... .......... 22%  629K 26m48s
105850K .......... .......... .......... .......... .......... 22%  432K 26m47s
105900K .......... .......... .......... .......... .......... 22%  326K 26m47s
105950K .......... .......... .......... .......... .......... 22%  433K 26m46s
106000K .......... .......... .......... .......... .......... 22%  331K 26m46s
106050K .......... .......... .......... .......... .......... 22%  429K 26m45s
106100K .......... .......... .......... .......... .......... 22%  432K 26m45s
106150K .......... .......... .......... .......... .......... 22%  432K 26m44s
106200K .......... .......... .......... .......... .......... 23%  432K 26m44s
106250K .......... .......... .......... .......... .......... 23%  432K 26m43s
106300K .......... .......... .......... .......... .......... 23%  257K 26m43s
106350K .......... .......... .......... .......... .......... 23%  625K 26m42s
106400K .......... .......... .......... .......... .......... 23%  432K 26m41s
106450K .......... .......... .......... .......... .......... 23%  329K 26m41s
106500K .......... .......... .......... .......... .......... 23%  327K 26m40s
106550K .......... .......... .......... .......... .......... 23%  256K 26m40s
106600K .......... .......... .......... .......... .......... 23%  216K 26m40s
106650K .......... .......... .......... .......... .......... 23%  216K 26m40s
106700K .......... .......... .......... .......... .......... 23%  161K 26m40s
106750K .......... .......... .......... .......... .......... 23%  186K 26m40s
106800K .......... .......... .......... .......... .......... 23%  216K 26m39s
106850K .......... .......... .......... .......... .......... 23%  216K 26m39s
106900K .......... .......... .......... .......... .......... 23%  216K 26m39s
106950K .......... .......... .......... .......... .......... 23%  252K 26m39s
107000K .......... .......... .......... .......... .......... 23%  264K 26m38s
107050K .......... .......... .......... .......... .......... 23%  183K 26m38s
107100K .......... .......... .......... .......... .......... 23%  216K 26m38s
107150K .......... .......... .......... .......... .......... 23%  332K 26m38s
107200K .......... .......... .......... .......... .......... 23%  216K 26m37s
107250K .......... .......... .......... .......... .......... 23%  216K 26m37s
107300K .......... .......... .......... .......... .......... 23%  321K 26m37s
107350K .......... .......... .......... .......... .......... 23%  261K 26m36s
107400K .......... .......... .......... .......... .......... 23%  254K 26m36s
107450K .......... .......... .......... .......... .......... 23%  216K 26m36s
107500K .......... .......... .......... .......... .......... 23%  263K 26m36s
107550K .......... .......... .......... .......... .......... 23%  318K 26m35s
107600K .......... .......... .......... .......... .......... 23%  263K 26m35s
107650K .......... .......... .......... .......... .......... 23%  319K 26m34s
107700K .......... .......... .......... .......... .......... 23%  262K 26m34s
107750K .......... .......... .......... .......... .......... 23%  216K 26m34s
107800K .......... .......... .......... .......... .......... 23%  215K 26m34s
107850K .......... .......... .......... .......... .......... 23%  215K 26m33s
107900K .......... .......... .......... .......... .......... 23%  321K 26m33s
107950K .......... .......... .......... .......... .......... 23%  260K 26m33s
108000K .......... .......... .......... .......... .......... 23%  322K 26m32s
108050K .......... .......... .......... .......... .......... 23%  261K 26m32s
108100K .......... .......... .......... .......... .......... 23%  432K 26m31s
108150K .......... .......... .......... .......... .......... 23%  265K 26m31s
108200K .......... .......... .......... .......... .......... 23%  252K 26m31s
108250K .......... .......... .......... .......... .......... 23%  259K 26m30s
108300K .......... .......... .......... .......... .......... 23%  432K 26m30s
108350K .......... .......... .......... .......... .......... 23%  216K 26m29s
108400K .......... .......... .......... .......... .......... 23%  429K 26m29s
108450K .......... .......... .......... .......... .......... 23%  217K 26m29s
108500K .......... .......... .......... .......... .......... 23%  215K 26m28s
108550K .......... .......... .......... .......... .......... 23%  215K 26m28s
108600K .......... .......... .......... .......... .......... 23%  108K 26m29s
108650K .......... .......... .......... .......... .......... 23%  165K 26m29s
108700K .......... .......... .......... .......... .......... 23%  181K 26m29s
108750K .......... .......... .......... .......... .......... 23%  184K 26m29s
108800K .......... .......... .......... .......... .......... 23%  161K 26m29s
108850K .......... .......... .......... .......... .......... 23%  216K 26m29s
108900K .......... .......... .......... .......... .......... 23%  216K 26m28s
108950K .......... .......... .......... .......... .......... 23%  257K 26m28s
109000K .......... .......... .......... .......... .......... 23%  183K 26m28s
109050K .......... .......... .......... .......... .......... 23%  263K 26m28s
109100K .......... .......... .......... .......... .......... 23%  263K 26m27s
109150K .......... .......... .......... .......... .......... 23%  161K 26m27s
109200K .......... .......... .......... .......... .......... 23%  432K 26m27s
109250K .......... .......... .......... .......... .......... 23%  216K 26m27s
109300K .......... .......... .......... .......... .......... 23%  144K 26m27s
109350K .......... .......... .......... .......... .......... 23%  216K 26m26s
109400K .......... .......... .......... .......... .......... 23%  215K 26m26s
109450K .......... .......... .......... .......... .......... 23%  186K 26m26s
109500K .......... .......... .......... .......... .......... 23%  216K 26m26s
109550K .......... .......... .......... .......... .......... 23%  216K 26m26s
109600K .......... .......... .......... .......... .......... 23%  257K 26m25s
109650K .......... .......... .......... .......... .......... 23%  215K 26m25s
109700K .......... .......... .......... .......... .......... 23%  260K 26m25s
109750K .......... .......... .......... .......... .......... 23%  185K 26m25s
109800K .......... .......... .......... .......... .......... 23%  329K 26m24s
109850K .......... .......... .......... .......... .......... 23%  256K 26m24s
109900K .......... .......... .......... .......... .......... 23%  430K 26m24s
109950K .......... .......... .......... .......... .......... 23%  260K 26m23s
110000K .......... .......... .......... .......... .......... 23%  324K 26m23s
110050K .......... .......... .......... .......... .......... 23%  430K 26m22s
110100K .......... .......... .......... .......... .......... 23%  216K 26m22s
110150K .......... .......... .......... .......... .......... 23%  216K 26m22s
110200K .......... .......... .......... .......... .......... 23%  216K 26m22s
110250K .......... .......... .......... .......... .......... 23%  329K 26m21s
110300K .......... .......... .......... .......... .......... 23%  256K 26m21s
110350K .......... .......... .......... .......... .......... 23%  431K 26m20s
110400K .......... .......... .......... .......... .......... 23%  261K 26m20s
110450K .......... .......... .......... .......... .......... 23%  322K 26m19s
110500K .......... .......... .......... .......... .......... 23%  258K 26m19s
110550K .......... .......... .......... .......... .......... 23%  327K 26m19s
110600K .......... .......... .......... .......... .......... 23%  431K 26m18s
110650K .......... .......... .......... .......... .......... 23%  261K 26m18s
110700K .......... .......... .......... .......... .......... 23%  424K 26m17s
110750K .......... .......... .......... .......... .......... 23%  326K 26m17s
110800K .......... .......... .......... .......... .......... 24%  329K 26m16s
110850K .......... .......... .......... .......... .......... 24%  321K 26m16s
110900K .......... .......... .......... .......... .......... 24%  183K 26m16s
110950K .......... .......... .......... .......... .......... 24%  656K 26m15s
111000K .......... .......... .......... .......... .......... 24%  325K 26m15s
111050K .......... .......... .......... .......... .......... 24%  257K 26m14s
111100K .......... .......... .......... .......... .......... 24%  186K 26m14s
111150K .......... .......... .......... .......... .......... 24%  431K 26m14s
111200K .......... .......... .......... .......... .......... 24%  255K 26m13s
111250K .......... .......... .......... .......... .......... 24%  188K 26m13s
111300K .......... .......... .......... .......... .......... 24%  255K 26m13s
111350K .......... .......... .......... .......... .......... 24%  264K 26m13s
111400K .......... .......... .......... .......... .......... 24%  317K 26m12s
111450K .......... .......... .......... .......... .......... 24%  264K 26m12s
111500K .......... .......... .......... .......... .......... 24%  317K 26m11s
111550K .......... .......... .......... .......... .......... 24%  264K 26m11s
111600K .......... .......... .......... .......... .......... 24%  258K 26m11s
111650K .......... .......... .......... .......... .......... 24%  132K 26m11s
111700K .......... .......... .......... .......... .......... 24%  210K 26m11s
111750K .......... .......... .......... .......... .......... 24%  117K 26m11s
111800K .......... .......... .......... .......... .......... 24%  144K 26m11s
111850K .......... .......... .......... .......... .......... 24%  159K 26m11s
111900K .......... .......... .......... .......... .......... 24%  165K 26m11s
111950K .......... .......... .......... .......... .......... 24%  161K 26m12s
112000K .......... .......... .......... .......... .......... 24%  108K 26m12s
112050K .......... .......... .......... .......... .......... 24% 86.5K 26m13s
112100K .......... .......... .......... .......... .......... 24%  116K 26m13s
112150K .......... .......... .......... .......... .......... 24%  164K 26m13s
112200K .......... .......... .......... .......... .......... 24%  163K 26m13s
112250K .......... .......... .......... .......... .......... 24%  216K 26m13s
112300K .......... .......... .......... .......... .......... 24%  184K 26m13s
112350K .......... .......... .......... .......... .......... 24%  216K 26m13s
112400K .......... .......... .......... .......... .......... 24%  163K 26m13s
112450K .......... .......... .......... .......... .......... 24%  252K 26m13s
112500K .......... .......... .......... .......... .......... 24%  265K 26m12s
112550K .......... .......... .......... .......... .......... 24%  262K 26m12s
112600K .......... .......... .......... .......... .......... 24%  254K 26m12s
112650K .......... .......... .......... .......... .......... 24%  262K 26m11s
112700K .......... .......... .......... .......... .......... 24%  321K 26m11s
112750K .......... .......... .......... .......... .......... 24%  262K 26m11s
112800K .......... .......... .......... .......... .......... 24%  262K 26m10s
112850K .......... .......... .......... .......... .......... 24%  320K 26m10s
112900K .......... .......... .......... .......... .......... 24%  431K 26m9s
112950K .......... .......... .......... .......... .......... 24%  262K 26m9s
113000K .......... .......... .......... .......... .......... 24%  320K 26m8s
113050K .......... .......... .......... .......... .......... 24%  432K 26m8s
113100K .......... .......... .......... .......... .......... 24%  430K 26m7s
113150K .......... .......... .......... .......... .......... 24%  320K 26m7s
113200K .......... .......... .......... .......... .......... 24%  216K 26m7s
113250K .......... .......... .......... .......... .......... 24%  260K 26m6s
113300K .......... .......... .......... .......... .......... 24%  436K 26m6s
113350K .......... .......... .......... .......... .......... 24%  317K 26m5s
113400K .......... .......... .......... .......... .......... 24%  264K 26m5s
113450K .......... .......... .......... .......... .......... 24%  431K 26m4s
113500K .......... .......... .......... .......... .......... 24%  216K 26m4s
113550K .......... .......... .......... .......... .......... 24%  129K 26m5s
113600K .......... .......... .......... .......... .......... 24%  215K 26m4s
113650K .......... .......... .......... .......... .......... 24%  183K 26m4s
113700K .......... .......... .......... .......... .......... 24%  216K 26m4s
113750K .......... .......... .......... .......... .......... 24%  265K 26m4s
113800K .......... .......... .......... .......... .......... 24%  262K 26m3s
113850K .......... .......... .......... .......... .......... 24%  217K 26m3s
113900K .......... .......... .......... .......... .......... 24%  183K 26m3s
113950K .......... .......... .......... .......... .......... 24%  182K 26m3s
114000K .......... .......... .......... .......... .......... 24%  144K 26m3s
114050K .......... .......... .......... .......... .......... 24%  132K 26m3s
114100K .......... .......... .......... .......... .......... 24%  143K 26m4s
114150K .......... .......... .......... .......... .......... 24%  144K 26m4s
114200K .......... .......... .......... .......... .......... 24%  144K 26m4s
114250K .......... .......... .......... .......... .......... 24%  158K 26m4s
114300K .......... .......... .......... .......... .......... 24%  132K 26m4s
114350K .......... .......... .......... .......... .......... 24%  216K 26m4s
114400K .......... .......... .......... .......... .......... 24%  216K 26m4s
114450K .......... .......... .......... .......... .......... 24%  215K 26m4s
114500K .......... .......... .......... .......... .......... 24%  253K 26m3s
114550K .......... .......... .......... .......... .......... 24%  215K 26m3s
114600K .......... .......... .......... .......... .......... 24%  217K 26m3s
114650K .......... .......... .......... .......... .......... 24%  216K 26m3s
114700K .......... .......... .......... .......... .......... 24%  189K 26m3s
114750K .......... .......... .......... .......... .......... 24%  165K 26m3s
114800K .......... .......... .......... .......... .......... 24%  108K 26m3s
114850K .......... .......... .......... .......... .......... 24%  128K 26m3s
114900K .......... .......... .......... .......... .......... 24%  108K 26m4s
114950K .......... .......... .......... .......... .......... 24%  120K 26m4s
115000K .......... .......... .......... .......... .......... 24%  108K 26m5s
115050K .......... .......... .......... .......... .......... 24%  141K 26m5s
115100K .......... .......... .......... .......... .......... 24%  100K 26m5s
115150K .......... .......... .......... .......... .......... 24%  164K 26m5s
115200K .......... .......... .......... .......... .......... 24%  181K 26m5s
115250K .......... .......... .......... .......... .......... 24%  164K 26m5s
115300K .......... .......... .......... .......... .......... 24%  183K 26m5s
115350K .......... .......... .......... .......... .......... 24%  216K 26m5s
115400K .......... .......... .......... .......... .......... 25%  216K 26m5s
115450K .......... .......... .......... .......... .......... 25%  216K 26m5s
115500K .......... .......... .......... .......... .......... 25%  217K 26m4s
115550K .......... .......... .......... .......... .......... 25%  264K 26m4s
115600K .......... .......... .......... .......... .......... 25%  216K 26m4s
115650K .......... .......... .......... .......... .......... 25%  316K 26m3s
115700K .......... .......... .......... .......... .......... 25%  216K 26m3s
115750K .......... .......... .......... .......... .......... 25%  216K 26m3s
115800K .......... .......... .......... .......... .......... 25%  216K 26m3s
115850K .......... .......... .......... .......... .......... 25%  108K 26m3s
115900K .......... .......... .......... .......... .......... 25%  143K 26m3s
115950K .......... .......... .......... .......... .......... 25%  144K 26m4s
116000K .......... .......... .......... .......... .......... 25%  144K 26m4s
116050K .......... .......... .......... .......... .......... 25%  132K 26m4s
116100K .......... .......... .......... .......... .......... 25%  159K 26m4s
116150K .......... .......... .......... .......... .......... 25%  144K 26m4s
116200K .......... .......... .......... .......... .......... 25%  128K 26m4s
116250K .......... .......... .......... .......... .......... 25% 93.6K 26m5s
116300K .......... .......... .......... .......... .......... 25%  116K 26m5s
116350K .......... .......... .......... .......... .......... 25%  110K 26m6s
116400K .......... .......... .......... .......... .......... 25%  116K 26m6s
116450K .......... .......... .......... .......... .......... 25%  144K 26m6s
116500K .......... .......... .......... .......... .......... 25%  144K 26m7s
116550K .......... .......... .......... .......... .......... 25%  144K 26m7s
116600K .......... .......... .......... .......... .......... 25%  144K 26m7s
116650K .......... .......... .......... .......... .......... 25%  166K 26m7s
116700K .......... .......... .......... .......... .......... 25%  181K 26m7s
116750K .......... .......... .......... .......... .......... 25%  216K 26m6s
116800K .......... .......... .......... .......... .......... 25%  268K 26m6s
116850K .......... .......... .......... .......... .......... 25%  248K 26m6s
116900K .......... .......... .......... .......... .......... 25%  262K 26m6s
116950K .......... .......... .......... .......... .......... 25%  216K 26m5s
117000K .......... .......... .......... .......... .......... 25%  216K 26m5s
117050K .......... .......... .......... .......... .......... 25%  319K 26m5s
117100K .......... .......... .......... .......... .......... 25%  263K 26m4s
117150K .......... .......... .......... .......... .......... 25%  319K 26m4s
117200K .......... .......... .......... .......... .......... 25%  343K 26m3s
117250K .......... .......... .......... .......... .......... 25%  312K 26m3s
117300K .......... .......... .......... .......... .......... 25%  319K 26m3s
117350K .......... .......... .......... .......... .......... 25%  216K 26m2s
117400K .......... .......... .......... .......... .......... 25%  344K 26m2s
117450K .......... .......... .......... .......... .......... 25%  248K 26m2s
117500K .......... .......... .......... .......... .......... 25%  262K 26m1s
117550K .......... .......... .......... .......... .......... 25%  216K 26m1s
117600K .......... .......... .......... .......... .......... 25%  319K 26m1s
117650K .......... .......... .......... .......... .......... 25%  262K 26m0s
117700K .......... .......... .......... .......... .......... 25%  219K 26m0s
117750K .......... .......... .......... .......... .......... 25%  214K 26m0s
117800K .......... .......... .......... .......... .......... 25%  218K 26m0s
117850K .......... .......... .......... .......... .......... 25%  313K 25m59s
117900K .......... .......... .......... .......... .......... 25%  216K 25m59s
117950K .......... .......... .......... .......... .......... 25%  216K 25m59s
118000K .......... .......... .......... .......... .......... 25%  216K 25m59s
118050K .......... .......... .......... .......... .......... 25%  263K 25m58s
118100K .......... .......... .......... .......... .......... 25%  219K 25m58s
118150K .......... .......... .......... .......... .......... 25%  214K 25m58s
118200K .......... .......... .......... .......... .......... 25%  220K 25m58s
118250K .......... .......... .......... .......... .......... 25%  142K 25m58s
118300K .......... .......... .......... .......... .......... 25%  221K 25m57s
118350K .......... .......... .......... .......... .......... 25%  143K 25m58s
118400K .......... .......... .......... .......... .......... 25%  128K 25m58s
118450K .......... .......... .......... .......... .......... 25%  128K 25m58s
118500K .......... .......... .......... .......... .......... 25%  102K 25m59s
118550K .......... .......... .......... .......... .......... 25%  143K 25m59s
118600K .......... .......... .......... .......... .......... 25%  144K 25m59s
118650K .......... .......... .......... .......... .......... 25%  156K 25m59s
118700K .......... .......... .......... .......... .......... 25%  164K 25m59s
118750K .......... .......... .......... .......... .......... 25%  183K 25m59s
118800K .......... .......... .......... .......... .......... 25%  194K 25m59s
118850K .......... .......... .......... .......... .......... 25%  216K 25m58s
118900K .......... .......... .......... .......... .......... 25%  157K 25m59s
118950K .......... .......... .......... .......... .......... 25%  336K 25m58s
119000K .......... .......... .......... .......... .......... 25%  221K 25m58s
119050K .......... .......... .......... .......... .......... 25%  244K 25m58s
119100K .......... .......... .......... .......... .......... 25%  339K 25m57s
119150K .......... .......... .......... .......... .......... 25%  251K 25m57s
119200K .......... .......... .......... .......... .......... 25%  339K 25m56s
119250K .......... .......... .......... .......... .......... 25%  251K 25m56s
119300K .......... .......... .......... .......... .......... 25%  264K 25m56s
119350K .......... .......... .......... .......... .......... 25%  316K 25m55s
119400K .......... .......... .......... .......... .......... 25%  335K 25m55s
119450K .......... .......... .......... .......... .......... 25%  432K 25m54s
119500K .......... .......... .......... .......... .......... 25%  321K 25m54s
119550K .......... .......... .......... .......... .......... 25%  315K 25m53s
119600K .......... .......... .......... .......... .......... 25%  337K 25m53s
119650K .......... .......... .......... .......... .......... 25%  181K 25m53s
119700K .......... .......... .......... .......... .......... 25%  322K 25m52s
119750K .......... .......... .......... .......... .......... 25%  265K 25m52s
119800K .......... .......... .......... .......... .......... 25%  315K 25m52s
119850K .......... .......... .......... .......... .......... 25%  432K 25m51s
119900K .......... .......... .......... .......... .......... 25%  266K 25m51s
119950K .......... .......... .......... .......... .......... 25%  320K 25m50s
120000K .......... .......... .......... .......... .......... 25%  213K 25m50s
120050K .......... .......... .......... .......... .......... 26%  144K 25m50s
120100K .......... .......... .......... .......... .......... 26%  165K 25m50s
120150K .......... .......... .......... .......... .......... 26%  184K 25m50s
120200K .......... .......... .......... .......... .......... 26%  215K 25m50s
120250K .......... .......... .......... .......... .......... 26%  144K 25m50s
120300K .......... .......... .......... .......... .......... 26%  188K 25m50s
120350K .......... .......... .......... .......... .......... 26%  180K 25m50s
120400K .......... .......... .......... .......... .......... 26%  189K 25m50s
120450K .......... .......... .......... .......... .......... 26%  187K 25m50s
120500K .......... .......... .......... .......... .......... 26%  180K 25m50s
120550K .......... .......... .......... .......... .......... 26%  270K 25m49s
120600K .......... .......... .......... .......... .......... 26%  216K 25m49s
120650K .......... .......... .......... .......... .......... 26%  253K 25m49s
120700K .......... .......... .......... .......... .......... 26%  217K 25m48s
120750K .......... .......... .......... .......... .......... 26%  189K 25m48s
120800K .......... .......... .......... .......... .......... 26%  252K 25m48s
120850K .......... .......... .......... .......... .......... 26%  216K 25m48s
120900K .......... .......... .......... .......... .......... 26%  254K 25m48s
120950K .......... .......... .......... .......... .......... 26%  219K 25m47s
121000K .......... .......... .......... .......... .......... 26%  326K 25m47s
121050K .......... .......... .......... .......... .......... 26%  216K 25m47s
121100K .......... .......... .......... .......... .......... 26%  324K 25m46s
121150K .......... .......... .......... .......... .......... 26%  259K 25m46s
121200K .......... .......... .......... .......... .......... 26%  216K 25m46s
121250K .......... .......... .......... .......... .......... 26%  258K 25m45s
121300K .......... .......... .......... .......... .......... 26% 7.51K 26m3s
121350K .......... .......... .......... .......... .......... 26%  144K 26m3s
121400K .......... .......... .......... .......... .......... 26%  144K 26m3s
121450K .......... .......... .......... .......... .......... 26%  129K 26m4s
121500K .......... .......... .......... .......... .......... 26%  161K 26m4s
121550K .......... .......... .......... .......... .......... 26%  184K 26m3s
121600K .......... .......... .......... .......... .......... 26%  217K 26m3s
121650K .......... .......... .......... .......... .......... 26%  183K 26m3s
121700K .......... .......... .......... .......... .......... 26%  162K 26m3s
121750K .......... .......... .......... .......... .......... 26%  184K 26m3s
121800K .......... .......... .......... .......... .......... 26%  216K 26m3s
121850K .......... .......... .......... .......... .......... 26%  216K 26m3s
121900K .......... .......... .......... .......... .......... 26%  189K 26m2s
121950K .......... .......... .......... .......... .......... 26%  253K 26m2s
122000K .......... .......... .......... .......... .......... 26%  162K 26m2s
122050K .......... .......... .......... .......... .......... 26%  164K 26m2s
122100K .......... .......... .......... .......... .......... 26%  183K 26m2s
122150K .......... .......... .......... .......... .......... 26%  216K 26m2s
122200K .......... .......... .......... .......... .......... 26%  216K 26m2s
122250K .......... .......... .......... .......... .......... 26%  216K 26m1s
122300K .......... .......... .......... .......... .......... 26%  215K 26m1s
122350K .......... .......... .......... .......... .......... 26%  182K 26m1s
122400K .......... .......... .......... .......... .......... 26%  162K 26m1s
122450K .......... .......... .......... .......... .......... 26%  216K 26m1s
122500K .......... .......... .......... .......... .......... 26%  216K 26m0s
122550K .......... .......... .......... .......... .......... 26%  266K 26m0s
122600K .......... .......... .......... .......... .......... 26%  216K 26m0s
122650K .......... .......... .......... .......... .......... 26%  251K 26m0s
122700K .......... .......... .......... .......... .......... 26%  261K 25m59s
122750K .......... .......... .......... .......... .......... 26%  185K 25m59s
122800K .......... .......... .......... .......... .......... 26%  336K 25m59s
122850K .......... .......... .......... .......... .......... 26%  252K 25m58s
122900K .......... .......... .......... .......... .......... 26%  337K 25m58s
122950K .......... .......... .......... .......... .......... 26%  314K 25m57s
123000K .......... .......... .......... .......... .......... 26%  323K 25m57s
123050K .......... .......... .......... .......... .......... 26%  337K 25m57s
123100K .......... .......... .......... .......... .......... 26%  314K 25m56s
123150K .......... .......... .......... .......... .......... 26%  266K 25m56s
123200K .......... .......... .......... .......... .......... 26%  315K 25m55s
123250K .......... .......... .......... .......... .......... 26%  432K 25m55s
123300K .......... .......... .......... .......... .......... 26%  317K 25m54s
123350K .......... .......... .......... .......... .......... 26%  339K 25m54s
123400K .......... .......... .......... .......... .......... 26%  430K 25m53s
123450K .......... .......... .......... .......... .......... 26%  432K 25m53s
123500K .......... .......... .......... .......... .......... 26%  312K 25m52s
123550K .......... .......... .......... .......... .......... 26%  325K 25m52s
123600K .......... .......... .......... .......... .......... 26%  431K 25m52s
123650K .......... .......... .......... .......... .......... 26%  432K 25m51s
123700K .......... .......... .......... .......... .......... 26%  263K 25m51s
123750K .......... .......... .......... .......... .......... 26%  676K 25m50s
123800K .......... .......... .......... .......... .......... 26%  318K 25m50s
123850K .......... .......... .......... .......... .......... 26%  419K 25m49s
123900K .......... .......... .......... .......... .......... 26%  215K 25m49s
123950K .......... .......... .......... .......... .......... 26%  219K 25m49s
124000K .......... .......... .......... .......... .......... 26%  264K 25m48s
124050K .......... .......... .......... .......... .......... 26%  309K 25m48s
124100K .......... .......... .......... .......... .......... 26%  222K 25m48s
124150K .......... .......... .......... .......... .......... 26%  311K 25m47s
124200K .......... .......... .......... .......... .......... 26%  162K 25m47s
124250K .......... .......... .......... .......... .......... 26%  434K 25m47s
124300K .......... .......... .......... .......... .......... 26%  109K 25m47s
124350K .......... .......... .......... .......... .......... 26%  142K 25m47s
124400K .......... .......... .......... .......... .......... 26%  164K 25m47s
124450K .......... .......... .......... .......... .......... 26%  129K 25m47s
124500K .......... .......... .......... .......... .......... 26%  164K 25m47s
124550K .......... .......... .......... .......... .......... 26%  183K 25m47s
124600K .......... .......... .......... .......... .......... 26%  118K 25m47s
124650K .......... .......... .......... .......... .......... 27% 99.3K 25m48s
124700K .......... .......... .......... .......... .......... 27%  144K 25m48s
124750K .......... .......... .......... .......... .......... 27%  216K 25m48s
124800K .......... .......... .......... .......... .......... 27%  163K 25m48s
124850K .......... .......... .......... .......... .......... 27%  182K 25m48s
124900K .......... .......... .......... .......... .......... 27%  255K 25m47s
124950K .......... .......... .......... .......... .......... 27%  252K 25m47s
125000K .......... .......... .......... .......... .......... 27%  216K 25m47s
125050K .......... .......... .......... .......... .......... 27%  216K 25m47s
125100K .......... .......... .......... .......... .......... 27%  216K 25m46s
125150K .......... .......... .......... .......... .......... 27%  337K 25m46s
125200K .......... .......... .......... .......... .......... 27%  252K 25m46s
125250K .......... .......... .......... .......... .......... 27%  337K 25m45s
125300K .......... .......... .......... .......... .......... 27%  252K 25m45s
125350K .......... .......... .......... .......... .......... 27%  337K 25m44s
125400K .......... .......... .......... .......... .......... 27%  431K 25m44s
125450K .......... .......... .......... .......... .......... 27%  216K 25m44s
125500K .......... .......... .......... .......... .......... 27%  432K 25m43s
125550K .......... .......... .......... .......... .......... 27%  320K 25m43s
125600K .......... .......... .......... .......... .......... 27%  315K 25m42s
125650K .......... .......... .......... .......... .......... 27%  432K 25m42s
125700K .......... .......... .......... .......... .......... 27%  338K 25m41s
125750K .......... .......... .......... .......... .......... 27%  432K 25m41s
125800K .......... .......... .......... .......... .......... 27%  320K 25m40s
125850K .......... .......... .......... .......... .......... 27%  432K 25m40s
125900K .......... .......... .......... .......... .......... 27%  316K 25m39s
125950K .......... .......... .......... .......... .......... 27%  666K 25m39s
126000K .......... .......... .......... .......... .......... 27%  431K 25m38s
126050K .......... .......... .......... .......... .......... 27%  314K 25m38s
126100K .......... .......... .......... .......... .......... 27%  323K 25m37s
126150K .......... .......... .......... .......... .......... 27%  321K 25m37s
126200K .......... .......... .......... .......... .......... 27%  432K 25m36s
126250K .......... .......... .......... .......... .......... 27%  330K 25m36s
126300K .......... .......... .......... .......... .......... 27%  431K 25m35s
126350K .......... .......... .......... .......... .......... 27%  432K 25m35s
126400K .......... .......... .......... .......... .......... 27%  433K 25m34s
126450K .......... .......... .......... .......... .......... 27%  626K 25m34s
126500K .......... .......... .......... .......... .......... 27%  432K 25m33s
126550K .......... .......... .......... .......... .......... 27%  329K 25m33s
126600K .......... .......... .......... .......... .......... 27%  432K 25m32s
126650K .......... .......... .......... .......... .......... 27%  625K 25m32s
126700K .......... .......... .......... .......... .......... 27%  225K 25m31s
126750K .......... .......... .......... .......... .......... 27% 1.06M 25m31s
126800K .......... .......... .......... .......... .......... 27%  270K 25m30s
126850K .......... .......... .......... .......... .......... 27%  396K 25m30s
126900K .......... .......... .......... .......... .......... 27%  432K 25m29s
126950K .......... .......... .......... .......... .......... 27%  227K 25m29s
127000K .......... .......... .......... .......... .......... 27%  399K 25m29s
127050K .......... .......... .......... .......... .......... 27%  428K 25m28s
127100K .......... .......... .......... .......... .......... 27%  431K 25m28s
127150K .......... .......... .......... .......... .......... 27%  432K 25m27s
127200K .......... .......... .......... .......... .......... 27%  331K 25m27s
127250K .......... .......... .......... .......... .......... 27%  254K 25m26s
127300K .......... .......... .......... .......... .......... 27%  434K 25m26s
127350K .......... .......... .......... .......... .......... 27%  216K 25m26s
127400K .......... .......... .......... .......... .......... 27%  425K 25m25s
127450K .......... .......... .......... .......... .......... 27%  326K 25m25s
127500K .......... .......... .......... .......... .......... 27%  272K 25m24s
127550K .......... .......... .......... .......... .......... 27%  403K 25m24s
127600K .......... .......... .......... .......... .......... 27%  427K 25m23s
127650K .......... .......... .......... .......... .......... 27%  431K 25m23s
127700K .......... .......... .......... .......... .......... 27%  226K 25m22s
127750K .......... .......... .......... .......... .......... 27%  404K 25m22s
127800K .......... .......... .......... .......... .......... 27%  432K 25m21s
127850K .......... .......... .......... .......... .......... 27%  425K 25m21s
127900K .......... .......... .......... .......... .......... 27%  255K 25m21s
127950K .......... .......... .......... .......... .......... 27%  331K 25m20s
128000K .......... .......... .......... .......... .......... 27%  255K 25m20s
128050K .......... .......... .......... .......... .......... 27%  352K 25m19s
128100K .......... .......... .......... .......... .......... 27%  244K 25m19s
128150K .......... .......... .......... .......... .......... 27%  432K 25m19s
128200K .......... .......... .......... .......... .......... 27%  216K 25m18s
128250K .......... .......... .......... .......... .......... 27%  430K 25m18s
128300K .......... .......... .......... .......... .......... 27%  329K 25m17s
128350K .......... .......... .......... .......... .......... 27%  256K 25m17s
128400K .......... .......... .......... .......... .......... 27%  330K 25m17s
128450K .......... .......... .......... .......... .......... 27%  255K 25m16s
128500K .......... .......... .......... .......... .......... 27%  258K 25m16s
128550K .......... .......... .......... .......... .......... 27%  326K 25m16s
128600K .......... .......... .......... .......... .......... 27%  334K 25m15s
128650K .......... .......... .......... .......... .......... 27%  313K 25m15s
128700K .......... .......... .......... .......... .......... 27%  186K 25m15s
128750K .......... .......... .......... .......... .......... 27%  432K 25m14s
128800K .......... .......... .......... .......... .......... 27%  259K 25m14s
128850K .......... .......... .......... .......... .......... 27%  163K 25m14s
128900K .......... .......... .......... .......... .......... 27%  254K 25m14s
128950K .......... .......... .......... .......... .......... 27%  144K 25m14s
129000K .......... .......... .......... .......... .......... 27%  162K 25m14s
129050K .......... .......... .......... .......... .......... 27%  164K 25m14s
129100K .......... .......... .......... .......... .......... 27%  181K 25m14s
129150K .......... .......... .......... .......... .......... 27%  186K 25m13s
129200K .......... .......... .......... .......... .......... 27%  216K 25m13s
129250K .......... .......... .......... .......... .......... 28%  188K 25m13s
129300K .......... .......... .......... .......... .......... 28%  180K 25m13s
129350K .......... .......... .......... .......... .......... 28%  220K 25m13s
129400K .......... .......... .......... .......... .......... 28%  181K 25m13s
129450K .......... .......... .......... .......... .......... 28%  262K 25m12s
129500K .......... .......... .......... .......... .......... 28%  220K 25m12s
129550K .......... .......... .......... .......... .......... 28%  261K 25m12s
129600K .......... .......... .......... .......... .......... 28%  182K 25m12s
129650K .......... .......... .......... .......... .......... 28%  220K 25m11s
129700K .......... .......... .......... .......... .......... 28%  260K 25m11s
129750K .......... .......... .......... .......... .......... 28%  250K 25m11s
129800K .......... .......... .......... .......... .......... 28%  269K 25m10s
129850K .......... .......... .......... .......... .......... 28%  310K 25m10s
129900K .......... .......... .......... .......... .......... 28%  267K 25m10s
129950K .......... .......... .......... .......... .......... 28%  417K 25m9s
130000K .......... .......... .......... .......... .......... 28%  220K 25m9s
130050K .......... .......... .......... .......... .......... 28%  312K 25m9s
130100K .......... .......... .......... .......... .......... 28%  265K 25m8s
130150K .......... .......... .......... .......... .......... 28%  262K 25m8s
130200K .......... .......... .......... .......... .......... 28%  218K 25m8s
130250K .......... .......... .......... .......... .......... 28%  316K 25m7s
130300K .......... .......... .......... .......... .......... 28%  311K 25m7s
130350K .......... .......... .......... .......... .......... 28%  216K 25m7s
130400K .......... .......... .......... .......... .......... 28%  216K 25m7s
130450K .......... .......... .......... .......... .......... 28%  261K 25m6s
130500K .......... .......... .......... .......... .......... 28%  216K 25m6s
130550K .......... .......... .......... .......... .......... 28%  269K 25m6s
130600K .......... .......... .......... .......... .......... 28%  249K 25m5s
130650K .......... .......... .......... .......... .......... 28%  261K 25m5s
130700K .......... .......... .......... .......... .......... 28%  269K 25m5s
130750K .......... .......... .......... .......... .......... 28%  216K 25m4s
130800K .......... .......... .......... .......... .......... 28%  311K 25m4s
130850K .......... .......... .......... .......... .......... 28%  272K 25m4s
130900K .......... .......... .......... .......... .......... 28%  315K 25m3s
130950K .......... .......... .......... .......... .......... 28%  312K 25m3s
131000K .......... .......... .......... .......... .......... 28%  429K 25m2s
131050K .......... .......... .......... .......... .......... 28%  268K 25m2s
131100K .......... .......... .......... .......... .......... 28%  413K 25m2s
131150K .......... .......... .......... .......... .......... 28%  265K 25m1s
131200K .......... .......... .......... .......... .......... 28%  322K 25m1s
131250K .......... .......... .......... .......... .......... 28%  419K 25m0s
131300K .......... .......... .......... .......... .......... 28%  321K 25m0s
131350K .......... .......... .......... .......... .......... 28%  429K 24m59s
131400K .......... .......... .......... .......... .......... 28%  431K 24m59s
131450K .......... .......... .......... .......... .......... 28%  432K 24m58s
131500K .......... .......... .......... .......... .......... 28%  432K 24m58s
131550K .......... .......... .......... .......... .......... 28%  268K 24m58s
131600K .......... .......... .......... .......... .......... 28%  432K 24m57s
131650K .......... .......... .......... .......... .......... 28%  432K 24m57s
131700K .......... .......... .......... .......... .......... 28%  432K 24m56s
131750K .......... .......... .......... .......... .......... 28%  432K 24m56s
131800K .......... .......... .......... .......... .......... 28%  432K 24m55s
131850K .......... .......... .......... .......... .......... 28%  432K 24m55s
131900K .......... .......... .......... .......... .......... 28%  420K 24m54s
131950K .......... .......... .......... .......... .......... 28%  445K 24m54s
132000K .......... .......... .......... .......... .......... 28%  432K 24m53s
132050K .......... .......... .......... .......... .......... 28%  589K 24m53s
132100K .......... .......... .......... .......... .......... 28%  224K 24m52s
132150K .......... .......... .......... .......... .......... 28%  145M 24m51s
132200K .......... .......... .......... .......... .......... 28%  402K 24m51s
132250K .......... .......... .......... .......... .......... 28%  342K 24m51s
132300K .......... .......... .......... .......... .......... 28%  311K 24m50s
132350K .......... .......... .......... .......... .......... 28%  432K 24m50s
132400K .......... .......... .......... .......... .......... 28%  428K 24m49s
132450K .......... .......... .......... .......... .......... 28%  431K 24m49s
132500K .......... .......... .......... .......... .......... 28%  430K 24m48s
132550K .......... .......... .......... .......... .......... 28%  430K 24m48s
132600K .......... .......... .......... .......... .......... 28%  439K 24m47s
132650K .......... .......... .......... .......... .......... 28%  433K 24m47s
132700K .......... .......... .......... .......... .......... 28%  425K 24m46s
132750K .......... .......... .......... .......... .......... 28%  433K 24m46s
132800K .......... .......... .......... .......... .......... 28%  440K 24m45s
132850K .......... .......... .......... .......... .......... 28%  654K 24m45s
132900K .......... .......... .......... .......... .......... 28%  449K 24m44s
132950K .......... .......... .......... .......... .......... 28%  603K 24m44s
133000K .......... .......... .......... .......... .......... 28%  460K 24m43s
133050K .......... .......... .......... .......... .......... 28%  407K 24m43s
133100K .......... .......... .......... .......... .......... 28%  460K 24m42s
133150K .......... .......... .......... .......... .......... 28%  585K 24m41s
133200K .......... .......... .......... .......... .......... 28%  263K 24m41s
133250K .......... .......... .......... .......... .......... 28%  694K 24m41s
133300K .......... .......... .......... .......... .......... 28%  432K 24m40s
133350K .......... .......... .......... .......... .......... 28%  405K 24m40s
133400K .......... .......... .......... .......... .......... 28%  338K 24m39s
133450K .......... .......... .......... .......... .......... 28%  314K 24m39s
133500K .......... .......... .......... .......... .......... 28%  432K 24m38s
133550K .......... .......... .......... .......... .......... 28%  432K 24m38s
133600K .......... .......... .......... .......... .......... 28%  433K 24m37s
133650K .......... .......... .......... .......... .......... 28%  660K 24m37s
133700K .......... .......... .......... .......... .......... 28%  433K 24m36s
133750K .......... .......... .......... .......... .......... 28%  445K 24m36s
133800K .......... .......... .......... .......... .......... 28%  313K 24m35s
133850K .......... .......... .......... .......... .......... 28%  322K 24m35s
133900K .......... .......... .......... .......... .......... 29% 1.32M 24m34s
133950K .......... .......... .......... .......... .......... 29%  267K 24m34s
134000K .......... .......... .......... .......... .......... 29%  249K 24m34s
134050K .......... .......... .......... .......... .......... 29%  216K 24m33s
134100K .......... .......... .......... .......... .......... 29%  340K 24m33s
134150K .......... .......... .......... .......... .......... 29%  250K 24m33s
134200K .......... .......... .......... .......... .......... 29%  216K 24m32s
134250K .......... .......... .......... .......... .......... 29%  324K 24m32s
134300K .......... .......... .......... .......... .......... 29%  260K 24m32s
134350K .......... .......... .......... .......... .......... 29%  341K 24m31s
134400K .......... .......... .......... .......... .......... 29%  404K 24m31s
134450K .......... .......... .......... .......... .......... 29%  260K 24m31s
134500K .......... .......... .......... .......... .......... 29%  323K 24m30s
134550K .......... .......... .......... .......... .......... 29%  216K 24m30s
134600K .......... .......... .......... .......... .......... 29%  184K 24m30s
134650K .......... .......... .......... .......... .......... 29%  327K 24m29s
134700K .......... .......... .......... .......... .......... 29%  325K 24m29s
134750K .......... .......... .......... .......... .......... 29%  259K 24m29s
134800K .......... .......... .......... .......... .......... 29%  431K 24m28s
134850K .......... .......... .......... .......... .......... 29%  255K 24m28s
134900K .......... .......... .......... .......... .......... 29%  330K 24m28s
134950K .......... .......... .......... .......... .......... 29%  254K 24m27s
135000K .......... .......... .......... .......... .......... 29%  333K 24m27s
135050K .......... .......... .......... .......... .......... 29%  432K 24m26s
135100K .......... .......... .......... .......... .......... 29%  253K 24m26s
135150K .......... .......... .......... .......... .......... 29%  265K 24m26s
135200K .......... .......... .......... .......... .......... 29%  259K 24m26s
135250K .......... .......... .......... .......... .......... 29%  254K 24m25s
135300K .......... .......... .......... .......... .......... 29%  265K 24m25s
135350K .......... .......... .......... .......... .......... 29%  222K 24m25s
135400K .......... .......... .......... .......... .......... 29%  210K 24m25s
135450K .......... .......... .......... .......... .......... 29%  147K 24m25s
135500K .......... .......... .......... .......... .......... 29%  178K 24m24s
135550K .......... .......... .......... .......... .......... 29%  188K 24m24s
135600K .......... .......... .......... .......... .......... 29%  191K 24m24s
135650K .......... .......... .......... .......... .......... 29%  216K 24m24s
135700K .......... .......... .......... .......... .......... 29%  216K 24m24s
135750K .......... .......... .......... .......... .......... 29%  143K 24m24s
135800K .......... .......... .......... .......... .......... 29%  216K 24m24s
135850K .......... .......... .......... .......... .......... 29%  216K 24m23s
135900K .......... .......... .......... .......... .......... 29%  178K 24m23s
135950K .......... .......... .......... .......... .......... 29%  224K 24m23s
136000K .......... .......... .......... .......... .......... 29%  263K 24m23s
136050K .......... .......... .......... .......... .......... 29%  246K 24m23s
136100K .......... .......... .......... .......... .......... 29%  133K 24m23s
136150K .......... .......... .......... .......... .......... 29%  246K 24m22s
136200K .......... .......... .......... .......... .......... 29%  167K 24m22s
136250K .......... .......... .......... .......... .......... 29%  216K 24m22s
136300K .......... .......... .......... .......... .......... 29%  216K 24m22s
136350K .......... .......... .......... .......... .......... 29%  307K 24m22s
136400K .......... .......... .......... .......... .......... 29%  216K 24m21s
136450K .......... .......... .......... .......... .......... 29%  216K 24m21s
136500K .......... .......... .......... .......... .......... 29%  144K 24m21s
136550K .......... .......... .......... .......... .......... 29%  184K 24m21s
136600K .......... .......... .......... .......... .......... 29%  216K 24m21s
136650K .......... .......... .......... .......... .......... 29%  216K 24m21s
136700K .......... .......... .......... .......... .......... 29%  261K 24m20s
136750K .......... .......... .......... .......... .......... 29%  216K 24m20s
136800K .......... .......... .......... .......... .......... 29%  216K 24m20s
136850K .......... .......... .......... .......... .......... 29%  165K 24m20s
136900K .......... .......... .......... .......... .......... 29%  181K 24m20s
136950K .......... .......... .......... .......... .......... 29%  129K 24m20s
137000K .......... .......... .......... .......... .......... 29%  118K 24m20s
137050K .......... .......... .......... .......... .......... 29%  108K 24m21s
137100K .......... .......... .......... .......... .......... 29%  144K 24m21s
137150K .......... .......... .......... .......... .......... 29%  144K 24m21s
137200K .......... .......... .......... .......... .......... 29%  108K 24m21s
137250K .......... .......... .......... .......... .......... 29% 98.9K 24m22s
137300K .......... .......... .......... .......... .......... 29%  144K 24m22s
137350K .......... .......... .......... .......... .......... 29%  183K 24m21s
137400K .......... .......... .......... .......... .......... 29%  190K 24m21s
137450K .......... .......... .......... .......... .......... 29%  182K 24m21s
137500K .......... .......... .......... .......... .......... 29%  216K 24m21s
137550K .......... .......... .......... .......... .......... 29%  184K 24m21s
137600K .......... .......... .......... .......... .......... 29%  216K 24m21s
137650K .......... .......... .......... .......... .......... 29%  144K 24m21s
137700K .......... .......... .......... .......... .......... 29%  144K 24m21s
137750K .......... .......... .......... .......... .......... 29%  260K 24m20s
137800K .......... .......... .......... .......... .......... 29%  160K 24m20s
137850K .......... .......... .......... .......... .......... 29%  189K 24m20s
137900K .......... .......... .......... .......... .......... 29%  185K 24m20s
137950K .......... .......... .......... .......... .......... 29%  182K 24m20s
138000K .......... .......... .......... .......... .......... 29%  188K 24m20s
138050K .......... .......... .......... .......... .......... 29%  216K 24m20s
138100K .......... .......... .......... .......... .......... 29%  216K 24m20s
138150K .......... .......... .......... .......... .......... 29%  325K 24m19s
138200K .......... .......... .......... .......... .......... 29%  259K 24m19s
138250K .......... .......... .......... .......... .......... 29%  216K 24m19s
138300K .......... .......... .......... .......... .......... 29%  325K 24m18s
138350K .......... .......... .......... .......... .......... 29%  314K 24m18s
138400K .......... .......... .......... .......... .......... 29%  188K 24m18s
138450K .......... .......... .......... .......... .......... 29%  324K 24m17s
138500K .......... .......... .......... .......... .......... 30%  216K 24m17s
138550K .......... .......... .......... .......... .......... 30%  216K 24m17s
138600K .......... .......... .......... .......... .......... 30%  431K 24m16s
138650K .......... .......... .......... .......... .......... 30%  216K 24m16s
138700K .......... .......... .......... .......... .......... 30%  432K 24m16s
138750K .......... .......... .......... .......... .......... 30%  259K 24m15s
138800K .......... .......... .......... .......... .......... 30%  252K 24m15s
138850K .......... .......... .......... .......... .......... 30%  267K 24m15s
138900K .......... .......... .......... .......... .......... 30%  320K 24m14s
138950K .......... .......... .......... .......... .......... 30%  328K 24m14s
139000K .......... .......... .......... .......... .......... 30%  325K 24m14s
139050K .......... .......... .......... .......... .......... 30%  320K 24m13s
139100K .......... .......... .......... .......... .......... 30%  327K 24m13s
139150K .......... .......... .......... .......... .......... 30%  257K 24m13s
139200K .......... .......... .......... .......... .......... 30%  328K 24m12s
139250K .......... .......... .......... .......... .......... 30%  325K 24m12s
139300K .......... .......... .......... .......... .......... 30%  432K 24m11s
139350K .......... .......... .......... .......... .......... 30%  320K 24m11s
139400K .......... .......... .......... .......... .......... 30%  432K 24m10s
139450K .......... .......... .......... .......... .......... 30%  432K 24m10s
139500K .......... .......... .......... .......... .......... 30%  421K 24m10s
139550K .......... .......... .......... .......... .......... 30%  266K 24m9s
139600K .......... .......... .......... .......... .......... 30%  216K 24m9s
139650K .......... .......... .......... .......... .......... 30%  182K 24m9s
139700K .......... .......... .......... .......... .......... 30% 41.4M 24m8s
139750K .......... .......... .......... .......... .......... 30%  210K 24m8s
139800K .......... .......... .......... .......... .......... 30%  215K 24m8s
139850K .......... .......... .......... .......... .......... 30%  220K 24m8s
139900K .......... .......... .......... .......... .......... 30%  167K 24m7s
139950K .......... .......... .......... .......... .......... 30%  255K 24m7s
140000K .......... .......... .......... .......... .......... 30%  160K 24m7s
140050K .......... .......... .......... .......... .......... 30%  216K 24m7s
140100K .......... .......... .......... .......... .......... 30%  267K 24m7s
140150K .......... .......... .......... .......... .......... 30%  216K 24m6s
140200K .......... .......... .......... .......... .......... 30%  216K 24m6s
140250K .......... .......... .......... .......... .......... 30%  312K 24m6s
140300K .......... .......... .......... .......... .......... 30%  165K 24m6s
140350K .......... .......... .......... .......... .......... 30%  259K 24m6s
140400K .......... .......... .......... .......... .......... 30%  323K 24m5s
140450K .......... .......... .......... .......... .......... 30%  216K 24m5s
140500K .......... .......... .......... .......... .......... 30%  216K 24m5s
140550K .......... .......... .......... .......... .......... 30%  258K 24m4s
140600K .......... .......... .......... .......... .......... 30%  251K 24m4s
140650K .......... .......... .......... .......... .......... 30%  215K 24m4s
140700K .......... .......... .......... .......... .......... 30%  216K 24m4s
140750K .......... .......... .......... .......... .......... 30%  333K 24m3s
140800K .......... .......... .......... .......... .......... 30%  254K 24m3s
140850K .......... .......... .......... .......... .......... 30%  267K 24m3s
140900K .......... .......... .......... .......... .......... 30%  313K 24m2s
140950K .......... .......... .......... .......... .......... 30%  267K 24m2s
141000K .......... .......... .......... .......... .......... 30%  313K 24m2s
141050K .......... .......... .......... .......... .......... 30%  216K 24m1s
141100K .......... .......... .......... .......... .......... 30%  333K 24m1s
141150K .......... .......... .......... .......... .......... 30%  252K 24m1s
141200K .......... .......... .......... .......... .......... 30%  216K 24m1s
141250K .......... .......... .......... .......... .......... 30%  431K 24m0s
141300K .......... .......... .......... .......... .......... 30%  216K 24m0s
141350K .......... .......... .......... .......... .......... 30%  431K 23m59s
141400K .......... .......... .......... .......... .......... 30%  335K 23m59s
141450K .......... .......... .......... .......... .......... 30%  217K 23m59s
141500K .......... .......... .......... .......... .......... 30%  252K 23m59s
141550K .......... .......... .......... .......... .......... 30%  430K 23m58s
141600K .......... .......... .......... .......... .......... 30%  336K 23m58s
141650K .......... .......... .......... .......... .......... 30%  252K 23m57s
141700K .......... .......... .......... .......... .......... 30%  429K 23m57s
141750K .......... .......... .......... .......... .......... 30%  333K 23m57s
141800K .......... .......... .......... .......... .......... 30%  316K 23m56s
141850K .......... .......... .......... .......... .......... 30%  323K 23m56s
141900K .......... .......... .......... .......... .......... 30%  261K 23m55s
141950K .......... .......... .......... .......... .......... 30%  431K 23m55s
142000K .......... .......... .......... .......... .......... 30%  324K 23m55s
142050K .......... .......... .......... .......... .......... 30%  427K 23m54s
142100K .......... .......... .......... .......... .......... 30%  432K 23m54s
142150K .......... .......... .......... .......... .......... 30%  432K 23m53s
142200K .......... .......... .......... .......... .......... 30%  262K 23m53s
142250K .......... .......... .......... .......... .......... 30%  322K 23m53s
142300K .......... .......... .......... .......... .......... 30%  432K 23m52s
142350K .......... .......... .......... .......... .......... 30% 5.79K 24m11s
142400K .......... .......... .......... .......... .......... 30%  216K 24m10s
142450K .......... .......... .......... .......... .......... 30%  432K 24m10s
142500K .......... .......... .......... .......... .......... 30%  216K 24m10s
142550K .......... .......... .......... .......... .......... 30%  426K 24m9s
142600K .......... .......... .......... .......... .......... 30%  319K 24m9s
142650K .......... .......... .......... .......... .......... 30%  163K 24m9s
142700K .......... .......... .......... .......... .......... 30%  216K 24m9s
142750K .......... .......... .......... .......... .......... 30%  318K 24m8s
142800K .......... .......... .......... .......... .......... 30%  262K 24m8s
142850K .......... .......... .......... .......... .......... 30%  184K 24m8s
142900K .......... .......... .......... .......... .......... 30%  262K 24m8s
142950K .......... .......... .......... .......... .......... 30%  319K 24m7s
143000K .......... .......... .......... .......... .......... 30%  261K 24m7s
143050K .......... .......... .......... .......... .......... 30%  144K 24m7s
143100K .......... .......... .......... .......... .......... 31%  144K 24m7s
143150K .......... .......... .......... .......... .......... 31%  183K 24m7s
143200K .......... .......... .......... .......... .......... 31%  118K 24m7s
143250K .......... .......... .......... .......... .......... 31%  216K 24m7s
143300K .......... .......... .......... .......... .......... 31%  216K 24m7s
143350K .......... .......... .......... .......... .......... 31%  216K 24m6s
143400K .......... .......... .......... .......... .......... 31%  216K 24m6s
143450K .......... .......... .......... .......... .......... 31%  216K 24m6s
143500K .......... .......... .......... .......... .......... 31%  318K 24m6s
143550K .......... .......... .......... .......... .......... 31%  164K 24m5s
143600K .......... .......... .......... .......... .......... 31%  183K 24m5s
143650K .......... .......... .......... .......... .......... 31%  216K 24m5s
143700K .......... .......... .......... .......... .......... 31%  264K 24m5s
143750K .......... .......... .......... .......... .......... 31%  317K 24m4s
143800K .......... .......... .......... .......... .......... 31%  216K 24m4s
143850K .......... .......... .......... .......... .......... 31%  298K 24m4s
143900K .......... .......... .......... .......... .......... 31%  278K 24m4s
143950K .......... .......... .......... .......... .......... 31%  216K 24m3s
144000K .......... .......... .......... .......... .......... 31%  216K 24m3s
144050K .......... .......... .......... .......... .......... 31%  299K 24m3s
144100K .......... .......... .......... .......... .......... 31%  278K 24m2s
144150K .......... .......... .......... .......... .......... 31%  432K 24m2s
144200K .......... .......... .......... .......... .......... 31%  264K 24m2s
144250K .......... .......... .......... .......... .......... 31%  317K 24m1s
144300K .......... .......... .......... .......... .......... 31%  217K 24m1s
144350K .......... .......... .......... .......... .......... 31%  428K 24m1s
144400K .......... .......... .......... .......... .......... 31%  319K 24m0s
144450K .......... .......... .......... .......... .......... 31%  396K 24m0s
144500K .......... .......... .......... .......... .......... 31%  362K 23m59s
144550K .......... .......... .......... .......... .......... 31%  317K 23m59s
144600K .......... .......... .......... .......... .......... 31%  298K 23m59s
144650K .......... .......... .......... .......... .......... 31%  280K 23m58s
144700K .......... .......... .......... .......... .......... 31%  216K 23m58s
144750K .......... .......... .......... .......... .......... 31%  316K 23m58s
144800K .......... .......... .......... .......... .......... 31%  216K 23m57s
144850K .......... .......... .......... .......... .......... 31%  672K 23m57s
144900K .......... .......... .......... .......... .......... 31%  216K 23m57s
144950K .......... .......... .......... .......... .......... 31%  299K 23m56s
145000K .......... .......... .......... .......... .......... 31%  278K 23m56s
145050K .......... .......... .......... .......... .......... 31%  294K 23m56s
145100K .......... .......... .......... .......... .......... 31%  213K 23m55s
145150K .......... .......... .......... .......... .......... 31%  282K 23m55s
145200K .......... .......... .......... .......... .......... 31%  294K 23m55s
145250K .......... .......... .......... .......... .......... 31%  282K 23m54s
145300K .......... .......... .......... .......... .......... 31%  314K 23m54s
145350K .......... .......... .......... .......... .......... 31%  394K 23m54s
145400K .......... .......... .......... .......... .......... 31%  283K 23m53s
145450K .......... .......... .......... .......... .......... 31%  297K 23m53s
145500K .......... .......... .......... .......... .......... 31%  280K 23m53s
145550K .......... .......... .......... .......... .......... 31%  431K 23m52s
145600K .......... .......... .......... .......... .......... 31%  320K 23m52s
145650K .......... .......... .......... .......... .......... 31%  423K 23m51s
145700K .......... .......... .......... .......... .......... 31%  432K 23m51s
145750K .......... .......... .......... .......... .......... 31%  401K 23m50s
145800K .......... .......... .......... .......... .......... 31%  425K 23m50s
145850K .......... .......... .......... .......... .......... 31%  283K 23m50s
145900K .......... .......... .......... .......... .......... 31%  432K 23m49s
145950K .......... .......... .......... .......... .......... 31%  314K 23m49s
146000K .......... .......... .......... .......... .......... 31%  265K 23m48s
146050K .......... .......... .......... .......... .......... 31%  236K 23m48s
146100K .......... .......... .......... .......... .......... 31%  216K 23m48s
146150K .......... .......... .......... .......... .......... 31%  267K 23m48s
146200K .......... .......... .......... .......... .......... 31%  273K 23m47s
146250K .......... .......... .......... .......... .......... 31%  153K 23m47s
146300K .......... .......... .......... .......... .......... 31%  284K 23m47s
146350K .......... .......... .......... .......... .......... 31%  256K 23m47s
146400K .......... .......... .......... .......... .......... 31%  305K 23m46s
146450K .......... .......... .......... .......... .......... 31%  273K 23m46s
146500K .......... .......... .......... .......... .......... 31%  239K 23m46s
146550K .......... .......... .......... .......... .......... 31%  217K 23m45s
146600K .......... .......... .......... .......... .......... 31%  170K 23m45s
146650K .......... .......... .......... .......... .......... 31%  259K 23m45s
146700K .......... .......... .......... .......... .......... 31%  325K 23m45s
146750K .......... .......... .......... .......... .......... 31%  218K 23m45s
146800K .......... .......... .......... .......... .......... 31%  297K 23m44s
146850K .......... .......... .......... .......... .......... 31%  213K 23m44s
146900K .......... .......... .......... .......... .......... 31%  281K 23m44s
146950K .......... .......... .......... .......... .......... 31%  144K 23m44s
147000K .......... .......... .......... .......... .......... 31%  108K 23m44s
147050K .......... .......... .......... .......... .......... 31%  144K 23m44s
147100K .......... .......... .......... .......... .......... 31%  144K 23m44s
147150K .......... .......... .......... .......... .......... 31%  108K 23m44s
147200K .......... .......... .......... .......... .......... 31%  145K 23m44s
147250K .......... .......... .......... .......... .......... 31%  154K 23m44s
147300K .......... .......... .......... .......... .......... 31%  135K 23m44s
147350K .......... .......... .......... .......... .......... 31% 99.0K 23m45s
147400K .......... .......... .......... .......... .......... 31%  125K 23m45s
147450K .......... .......... .......... .......... .......... 31%  169K 23m45s
147500K .......... .......... .......... .......... .......... 31%  164K 23m45s
147550K .......... .......... .......... .......... .......... 31%  181K 23m45s
147600K .......... .......... .......... .......... .......... 31%  216K 23m44s
147650K .......... .......... .......... .......... .......... 31%  216K 23m44s
147700K .......... .......... .......... .......... .......... 31%  144K 23m44s
147750K .......... .......... .......... .......... .......... 32%  177K 23m44s
147800K .......... .......... .......... .......... .......... 32%  195K 23m44s
147850K .......... .......... .......... .......... .......... 32%  216K 23m44s
147900K .......... .......... .......... .......... .......... 32%  216K 23m44s
147950K .......... .......... .......... .......... .......... 32%  242K 23m43s
148000K .......... .......... .......... .......... .......... 32%  277K 23m43s
148050K .......... .......... .......... .......... .......... 32%  217K 23m43s
148100K .......... .......... .......... .......... .......... 32%  216K 23m42s
148150K .......... .......... .......... .......... .......... 32%  216K 23m42s
148200K .......... .......... .......... .......... .......... 32%  216K 23m42s
148250K .......... .......... .......... .......... .......... 32%  297K 23m42s
148300K .......... .......... .......... .......... .......... 32%  275K 23m41s
148350K .......... .......... .......... .......... .......... 32%  302K 23m41s
148400K .......... .......... .......... .......... .......... 32%  357K 23m41s
148450K .......... .......... .......... .......... .......... 32%  318K 23m40s
148500K .......... .......... .......... .......... .......... 32%  264K 23m40s
148550K .......... .......... .......... .......... .......... 32%  316K 23m40s
148600K .......... .......... .......... .......... .......... 32%  301K 23m39s
148650K .......... .......... .......... .......... .......... 32%  276K 23m39s
148700K .......... .......... .......... .......... .......... 32%  429K 23m38s
148750K .......... .......... .......... .......... .......... 32%  262K 23m38s
148800K .......... .......... .......... .......... .......... 32%  254K 23m38s
148850K .......... .......... .......... .......... .......... 32%  333K 23m37s
148900K .......... .......... .......... .......... .......... 32%  240K 23m37s
148950K .......... .......... .......... .......... .......... 32%  360K 23m37s
149000K .......... .......... .......... .......... .......... 32%  322K 23m36s
149050K .......... .......... .......... .......... .......... 32%  216K 23m36s
149100K .......... .......... .......... .......... .......... 32%  319K 23m36s
149150K .......... .......... .......... .......... .......... 32%  331K 23m35s
149200K .......... .......... .......... .......... .......... 32%  240K 23m35s
149250K .......... .......... .......... .......... .......... 32%  196K 23m35s
149300K .......... .......... .......... .......... .......... 32%  160K 23m35s
149350K .......... .......... .......... .......... .......... 32%  216K 23m35s
149400K .......... .......... .......... .......... .......... 32%  216K 23m35s
149450K .......... .......... .......... .......... .......... 32%  258K 23m34s
149500K .......... .......... .......... .......... .......... 32%  258K 23m34s
149550K .......... .......... .......... .......... .......... 32%  216K 23m34s
149600K .......... .......... .......... .......... .......... 32%  242K 23m33s
149650K .......... .......... .......... .......... .......... 32%  216K 23m33s
149700K .......... .......... .......... .......... .......... 32%  232K 23m33s
149750K .......... .......... .......... .......... .......... 32%  184K 23m33s
149800K .......... .......... .......... .......... .......... 32%  268K 23m33s
149850K .......... .......... .......... .......... .......... 32%  209K 23m32s
149900K .......... .......... .......... .......... .......... 32%  132K 23m32s
149950K .......... .......... .......... .......... .......... 32%  142K 23m32s
150000K .......... .......... .......... .......... .......... 32%  144K 23m32s
150050K .......... .......... .......... .......... .......... 32% 86.8K 23m33s
150100K .......... .......... .......... .......... .......... 32%  144K 23m33s
150150K .......... .......... .......... .......... .......... 32%  160K 23m33s
150200K .......... .......... .......... .......... .......... 32%  159K 23m33s
150250K .......... .......... .......... .......... .......... 32%  121K 23m33s
150300K .......... .......... .......... .......... .......... 32%  250K 23m33s
150350K .......... .......... .......... .......... .......... 32%  144K 23m33s
150400K .......... .......... .......... .......... .......... 32%  189K 23m33s
150450K .......... .......... .......... .......... .......... 32%  144K 23m33s
150500K .......... .......... .......... .......... .......... 32%  116K 23m33s
150550K .......... .......... .......... .......... .......... 32%  161K 23m33s
150600K .......... .......... .......... .......... .......... 32%  144K 23m33s
150650K .......... .......... .......... .......... .......... 32%  214K 23m33s
150700K .......... .......... .......... .......... .......... 32%  166K 23m33s
150750K .......... .......... .......... .......... .......... 32%  180K 23m32s
150800K .......... .......... .......... .......... .......... 32%  166K 23m32s
150850K .......... .......... .......... .......... .......... 32%  248K 23m32s
150900K .......... .......... .......... .......... .......... 32%  163K 23m32s
150950K .......... .......... .......... .......... .......... 32%  185K 23m32s
151000K .......... .......... .......... .......... .......... 32%  170K 23m32s
151050K .......... .......... .......... .......... .......... 32%  132K 23m32s
151100K .......... .......... .......... .......... .......... 32%  135K 23m32s
151150K .......... .......... .......... .......... .......... 32% 95.5K 23m32s
151200K .......... .......... .......... .......... .......... 32% 86.4K 23m33s
151250K .......... .......... .......... .......... .......... 32% 96.0K 23m33s
151300K .......... .......... .......... .......... .......... 32%  108K 23m33s
151350K .......... .......... .......... .......... .......... 32%  125K 23m34s
151400K .......... .......... .......... .......... .......... 32%  108K 23m34s
151450K .......... .......... .......... .......... .......... 32%  108K 23m34s
151500K .......... .......... .......... .......... .......... 32%  144K 23m34s
151550K .......... .......... .......... .......... .......... 32% 98.1K 23m34s
151600K .......... .......... .......... .......... .......... 32%  143K 23m34s
151650K .......... .......... .......... .......... .......... 32%  119K 23m35s
151700K .......... .......... .......... .......... .......... 32% 98.9K 23m35s
151750K .......... .......... .......... .......... .......... 32%  129K 23m35s
151800K .......... .......... .......... .......... .......... 32%  144K 23m35s
151850K .......... .......... .......... .......... .......... 32%  163K 23m35s
151900K .......... .......... .......... .......... .......... 32%  184K 23m35s
151950K .......... .......... .......... .......... .......... 32%  144K 23m35s
152000K .......... .......... .......... .......... .......... 32%  133K 23m35s
152050K .......... .......... .......... .......... .......... 32%  306K 23m35s
152100K .......... .......... .......... .......... .......... 32%  144K 23m35s
152150K .......... .......... .......... .......... .......... 32%  215K 23m34s
152200K .......... .......... .......... .......... .......... 32%  216K 23m34s
152250K .......... .......... .......... .......... .......... 32%  216K 23m34s
152300K .......... .......... .......... .......... .......... 32%  144K 23m34s
152350K .......... .......... .......... .......... .......... 33%  121K 23m34s
152400K .......... .......... .......... .......... .......... 33%  127K 23m34s
152450K .......... .......... .......... .......... .......... 33%  144K 23m34s
152500K .......... .......... .......... .......... .......... 33%  108K 23m34s
152550K .......... .......... .......... .......... .......... 33%  144K 23m34s
152600K .......... .......... .......... .......... .......... 33%  144K 23m35s
152650K .......... .......... .......... .......... .......... 33%  184K 23m34s
152700K .......... .......... .......... .......... .......... 33%  118K 23m35s
152750K .......... .......... .......... .......... .......... 33%  216K 23m34s
152800K .......... .......... .......... .......... .......... 33%  185K 23m34s
152850K .......... .......... .......... .......... .......... 33%  183K 23m34s
152900K .......... .......... .......... .......... .......... 33%  187K 23m34s
152950K .......... .......... .......... .......... .......... 33%  117K 23m34s
153000K .......... .......... .......... .......... .......... 33%  130K 23m34s
153050K .......... .......... .......... .......... .......... 33%  144K 23m34s
153100K .......... .......... .......... .......... .......... 33%  108K 23m34s
153150K .......... .......... .......... .......... .......... 33%  109K 23m35s
153200K .......... .......... .......... .......... .......... 33%  115K 23m35s
153250K .......... .......... .......... .......... .......... 33% 81.5K 23m35s
153300K .......... .......... .......... .......... .......... 33%  108K 23m36s
153350K .......... .......... .......... .......... .......... 33%  128K 23m36s
153400K .......... .......... .......... .......... .......... 33%  165K 23m36s
153450K .......... .......... .......... .......... .......... 33%  160K 23m36s
153500K .......... .......... .......... .......... .......... 33%  144K 23m36s
153550K .......... .......... .......... .......... .......... 33%  188K 23m35s
153600K .......... .......... .......... .......... .......... 33%  160K 23m35s
153650K .......... .......... .......... .......... .......... 33%  130K 23m35s
153700K .......... .......... .......... .......... .......... 33%  128K 23m35s
153750K .......... .......... .......... .......... .......... 33%  129K 23m36s
153800K .......... .......... .......... .......... .......... 33%  164K 23m35s
153850K .......... .......... .......... .......... .......... 33%  144K 23m36s
153900K .......... .......... .......... .......... .......... 33%  183K 23m35s
153950K .......... .......... .......... .......... .......... 33%  216K 23m35s
154000K .......... .......... .......... .......... .......... 33%  216K 23m35s
154050K .......... .......... .......... .......... .......... 33%  216K 23m35s
154100K .......... .......... .......... .......... .......... 33%  332K 23m34s
154150K .......... .......... .......... .......... .......... 33%  216K 23m34s
154200K .......... .......... .......... .......... .......... 33%  254K 23m34s
154250K .......... .......... .......... .......... .......... 33%  216K 23m34s
154300K .......... .......... .......... .......... .......... 33%  332K 23m33s
154350K .......... .......... .......... .......... .......... 33%  254K 23m33s
154400K .......... .......... .......... .......... .......... 33%  333K 23m32s
154450K .......... .......... .......... .......... .......... 33%  431K 23m32s
154500K .......... .......... .......... .......... .......... 33%  322K 23m32s
154550K .......... .......... .......... .......... .......... 33%  317K 23m31s
154600K .......... .......... .......... .......... .......... 33%  224K 23m31s
154650K .......... .......... .......... .......... .......... 33%  251K 23m31s
154700K .......... .......... .......... .......... .......... 33%  313K 23m30s
154750K .......... .......... .......... .......... .......... 33%  266K 23m30s
154800K .......... .......... .......... .......... .......... 33%  314K 23m30s
154850K .......... .......... .......... .......... .......... 33%  339K 23m29s
154900K .......... .......... .......... .......... .......... 33%  253K 23m29s
154950K .......... .......... .......... .......... .......... 33%  426K 23m29s
155000K .......... .......... .......... .......... .......... 33%  265K 23m28s
155050K .......... .......... .......... .......... .......... 33%  262K 23m28s
155100K .......... .......... .......... .......... .......... 33%  253K 23m28s
155150K .......... .......... .......... .......... .......... 33%  263K 23m27s
155200K .......... .......... .......... .......... .......... 33%  315K 23m27s
155250K .......... .......... .......... .......... .......... 33%  266K 23m27s
155300K .......... .......... .......... .......... .......... 33%  432K 23m26s
155350K .......... .......... .......... .......... .......... 33%  262K 23m26s
155400K .......... .......... .......... .......... .......... 33%  320K 23m26s
155450K .......... .......... .......... .......... .......... 33%  314K 23m25s
155500K .......... .......... .......... .......... .......... 33%  266K 23m25s
155550K .......... .......... .......... .......... .......... 33%  431K 23m24s
155600K .......... .......... .......... .......... .......... 33%  431K 23m24s
155650K .......... .......... .......... .......... .......... 33%  316K 23m24s
155700K .......... .......... .......... .......... .......... 33%  265K 23m23s
155750K .......... .......... .......... .......... .......... 33%  315K 23m23s
155800K .......... .......... .......... .......... .......... 33%  265K 23m23s
155850K .......... .......... .......... .......... .......... 33%  314K 23m22s
155900K .......... .......... .......... .......... .......... 33%  266K 23m22s
155950K .......... .......... .......... .......... .......... 33%  313K 23m22s
156000K .......... .......... .......... .......... .......... 33%  267K 23m21s
156050K .......... .......... .......... .......... .......... 33%  429K 23m21s
156100K .......... .......... .......... .......... .......... 33%  315K 23m20s
156150K .......... .......... .......... .......... .......... 33%  267K 23m20s
156200K .......... .......... .......... .......... .......... 33%  311K 23m20s
156250K .......... .......... .......... .......... .......... 33%  217K 23m20s
156300K .......... .......... .......... .......... .......... 33%  265K 23m19s
156350K .......... .......... .......... .......... .......... 33%  246K 23m19s
156400K .......... .......... .......... .......... .......... 33%  119K 23m19s
156450K .......... .......... .......... .......... .......... 33% 99.0K 23m19s
156500K .......... .......... .......... .......... .......... 33%  119K 23m20s
156550K .......... .......... .......... .......... .......... 33%  108K 23m20s
156600K .......... .......... .......... .......... .......... 33%  158K 23m20s
156650K .......... .......... .......... .......... .......... 33%  190K 23m20s
156700K .......... .......... .......... .......... .......... 33%  182K 23m19s
156750K .......... .......... .......... .......... .......... 33%  216K 23m19s
156800K .......... .......... .......... .......... .......... 33%  216K 23m19s
156850K .......... .......... .......... .......... .......... 33%  266K 23m19s
156900K .......... .......... .......... .......... .......... 33%  159K 23m19s
156950K .......... .......... .......... .......... .......... 33%  215K 23m18s
157000K .......... .......... .......... .......... .......... 34%  216K 23m18s
157050K .......... .......... .......... .......... .......... 34%  216K 23m18s
157100K .......... .......... .......... .......... .......... 34%  216K 23m18s
157150K .......... .......... .......... .......... .......... 34%  215K 23m17s
157200K .......... .......... .......... .......... .......... 34%  336K 23m17s
157250K .......... .......... .......... .......... .......... 34%  252K 23m17s
157300K .......... .......... .......... .......... .......... 34%  150K 23m17s
157350K .......... .......... .......... .......... .......... 34%  204K 23m17s
157400K .......... .......... .......... .......... .......... 34%  216K 23m16s
157450K .......... .......... .......... .......... .......... 34%  216K 23m16s
157500K .......... .......... .......... .......... .......... 34%  266K 23m16s
157550K .......... .......... .......... .......... .......... 34%  256K 23m15s
157600K .......... .......... .......... .......... .......... 34%  216K 23m15s
157650K .......... .......... .......... .......... .......... 34%  183K 23m15s
157700K .......... .......... .......... .......... .......... 34%  132K 23m15s
157750K .......... .......... .......... .......... .......... 34%  181K 23m15s
157800K .......... .......... .......... .......... .......... 34%  144K 23m15s
157850K .......... .......... .......... .......... .......... 34%  188K 23m15s
157900K .......... .......... .......... .......... .......... 34%  186K 23m15s
157950K .......... .......... .......... .......... .......... 34%  181K 23m15s
158000K .......... .......... .......... .......... .......... 34%  216K 23m14s
158050K .......... .......... .......... .......... .......... 34%  166K 23m14s
158100K .......... .......... .......... .......... .......... 34%  181K 23m14s
158150K .......... .......... .......... .......... .......... 34%  184K 23m14s
158200K .......... .......... .......... .......... .......... 34%  191K 23m14s
158250K .......... .......... .......... .......... .......... 34%  144K 23m14s
158300K .......... .......... .......... .......... .......... 34%  316K 23m13s
158350K .......... .......... .......... .......... .......... 34%  145K 23m13s
158400K .......... .......... .......... .......... .......... 34%  144K 23m13s
158450K .......... .......... .......... .......... .......... 34%  108K 23m14s
158500K .......... .......... .......... .......... .......... 34%  181K 23m13s
158550K .......... .......... .......... .......... .......... 34%  166K 23m13s
158600K .......... .......... .......... .......... .......... 34%  215K 23m13s
158650K .......... .......... .......... .......... .......... 34%  182K 23m13s
158700K .......... .......... .......... .......... .......... 34%  216K 23m13s
158750K .......... .......... .......... .......... .......... 34%  215K 23m13s
158800K .......... .......... .......... .......... .......... 34%  166K 23m12s
158850K .......... .......... .......... .......... .......... 34%  310K 23m12s
158900K .......... .......... .......... .......... .......... 34%  261K 23m12s
158950K .......... .......... .......... .......... .......... 34%  222K 23m12s
159000K .......... .......... .......... .......... .......... 34%  411K 23m11s
159050K .......... .......... .......... .......... .......... 34%  222K 23m11s
159100K .......... .......... .......... .......... .......... 34%  408K 23m10s
159150K .......... .......... .......... .......... .......... 34%  272K 23m10s
159200K .......... .......... .......... .......... .......... 34%  248K 23m10s
159250K .......... .......... .......... .......... .......... 34%  344K 23m9s
159300K .......... .......... .......... .......... .......... 34%  190K 23m9s
159350K .......... .......... .......... .......... .......... 34%  913K 23m9s
159400K .......... .......... .......... .......... .......... 34%  216K 23m9s
159450K .......... .......... .......... .......... .......... 34%  270K 23m8s
159500K .......... .......... .......... .......... .......... 34%  309K 23m8s
159550K .......... .......... .......... .......... .......... 34%  269K 23m8s
159600K .......... .......... .......... .......... .......... 34%  180K 23m7s
159650K .......... .......... .......... .......... .......... 34%  271K 23m7s
159700K .......... .......... .......... .......... .......... 34%  216K 23m7s
159750K .......... .......... .......... .......... .......... 34%  216K 23m7s
159800K .......... .......... .......... .......... .......... 34%  424K 23m6s
159850K .......... .......... .......... .......... .......... 34%  218K 23m6s
159900K .......... .......... .......... .......... .......... 34%  215K 23m6s
159950K .......... .......... .......... .......... .......... 34%  131K 23m6s
160000K .......... .......... .......... .......... .......... 34%  178K 23m6s
160050K .......... .......... .......... .......... .......... 34%  164K 23m6s
160100K .......... .......... .......... .......... .......... 34%  163K 23m5s
160150K .......... .......... .......... .......... .......... 34%  184K 23m5s
160200K .......... .......... .......... .......... .......... 34%  182K 23m5s
160250K .......... .......... .......... .......... .......... 34%  189K 23m5s
160300K .......... .......... .......... .......... .......... 34%  144K 23m5s
160350K .......... .......... .......... .......... .......... 34%  144K 23m5s
160400K .......... .......... .......... .......... .......... 34%  182K 23m5s
160450K .......... .......... .......... .......... .......... 34%  185K 23m5s
160500K .......... .......... .......... .......... .......... 34%  216K 23m4s
160550K .......... .......... .......... .......... .......... 34%  216K 23m4s
160600K .......... .......... .......... .......... .......... 34%  215K 23m4s
160650K .......... .......... .......... .......... .......... 34%  144K 23m4s
160700K .......... .......... .......... .......... .......... 34%  164K 23m4s
160750K .......... .......... .......... .......... .......... 34%  182K 23m4s
160800K .......... .......... .......... .......... .......... 34%  265K 23m3s
160850K .......... .......... .......... .......... .......... 34%  216K 23m3s
160900K .......... .......... .......... .......... .......... 34%  182K 23m3s
160950K .......... .......... .......... .......... .......... 34%  164K 23m3s
161000K .......... .......... .......... .......... .......... 34%  182K 23m3s
161050K .......... .......... .......... .......... .......... 34%  216K 23m3s
161100K .......... .......... .......... .......... .......... 34%  164K 23m3s
161150K .......... .......... .......... .......... .......... 34%  216K 23m2s
161200K .......... .......... .......... .......... .......... 34%  190K 23m2s
161250K .......... .......... .......... .......... .......... 34%  182K 23m2s
161300K .......... .......... .......... .......... .......... 34%  182K 23m2s
161350K .......... .......... .......... .......... .......... 34%  213K 23m2s
161400K .......... .......... .......... .......... .......... 34%  185K 23m1s
161450K .......... .......... .......... .......... .......... 34%  216K 23m1s
161500K .......... .......... .......... .......... .......... 34%  189K 23m1s
161550K .......... .......... .......... .......... .......... 34%  216K 23m1s
161600K .......... .......... .......... .......... .......... 35%  216K 23m1s
161650K .......... .......... .......... .......... .......... 35%  252K 23m0s
161700K .......... .......... .......... .......... .......... 35%  336K 23m0s
161750K .......... .......... .......... .......... .......... 35%  216K 23m0s
161800K .......... .......... .......... .......... .......... 35%  314K 22m59s
161850K .......... .......... .......... .......... .......... 35%  219K 22m59s
161900K .......... .......... .......... .......... .......... 35%  314K 22m59s
161950K .......... .......... .......... .......... .......... 35%  266K 22m58s
162000K .......... .......... .......... .......... .......... 35%  419K 22m58s
162050K .......... .......... .......... .......... .......... 35%  323K 22m58s
162100K .......... .......... .......... .......... .......... 35%  259K 22m57s
162150K .......... .......... .......... .......... .......... 35%  322K 22m57s
162200K .......... .......... .......... .......... .......... 35%  264K 22m57s
162250K .......... .......... .......... .......... .......... 35%  143K 22m57s
162300K .......... .......... .......... .......... .......... 35%  439K 22m56s
162350K .......... .......... .......... .......... .......... 35%  216K 22m56s
162400K .......... .......... .......... .......... .......... 35%  215K 22m56s
162450K .......... .......... .......... .......... .......... 35%  263K 22m56s
162500K .......... .......... .......... .......... .......... 35%  316K 22m55s
162550K .......... .......... .......... .......... .......... 35%  218K 22m55s
162600K .......... .......... .......... .......... .......... 35%  216K 22m55s
162650K .......... .......... .......... .......... .......... 35%  144K 22m55s
162700K .......... .......... .......... .......... .......... 35%  429K 22m54s
162750K .......... .......... .......... .......... .......... 35%  164K 22m54s
162800K .......... .......... .......... .......... .......... 35%  158K 22m54s
162850K .......... .......... .......... .......... .......... 35%  191K 22m54s
162900K .......... .......... .......... .......... .......... 35%  182K 22m54s
162950K .......... .......... .......... .......... .......... 35%  183K 22m54s
163000K .......... .......... .......... .......... .......... 35%  108K 22m54s
163050K .......... .......... .......... .......... .......... 35%  189K 22m54s
163100K .......... .......... .......... .......... .......... 35%  158K 22m54s
163150K .......... .......... .......... .......... .......... 35%  215K 22m53s
163200K .......... .......... .......... .......... .......... 35%  216K 22m53s
163250K .......... .......... .......... .......... .......... 35%  216K 22m53s
163300K .......... .......... .......... .......... .......... 35%  216K 22m53s
163350K .......... .......... .......... .......... .......... 35%  216K 22m52s
163400K .......... .......... .......... .......... .......... 35%  165K 22m52s
163450K .......... .......... .......... .......... .......... 35%  313K 22m52s
163500K .......... .......... .......... .......... .......... 35%  264K 22m52s
163550K .......... .......... .......... .......... .......... 35%  218K 22m51s
163600K .......... .......... .......... .......... .......... 35%  316K 22m51s
163650K .......... .......... .......... .......... .......... 35%  340K 22m51s
163700K .......... .......... .......... .......... .......... 35%  313K 22m50s
163750K .......... .......... .......... .......... .......... 35%  318K 22m50s
163800K .......... .......... .......... .......... .......... 35%  217K 22m50s
163850K .......... .......... .......... .......... .......... 35%  428K 22m49s
163900K .......... .......... .......... .......... .......... 35%  267K 22m49s
163950K .......... .......... .......... .......... .......... 35%  431K 22m49s
164000K .......... .......... .......... .......... .......... 35%  315K 22m48s
164050K .......... .......... .......... .......... .......... 35%  432K 22m48s
164100K .......... .......... .......... .......... .......... 35%  428K 22m47s
164150K .......... .......... .......... .......... .......... 35%  267K 22m47s
164200K .......... .......... .......... .......... .......... 35%  316K 22m47s
164250K .......... .......... .......... .......... .......... 35%  216K 22m46s
164300K .......... .......... .......... .......... .......... 35% 33.0M 22m46s
164350K .......... .......... .......... .......... .......... 35%  260K 22m46s
164400K .......... .......... .......... .......... .......... 35%  326K 22m45s
164450K .......... .......... .......... .......... .......... 35%  261K 22m45s
164500K .......... .......... .......... .......... .......... 35%  424K 22m44s
164550K .......... .......... .......... .......... .......... 35%  267K 22m44s
164600K .......... .......... .......... .......... .......... 35%  317K 22m44s
164650K .......... .......... .......... .......... .......... 35%  433K 22m43s
164700K .......... .......... .......... .......... .......... 35%  432K 22m43s
164750K .......... .......... .......... .......... .......... 35%  418K 22m42s
164800K .......... .......... .......... .......... .......... 35%  438K 22m42s
164850K .......... .......... .......... .......... .......... 35%  432K 22m42s
164900K .......... .......... .......... .......... .......... 35%  324K 22m41s
164950K .......... .......... .......... .......... .......... 35%  169K 22m41s
165000K .......... .......... .......... .......... .......... 35% 3.75M 22m40s
165050K .......... .......... .......... .......... .......... 35%  219K 22m40s
165100K .......... .......... .......... .......... .......... 35%  216K 22m40s
165150K .......... .......... .......... .......... .......... 35%  216K 22m40s
165200K .......... .......... .......... .......... .......... 35%  225K 22m40s
165250K .......... .......... .......... .......... .......... 35%  250K 22m39s
165300K .......... .......... .......... .......... .......... 35%  182K 22m39s
165350K .......... .......... .......... .......... .......... 35%  265K 22m39s
165400K .......... .......... .......... .......... .......... 35%  313K 22m38s
165450K .......... .......... .......... .......... .......... 35%  267K 22m38s
165500K .......... .......... .......... .......... .......... 35%  251K 22m38s
165550K .......... .......... .......... .......... .......... 35%  337K 22m38s
165600K .......... .......... .......... .......... .......... 35%  313K 22m37s
165650K .......... .......... .......... .......... .......... 35%  323K 22m37s
165700K .......... .......... .......... .......... .......... 35%  216K 22m37s
165750K .......... .......... .......... .......... .......... 35%  431K 22m36s
165800K .......... .......... .......... .......... .......... 35%  223K 22m36s
165850K .......... .......... .......... .......... .......... 35%  407K 22m35s
165900K .......... .......... .......... .......... .......... 35%  260K 22m35s
165950K .......... .......... .......... .......... .......... 35%  321K 22m35s
166000K .......... .......... .......... .......... .......... 35%  265K 22m35s
166050K .......... .......... .......... .......... .......... 35%  215K 22m34s
166100K .......... .......... .......... .......... .......... 35%  426K 22m34s
166150K .......... .......... .......... .......... .......... 35%  322K 22m34s
166200K .......... .......... .......... .......... .......... 36%  279K 22m33s
166250K .......... .......... .......... .......... .......... 36%  392K 22m33s
166300K .......... .......... .......... .......... .......... 36%  338K 22m32s
166350K .......... .......... .......... .......... .......... 36%  406K 22m32s
166400K .......... .......... .......... .......... .......... 36%  279K 22m32s
166450K .......... .......... .......... .......... .......... 36%  296K 22m31s
166500K .......... .......... .......... .......... .......... 36%  323K 22m31s
166550K .......... .......... .......... .......... .......... 36%  333K 22m31s
166600K .......... .......... .......... .......... .......... 36%  425K 22m30s
166650K .......... .......... .......... .......... .......... 36%  429K 22m30s
166700K .......... .......... .......... .......... .......... 36%  320K 22m29s
166750K .......... .......... .......... .......... .......... 36%  432K 22m29s
166800K .......... .......... .......... .......... .......... 36%  278K 22m29s
166850K .......... .......... .......... .......... .......... 36%  240K 22m28s
166900K .......... .......... .......... .......... .......... 36%  216K 22m28s
166950K .......... .......... .......... .......... .......... 36%  216K 22m28s
167000K .......... .......... .......... .......... .......... 36%  216K 22m28s
167050K .......... .......... .......... .......... .......... 36%  261K 22m27s
167100K .......... .......... .......... .......... .......... 36%  262K 22m27s
167150K .......... .......... .......... .......... .......... 36%  255K 22m27s
167200K .......... .......... .......... .......... .......... 36%  187K 22m27s
167250K .......... .......... .......... .......... .......... 36%  255K 22m26s
167300K .......... .......... .......... .......... .......... 36%  261K 22m26s
167350K .......... .......... .......... .......... .......... 36%  322K 22m26s
167400K .......... .......... .......... .......... .......... 36%  331K 22m25s
167450K .......... .......... .......... .......... .......... 36%  215K 22m25s
167500K .......... .......... .......... .......... .......... 36%  216K 22m25s
167550K .......... .......... .......... .......... .......... 36%  256K 22m25s
167600K .......... .......... .......... .......... .......... 36%  216K 22m24s
167650K .......... .......... .......... .......... .......... 36%  329K 22m24s
167700K .......... .......... .......... .......... .......... 36%  215K 22m24s
167750K .......... .......... .......... .......... .......... 36%  216K 22m24s
167800K .......... .......... .......... .......... .......... 36%  216K 22m23s
167850K .......... .......... .......... .......... .......... 36%  216K 22m23s
167900K .......... .......... .......... .......... .......... 36%  215K 22m23s
167950K .......... .......... .......... .......... .......... 36%  129K 22m23s
168000K .......... .......... .......... .......... .......... 36%  216K 22m23s
168050K .......... .......... .......... .......... .......... 36%  216K 22m23s
168100K .......... .......... .......... .......... .......... 36%  216K 22m22s
168150K .......... .......... .......... .......... .......... 36%  261K 22m22s
168200K .......... .......... .......... .......... .......... 36%  216K 22m22s
168250K .......... .......... .......... .......... .......... 36%  258K 22m22s
168300K .......... .......... .......... .......... .......... 36%  257K 22m21s
168350K .......... .......... .......... .......... .......... 36%  186K 22m21s
168400K .......... .......... .......... .......... .......... 36%  185K 22m21s
168450K .......... .......... .......... .......... .......... 36%  319K 22m21s
168500K .......... .......... .......... .......... .......... 36%  216K 22m20s
168550K .......... .......... .......... .......... .......... 36%  148K 22m20s
168600K .......... .......... .......... .......... .......... 36%  405K 22m20s
168650K .......... .......... .......... .......... .......... 36%  183K 22m20s
168700K .......... .......... .......... .......... .......... 36%  216K 22m20s
168750K .......... .......... .......... .......... .......... 36%  163K 22m19s
168800K .......... .......... .......... .......... .......... 36%  216K 22m19s
168850K .......... .......... .......... .......... .......... 36%  262K 22m19s
168900K .......... .......... .......... .......... .......... 36%  216K 22m19s
168950K .......... .......... .......... .......... .......... 36%  255K 22m18s
169000K .......... .......... .......... .......... .......... 36%  261K 22m18s
169050K .......... .......... .......... .......... .......... 36%  321K 22m18s
169100K .......... .......... .......... .......... .......... 36%  216K 22m18s
169150K .......... .......... .......... .......... .......... 36%  331K 22m17s
169200K .......... .......... .......... .......... .......... 36%  256K 22m17s
169250K .......... .......... .......... .......... .......... 36%  330K 22m17s
169300K .......... .......... .......... .......... .......... 36%  320K 22m16s
169350K .......... .......... .......... .......... .......... 36%  322K 22m16s
169400K .......... .......... .......... .......... .......... 36%  431K 22m15s
169450K .......... .......... .......... .......... .......... 36%  330K 22m15s
169500K .......... .......... .......... .......... .......... 36%  256K 22m15s
169550K .......... .......... .......... .......... .......... 36%  432K 22m14s
169600K .......... .......... .......... .......... .......... 36%  330K 22m14s
169650K .......... .......... .......... .......... .......... 36%  321K 22m14s
169700K .......... .......... .......... .......... .......... 36%  432K 22m13s
169750K .......... .......... .......... .......... .......... 36%  432K 22m13s
169800K .......... .......... .......... .......... .......... 36%  432K 22m12s
169850K .......... .......... .......... .......... .......... 36%  432K 22m12s
169900K .......... .......... .......... .......... .......... 36%  319K 22m12s
169950K .......... .......... .......... .......... .......... 36%  432K 22m11s
170000K .......... .......... .......... .......... .......... 36%  422K 22m11s
170050K .......... .......... .......... .......... .......... 36%  442K 22m10s
170100K .......... .......... .......... .......... .......... 36%  432K 22m10s
170150K .......... .......... .......... .......... .......... 36%  432K 22m9s
170200K .......... .......... .......... .......... .......... 36%  432K 22m9s
170250K .......... .......... .......... .......... .......... 36%  432K 22m9s
170300K .......... .......... .......... .......... .......... 36%  432K 22m8s
170350K .......... .......... .......... .......... .......... 36%  433K 22m8s
170400K .......... .......... .......... .......... .......... 36%  432K 22m7s
170450K .......... .......... .......... .......... .......... 36%  262K 22m7s
170500K .......... .......... .......... .......... .......... 36% 1.16M 22m7s
170550K .......... .......... .......... .......... .......... 36%  433K 22m6s
170600K .......... .......... .......... .......... .......... 36%  432K 22m6s
170650K .......... .......... .......... .......... .......... 36%  331K 22m5s
170700K .......... .......... .......... .......... .......... 36%  619K 22m5s
170750K .......... .......... .......... .......... .......... 36%  332K 22m5s
170800K .......... .......... .......... .......... .......... 36%  431K 22m4s
170850K .......... .......... .......... .......... .......... 37%  245K 22m4s
170900K .......... .......... .......... .......... .......... 37%  465K 22m3s
170950K .......... .......... .......... .......... .......... 37%  431K 22m3s
171000K .......... .......... .......... .......... .......... 37%  329K 22m3s
171050K .......... .......... .......... .......... .......... 37%  324K 22m2s
171100K .......... .......... .......... .......... .......... 37%  321K 22m2s
171150K .......... .......... .......... .......... .......... 37%  219K 22m2s
171200K .......... .......... .......... .......... .......... 37%  416K 22m1s
171250K .......... .......... .......... .......... .......... 37%  262K 22m1s
171300K .......... .......... .......... .......... .......... 37%  319K 22m1s
171350K .......... .......... .......... .......... .......... 37%  329K 22m0s
171400K .......... .......... .......... .......... .......... 37%  257K 22m0s
171450K .......... .......... .......... .......... .......... 37%  328K 22m0s
171500K .......... .......... .......... .......... .......... 37%  258K 21m59s
171550K .......... .......... .......... .......... .......... 37%  428K 21m59s
171600K .......... .......... .......... .......... .......... 37%  217K 21m59s
171650K .......... .......... .......... .......... .......... 37%  428K 21m58s
171700K .......... .......... .......... .......... .......... 37%  328K 21m58s
171750K .......... .......... .......... .......... .......... 37%  319K 21m58s
171800K .......... .......... .......... .......... .......... 37%  327K 21m57s
171850K .......... .......... .......... .......... .......... 37%  430K 21m57s
171900K .......... .......... .......... .......... .......... 37%  429K 21m56s
171950K .......... .......... .......... .......... .......... 37%  256K 21m56s
172000K .......... .......... .......... .......... .......... 37%  429K 21m56s
172050K .......... .......... .......... .......... .......... 37%  432K 21m55s
172100K .......... .......... .......... .......... .......... 37%  432K 21m55s
172150K .......... .......... .......... .......... .......... 37%  261K 21m55s
172200K .......... .......... .......... .......... .......... 37%  630K 21m54s
172250K .......... .......... .......... .......... .......... 37%  259K 21m54s
172300K .......... .......... .......... .......... .......... 37%  324K 21m54s
172350K .......... .......... .......... .......... .......... 37%  329K 21m53s
172400K .......... .......... .......... .......... .......... 37%  319K 21m53s
172450K .......... .......... .......... .......... .......... 37%  261K 21m53s
172500K .......... .......... .......... .......... .......... 37%  433K 21m52s
172550K .......... .......... .......... .......... .......... 37%  256K 21m52s
172600K .......... .......... .......... .......... .......... 37%  321K 21m51s
172650K .......... .......... .......... .......... .......... 37%  245K 21m51s
172700K .......... .......... .......... .......... .......... 37%  360K 21m51s
172750K .......... .......... .......... .......... .......... 37%  163K 21m51s
172800K .......... .......... .......... .......... .......... 37%  317K 21m50s
172850K .......... .......... .......... .......... .......... 37%  244K 21m50s
172900K .......... .......... .......... .......... .......... 37%  193K 21m50s
172950K .......... .......... .......... .......... .......... 37%  215K 21m50s
173000K .......... .......... .......... .......... .......... 37%  183K 21m50s
173050K .......... .......... .......... .......... .......... 37%  216K 21m49s
173100K .......... .......... .......... .......... .......... 37%  163K 21m49s
173150K .......... .......... .......... .......... .......... 37%  216K 21m49s
173200K .......... .......... .......... .......... .......... 37%  216K 21m49s
173250K .......... .......... .......... .......... .......... 37%  184K 21m49s
173300K .......... .......... .......... .......... .......... 37%  163K 21m49s
173350K .......... .......... .......... .......... .......... 37%  154K 21m49s
173400K .......... .......... .......... .......... .......... 37%  103K 21m49s
173450K .......... .......... .......... .......... .......... 37%  108K 21m49s
173500K .......... .......... .......... .......... .......... 37%  108K 21m49s
173550K .......... .......... .......... .......... .......... 37%  154K 21m49s
173600K .......... .......... .......... .......... .......... 37%  196K 21m49s
173650K .......... .......... .......... .......... .......... 37%  184K 21m49s
173700K .......... .......... .......... .......... .......... 37%  216K 21m48s
173750K .......... .......... .......... .......... .......... 37%  216K 21m48s
173800K .......... .......... .......... .......... .......... 37%  216K 21m48s
173850K .......... .......... .......... .......... .......... 37%  262K 21m48s
173900K .......... .......... .......... .......... .......... 37%  184K 21m48s
173950K .......... .......... .......... .......... .......... 37%  263K 21m47s
174000K .......... .......... .......... .......... .......... 37%  319K 21m47s
174050K .......... .......... .......... .......... .......... 37%  299K 21m47s
174100K .......... .......... .......... .......... .......... 37%  216K 21m46s
174150K .......... .......... .......... .......... .......... 37%  278K 21m46s
174200K .......... .......... .......... .......... .......... 37%  216K 21m46s
174250K .......... .......... .......... .......... .......... 37%  216K 21m46s
174300K .......... .......... .......... .......... .......... 37%  216K 21m45s
174350K .......... .......... .......... .......... .......... 37%  215K 21m45s
174400K .......... .......... .......... .......... .......... 37%  432K 21m45s
174450K .......... .......... .......... .......... .......... 37%  216K 21m45s
174500K .......... .......... .......... .......... .......... 37%  216K 21m44s
174550K .......... .......... .......... .......... .......... 37%  216K 21m44s
174600K .......... .......... .......... .......... .......... 37%  318K 21m44s
174650K .......... .......... .......... .......... .......... 37%  164K 21m44s
174700K .......... .......... .......... .......... .......... 37%  318K 21m43s
174750K .......... .......... .......... .......... .......... 37%  261K 21m43s
174800K .......... .......... .......... .......... .......... 37%  320K 21m43s
174850K .......... .......... .......... .......... .......... 37%  262K 21m42s
174900K .......... .......... .......... .......... .......... 37%  216K 21m42s
174950K .......... .......... .......... .......... .......... 37%  320K 21m42s
175000K .......... .......... .......... .......... .......... 37%  262K 21m42s
175050K .......... .......... .......... .......... .......... 37%  144K 21m42s
175100K .......... .......... .......... .......... .......... 37%  216K 21m41s
175150K .......... .......... .......... .......... .......... 37%  184K 21m41s
175200K .......... .......... .......... .......... .......... 37%  216K 21m41s
175250K .......... .......... .......... .......... .......... 37%  163K 21m41s
175300K .......... .......... .......... .......... .......... 37%  216K 21m41s
175350K .......... .......... .......... .......... .......... 37%  319K 21m40s
175400K .......... .......... .......... .......... .......... 37%  216K 21m40s
175450K .......... .......... .......... .......... .......... 38%  262K 21m40s
175500K .......... .......... .......... .......... .......... 38%  319K 21m39s
175550K .......... .......... .......... .......... .......... 38%  263K 21m39s
175600K .......... .......... .......... .......... .......... 38%  319K 21m39s
175650K .......... .......... .......... .......... .......... 38%  217K 21m39s
175700K .......... .......... .......... .......... .......... 38%  184K 21m38s
175750K .......... .......... .......... .......... .......... 38%  658K 21m38s
175800K .......... .......... .......... .......... .......... 38%  215K 21m38s
175850K .......... .......... .......... .......... .......... 38%  320K 21m37s
175900K .......... .......... .......... .......... .......... 38%  260K 21m37s
175950K .......... .......... .......... .......... .......... 38%  323K 21m37s
176000K .......... .......... .......... .......... .......... 38%  260K 21m37s
176050K .......... .......... .......... .......... .......... 38%  265K 21m36s
176100K .......... .......... .......... .......... .......... 38%  316K 21m36s
176150K .......... .......... .......... .......... .......... 38%  323K 21m36s
176200K .......... .......... .......... .......... .......... 38%  334K 21m35s
176250K .......... .......... .......... .......... .......... 38%  316K 21m35s
176300K .......... .......... .......... .......... .......... 38%  323K 21m35s
176350K .......... .......... .......... .......... .......... 38%  333K 21m34s
176400K .......... .......... .......... .......... .......... 38%  254K 21m34s
176450K .......... .......... .......... .......... .......... 38%  333K 21m34s
176500K .......... .......... .......... .......... .......... 38%  317K 21m33s
176550K .......... .......... .......... .......... .......... 38%  431K 21m33s
176600K .......... .......... .......... .......... .......... 38%  324K 21m32s
176650K .......... .......... .......... .......... .......... 38%  432K 21m32s
176700K .......... .......... .......... .......... .......... 38%  432K 21m32s
176750K .......... .......... .......... .......... .......... 38%  260K 21m31s
176800K .......... .......... .......... .......... .......... 38%  432K 21m31s
176850K .......... .......... .......... .......... .......... 38%  432K 21m31s
176900K .......... .......... .......... .......... .......... 38%  432K 21m30s
176950K .......... .......... .......... .......... .......... 38%  431K 21m30s
177000K .......... .......... .......... .......... .......... 38%  431K 21m29s
177050K .......... .......... .......... .......... .......... 38%  432K 21m29s
177100K .......... .......... .......... .......... .......... 38%  432K 21m29s
177150K .......... .......... .......... .......... .......... 38%  325K 21m28s
177200K .......... .......... .......... .......... .......... 38%  433K 21m28s
177250K .......... .......... .......... .......... .......... 38%  433K 21m27s
177300K .......... .......... .......... .......... .......... 38%  641K 21m27s
177350K .......... .......... .......... .......... .......... 38%  432K 21m27s
177400K .......... .......... .......... .......... .......... 38%  432K 21m26s
177450K .......... .......... .......... .......... .......... 38%  433K 21m26s
177500K .......... .......... .......... .......... .......... 38%  433K 21m25s
177550K .......... .......... .......... .......... .......... 38%  431K 21m25s
177600K .......... .......... .......... .......... .......... 38%  433K 21m25s
177650K .......... .......... .......... .......... .......... 38% 1.26M 21m24s
177700K .......... .......... .......... .......... .......... 38%  433K 21m24s
177750K .......... .......... .......... .......... .......... 38%  434K 21m23s
177800K .......... .......... .......... .......... .......... 38%  637K 21m23s
177850K .......... .......... .......... .......... .......... 38%  217K 21m23s
177900K .......... .......... .......... .......... .......... 38% 36.5M 21m22s
177950K .......... .......... .......... .......... .......... 38%  432K 21m22s
178000K .......... .......... .......... .......... .......... 38%  327K 21m21s
178050K .......... .......... .......... .......... .......... 38%  432K 21m21s
178100K .......... .......... .......... .......... .......... 38%  432K 21m20s
178150K .......... .......... .......... .......... .......... 38%  432K 21m20s
178200K .......... .......... .......... .......... .......... 38%  427K 21m20s
178250K .......... .......... .......... .......... .......... 38%  651K 21m19s
178300K .......... .......... .......... .......... .......... 38%  324K 21m19s
178350K .......... .......... .......... .......... .......... 38%  432K 21m18s
178400K .......... .......... .......... .......... .......... 38%  649K 21m18s
178450K .......... .......... .......... .......... .......... 38%  437K 21m18s
178500K .......... .......... .......... .......... .......... 38%  321K 21m17s
178550K .......... .......... .......... .......... .......... 38%  433K 21m17s
178600K .......... .......... .......... .......... .......... 38%  635K 21m16s
178650K .......... .......... .......... .......... .......... 38%  323K 21m16s
178700K .......... .......... .......... .......... .......... 38%  260K 21m16s
178750K .......... .......... .......... .......... .......... 38%  431K 21m15s
178800K .......... .......... .......... .......... .......... 38%  432K 21m15s
178850K .......... .......... .......... .......... .......... 38%  433K 21m15s
178900K .......... .......... .......... .......... .......... 38% 11.5K 21m21s
178950K .......... .......... .......... .......... .......... 38%  432K 21m20s
179000K .......... .......... .......... .......... .......... 38%  432K 21m20s
179050K .......... .......... .......... .......... .......... 38%  431K 21m20s
179100K .......... .......... .......... .......... .......... 38%  427K 21m19s
179150K .......... .......... .......... .......... .......... 38%  432K 21m19s
179200K .......... .......... .......... .......... .......... 38%  431K 21m18s
179250K .......... .......... .......... .......... .......... 38%  432K 21m18s
179300K .......... .......... .......... .......... .......... 38%  432K 21m18s
179350K .......... .......... .......... .......... .......... 38%  432K 21m17s
179400K .......... .......... .......... .......... .......... 38%  432K 21m17s
179450K .......... .......... .......... .......... .......... 38%  432K 21m16s
179500K .......... .......... .......... .......... .......... 38%  321K 21m16s
179550K .......... .......... .......... .......... .......... 38%  661K 21m16s
179600K .......... .......... .......... .......... .......... 38%  432K 21m15s
179650K .......... .......... .......... .......... .......... 38%  432K 21m15s
179700K .......... .......... .......... .......... .......... 38%  432K 21m14s
179750K .......... .......... .......... .......... .......... 38%  432K 21m14s
179800K .......... .......... .......... .......... .......... 38%  432K 21m14s
179850K .......... .......... .......... .......... .......... 38%  433K 21m13s
179900K .......... .......... .......... .......... .......... 38%  618K 21m13s
179950K .......... .......... .......... .......... .......... 38%  667K 21m12s
180000K .......... .......... .......... .......... .......... 38%  261K 21m12s
180050K .......... .......... .......... .......... .......... 39% 1.20M 21m11s
180100K .......... .......... .......... .......... .......... 39%  313K 21m11s
180150K .......... .......... .......... .......... .......... 39%  132K 21m11s
180200K .......... .......... .......... .......... .......... 39%  130M 21m11s
180250K .......... .......... .......... .......... .......... 39%  317K 21m10s
180300K .......... .......... .......... .......... .......... 39%  216K 21m10s
180350K .......... .......... .......... .......... .......... 39%  216K 21m10s
180400K .......... .......... .......... .......... .......... 39%  216K 21m10s
180450K .......... .......... .......... .......... .......... 39%  264K 21m9s
180500K .......... .......... .......... .......... .......... 39%  183K 21m9s
180550K .......... .......... .......... .......... .......... 39%  265K 21m9s
180600K .......... .......... .......... .......... .......... 39%  251K 21m9s
180650K .......... .......... .......... .......... .......... 39%  333K 21m8s
180700K .......... .......... .......... .......... .......... 39%  251K 21m8s
180750K .......... .......... .......... .......... .......... 39%  338K 21m8s
180800K .......... .......... .......... .......... .......... 39%  254K 21m7s
180850K .......... .......... .......... .......... .......... 39%  326K 21m7s
180900K .......... .......... .......... .......... .......... 39%  258K 21m7s
180950K .......... .......... .......... .......... .......... 39%  337K 21m6s
181000K .......... .......... .......... .......... .......... 39%  426K 21m6s
181050K .......... .......... .......... .......... .......... 39%  320K 21m6s
181100K .......... .......... .......... .......... .......... 39%  261K 21m5s
181150K .......... .......... .......... .......... .......... 39%  253K 21m5s
181200K .......... .......... .......... .......... .......... 39%  340K 21m5s
181250K .......... .......... .......... .......... .......... 39%  250K 21m5s
181300K .......... .......... .......... .......... .......... 39%  262K 21m4s
181350K .......... .......... .......... .......... .......... 39%  320K 21m4s
181400K .......... .......... .......... .......... .......... 39%  425K 21m4s
181450K .......... .......... .......... .......... .......... 39%  266K 21m3s
181500K .......... .......... .......... .......... .......... 39%  317K 21m3s
181550K .......... .......... .......... .......... .......... 39%  432K 21m3s
181600K .......... .......... .......... .......... .......... 39%  432K 21m2s
181650K .......... .......... .......... .......... .......... 39%  216K 21m2s
181700K .......... .......... .......... .......... .......... 39%  432K 21m2s
181750K .......... .......... .......... .......... .......... 39%  432K 21m1s
181800K .......... .......... .......... .......... .......... 39%  426K 21m1s
181850K .......... .......... .......... .......... .......... 39%  431K 21m0s
181900K .......... .......... .......... .......... .......... 39%  265K 21m0s
181950K .......... .......... .......... .......... .......... 39%  319K 21m0s
182000K .......... .......... .......... .......... .......... 39%  432K 20m59s
182050K .......... .......... .......... .......... .......... 39%  424K 20m59s
182100K .......... .......... .......... .......... .......... 39%  320K 20m59s
182150K .......... .......... .......... .......... .......... 39%  341K 20m58s
182200K .......... .......... .......... .......... .......... 39%  431K 20m58s
182250K .......... .......... .......... .......... .......... 39%  433K 20m57s
182300K .......... .......... .......... .......... .......... 39%  431K 20m57s
182350K .......... .......... .......... .......... .......... 39%  434K 20m57s
182400K .......... .......... .......... .......... .......... 39%  189K 20m57s
182450K .......... .......... .......... .......... .......... 39% 5.37M 20m56s
182500K .......... .......... .......... .......... .......... 39%  215K 20m56s
182550K .......... .......... .......... .......... .......... 39%  434K 20m55s
182600K .......... .......... .......... .......... .......... 39%  225K 20m55s
182650K .......... .......... .......... .......... .......... 39%  249K 20m55s
182700K .......... .......... .......... .......... .......... 39%  318K 20m55s
182750K .......... .......... .......... .......... .......... 39%  218K 20m54s
182800K .......... .......... .......... .......... .......... 39%  216K 20m54s
182850K .......... .......... .......... .......... .......... 39%  262K 20m54s
182900K .......... .......... .......... .......... .......... 39%  217K 20m54s
182950K .......... .......... .......... .......... .......... 39%  317K 20m53s
183000K .......... .......... .......... .......... .......... 39%  216K 20m53s
183050K .......... .......... .......... .......... .......... 39%  261K 20m53s
183100K .......... .......... .......... .......... .......... 39%  253K 20m53s
183150K .......... .......... .......... .......... .......... 39%  262K 20m52s
183200K .......... .......... .......... .......... .......... 39%  216K 20m52s
183250K .......... .......... .......... .......... .......... 39%  320K 20m52s
183300K .......... .......... .......... .......... .......... 39%  278K 20m51s
183350K .......... .......... .......... .......... .......... 39%  246K 20m51s
183400K .......... .......... .......... .......... .......... 39%  216K 20m51s
183450K .......... .......... .......... .......... .......... 39%  216K 20m51s
183500K .......... .......... .......... .......... .......... 39%  254K 20m50s
183550K .......... .......... .......... .......... .......... 39%  216K 20m50s
183600K .......... .......... .......... .......... .......... 39%  279K 20m50s
183650K .......... .......... .......... .......... .......... 39%  250K 20m50s
183700K .......... .......... .......... .......... .......... 39%  340K 20m49s
183750K .......... .......... .......... .......... .......... 39%  250K 20m49s
183800K .......... .......... .......... .......... .......... 39%  426K 20m49s
183850K .......... .......... .......... .......... .......... 39%  321K 20m48s
183900K .......... .......... .......... .......... .......... 39%  262K 20m48s
183950K .......... .......... .......... .......... .......... 39%  217K 20m48s
184000K .......... .......... .......... .......... .......... 39%  426K 20m48s
184050K .......... .......... .......... .......... .......... 39%  321K 20m47s
184100K .......... .......... .......... .......... .......... 39%  261K 20m47s
184150K .......... .......... .......... .......... .......... 39%  215K 20m47s
184200K .......... .......... .......... .......... .......... 39%  340K 20m46s
184250K .......... .......... .......... .......... .......... 39%  250K 20m46s
184300K .......... .......... .......... .......... .......... 39%  339K 20m46s
184350K .......... .......... .......... .......... .......... 39%  177K 20m46s
184400K .......... .......... .......... .......... .......... 39%  216K 20m45s
184450K .......... .......... .......... .......... .......... 39%  260K 20m45s
184500K .......... .......... .......... .......... .......... 39%  265K 20m45s
184550K .......... .......... .......... .......... .......... 39%  216K 20m45s
184600K .......... .......... .......... .......... .......... 39%  315K 20m44s
184650K .......... .......... .......... .......... .......... 39%  266K 20m44s
184700K .......... .......... .......... .......... .......... 40%  216K 20m44s
184750K .......... .......... .......... .......... .......... 40%  253K 20m44s
184800K .......... .......... .......... .......... .......... 40%  222K 20m43s
184850K .......... .......... .......... .......... .......... 40%  319K 20m43s
184900K .......... .......... .......... .......... .......... 40%  216K 20m43s
184950K .......... .......... .......... .......... .......... 40%  216K 20m43s
185000K .......... .......... .......... .......... .......... 40%  338K 20m42s
185050K .......... .......... .......... .......... .......... 40%  182K 20m42s
185100K .......... .......... .......... .......... .......... 40%  183K 20m42s
185150K .......... .......... .......... .......... .......... 40%  216K 20m42s
185200K .......... .......... .......... .......... .......... 40%  216K 20m42s
185250K .......... .......... .......... .......... .......... 40%  216K 20m41s
185300K .......... .......... .......... .......... .......... 40%  216K 20m41s
185350K .......... .......... .......... .......... .......... 40%  279K 20m41s
185400K .......... .......... .......... .......... .......... 40%  297K 20m40s
185450K .......... .......... .......... .......... .......... 40%  184K 20m40s
185500K .......... .......... .......... .......... .......... 40%  262K 20m40s
185550K .......... .......... .......... .......... .......... 40%  317K 20m40s
185600K .......... .......... .......... .......... .......... 40%  323K 20m39s
185650K .......... .......... .......... .......... .......... 40%  332K 20m39s
185700K .......... .......... .......... .......... .......... 40%  280K 20m39s
185750K .......... .......... .......... .......... .......... 40%  298K 20m38s
185800K .......... .......... .......... .......... .......... 40%  431K 20m38s
185850K .......... .......... .......... .......... .......... 40%  255K 20m38s
185900K .......... .......... .......... .......... .......... 40%  333K 20m37s
185950K .......... .......... .......... .......... .......... 40%  431K 20m37s
186000K .......... .......... .......... .......... .......... 40%  318K 20m37s
186050K .......... .......... .......... .......... .......... 40%  323K 20m36s
186100K .......... .......... .......... .......... .......... 40%  431K 20m36s
186150K .......... .......... .......... .......... .......... 40%  330K 20m36s
186200K .......... .......... .......... .......... .......... 40%  255K 20m35s
186250K .......... .......... .......... .......... .......... 40%  256K 20m35s
186300K .......... .......... .......... .......... .......... 40%  328K 20m35s
186350K .......... .......... .......... .......... .......... 40%  431K 20m34s
186400K .......... .......... .......... .......... .......... 40%  256K 20m34s
186450K .......... .......... .......... .......... .......... 40%  330K 20m34s
186500K .......... .......... .......... .......... .......... 40%  432K 20m34s
186550K .......... .......... .......... .......... .......... 40%  432K 20m33s
186600K .......... .......... .......... .......... .......... 40%  161K 20m33s
186650K .......... .......... .......... .......... .......... 40% 60.1M 20m32s
186700K .......... .......... .......... .......... .......... 40%  261K 20m32s
186750K .......... .......... .......... .......... .......... 40%  262K 20m32s
186800K .......... .......... .......... .......... .......... 40%  320K 20m32s
186850K .......... .......... .......... .......... .......... 40%  322K 20m31s
186900K .......... .......... .......... .......... .......... 40%  187K 20m31s
186950K .......... .......... .......... .......... .......... 40%  432K 20m31s
187000K .......... .......... .......... .......... .......... 40%  161K 20m31s
187050K .......... .......... .......... .......... .......... 40%  330K 20m30s
187100K .......... .......... .......... .......... .......... 40%  216K 20m30s
187150K .......... .......... .......... .......... .......... 40%  255K 20m30s
187200K .......... .......... .......... .......... .......... 40%  185K 20m30s
187250K .......... .......... .......... .......... .......... 40%  185K 20m30s
187300K .......... .......... .......... .......... .......... 40%  259K 20m29s
187350K .......... .......... .......... .......... .......... 40%  259K 20m29s
187400K .......... .......... .......... .......... .......... 40%  162K 20m29s
187450K .......... .......... .......... .......... .......... 40%  215K 20m29s
187500K .......... .......... .......... .......... .......... 40%  216K 20m28s
187550K .......... .......... .......... .......... .......... 40%  216K 20m28s
187600K .......... .......... .......... .......... .......... 40%  216K 20m28s
187650K .......... .......... .......... .......... .......... 40%  216K 20m28s
187700K .......... .......... .......... .......... .......... 40%  216K 20m28s
187750K .......... .......... .......... .......... .......... 40%  216K 20m27s
187800K .......... .......... .......... .......... .......... 40%  260K 20m27s
187850K .......... .......... .......... .......... .......... 40%  322K 20m27s
187900K .......... .......... .......... .......... .......... 40%  217K 20m27s
187950K .......... .......... .......... .......... .......... 40%  326K 20m26s
188000K .......... .......... .......... .......... .......... 40%  258K 20m26s
188050K .......... .......... .......... .......... .......... 40%  427K 20m26s
188100K .......... .......... .......... .......... .......... 40%  217K 20m25s
188150K .......... .......... .......... .......... .......... 40%  259K 20m25s
188200K .......... .......... .......... .......... .......... 40%  320K 20m25s
188250K .......... .......... .......... .......... .......... 40%  427K 20m24s
188300K .......... .......... .......... .......... .......... 40%  332K 20m24s
188350K .......... .......... .......... .......... .......... 40%  314K 20m24s
188400K .......... .......... .......... .......... .......... 40%  330K 20m23s
188450K .......... .......... .......... .......... .......... 40%  432K 20m23s
188500K .......... .......... .......... .......... .......... 40%  329K 20m23s
188550K .......... .......... .......... .......... .......... 40%  321K 20m22s
188600K .......... .......... .......... .......... .......... 40%  431K 20m22s
188650K .......... .......... .......... .......... .......... 40%  326K 20m22s
188700K .......... .......... .......... .......... .......... 40%  406K 20m21s
188750K .......... .......... .......... .......... .......... 40%  457K 20m21s
188800K .......... .......... .......... .......... .......... 40%  432K 20m21s
188850K .......... .......... .......... .......... .......... 40%  431K 20m20s
188900K .......... .......... .......... .......... .......... 40%  329K 20m20s
188950K .......... .......... .......... .......... .......... 40%  432K 20m19s
189000K .......... .......... .......... .......... .......... 40%  613K 20m19s
189050K .......... .......... .......... .......... .......... 40%  432K 20m19s
189100K .......... .......... .......... .......... .......... 40%  432K 20m18s
189150K .......... .......... .......... .......... .......... 40%  440K 20m18s
189200K .......... .......... .......... .......... .......... 40%  433K 20m18s
189250K .......... .......... .......... .......... .......... 40%  433K 20m17s
189300K .......... .......... .......... .......... .......... 41%  431K 20m17s
189350K .......... .......... .......... .......... .......... 41%  434K 20m16s
189400K .......... .......... .......... .......... .......... 41%  649K 20m16s
189450K .......... .......... .......... .......... .......... 41%  261K 20m16s
189500K .......... .......... .......... .......... .......... 41% 1.20M 20m15s
189550K .......... .......... .......... .......... .......... 41%  323K 20m15s
189600K .......... .......... .......... .......... .......... 41%  432K 20m15s
189650K .......... .......... .......... .......... .......... 41%  330K 20m14s
189700K .......... .......... .......... .......... .......... 41%  183K 20m14s
189750K .......... .......... .......... .......... .......... 41% 1.25M 20m14s
189800K .......... .......... .......... .......... .......... 41%  424K 20m13s
189850K .......... .......... .......... .......... .......... 41%  218K 20m13s
189900K .......... .......... .......... .......... .......... 41%  426K 20m13s
189950K .......... .......... .......... .......... .......... 41%  318K 20m12s
190000K .......... .......... .......... .......... .......... 41%  267K 20m12s
190050K .......... .......... .......... .......... .......... 41%  312K 20m12s
190100K .......... .......... .......... .......... .......... 41%  268K 20m11s
190150K .......... .......... .......... .......... .......... 41%  329K 20m11s
190200K .......... .......... .......... .......... .......... 41%  316K 20m11s
190250K .......... .......... .......... .......... .......... 41%  319K 20m10s
190300K .......... .......... .......... .......... .......... 41%  215K 20m10s
190350K .......... .......... .......... .......... .......... 41%  216K 20m10s
190400K .......... .......... .......... .......... .......... 41%  216K 20m10s
190450K .......... .......... .......... .......... .......... 41%  184K 20m10s
190500K .......... .......... .......... .......... .......... 41%  147K 20m10s
190550K .......... .......... .......... .......... .......... 41%  216K 20m9s
190600K .......... .......... .......... .......... .......... 41%  208K 20m9s
190650K .......... .......... .......... .......... .......... 41%  145K 20m9s
190700K .......... .......... .......... .......... .......... 41%  163K 20m9s
190750K .......... .......... .......... .......... .......... 41%  184K 20m9s
190800K .......... .......... .......... .......... .......... 41%  144K 20m9s
190850K .......... .......... .......... .......... .......... 41%  211K 20m9s
190900K .......... .......... .......... .......... .......... 41%  221K 20m8s
190950K .......... .......... .......... .......... .......... 41%  257K 20m8s
191000K .......... .......... .......... .......... .......... 41%  219K 20m8s
191050K .......... .......... .......... .......... .......... 41%  310K 20m8s
191100K .......... .......... .......... .......... .......... 41%  264K 20m7s
191150K .......... .......... .......... .......... .......... 41%  317K 20m7s
191200K .......... .......... .......... .......... .......... 41%  216K 20m7s
191250K .......... .......... .......... .......... .......... 41%  264K 20m7s
191300K .......... .......... .......... .......... .......... 41%  327K 20m6s
191350K .......... .......... .......... .......... .......... 41%  305K 20m6s
191400K .......... .......... .......... .......... .......... 41%  342K 20m6s
191450K .......... .......... .......... .......... .......... 41%  324K 20m5s
191500K .......... .......... .......... .......... .......... 41%  413K 20m5s
191550K .......... .......... .......... .......... .......... 41%  217K 20m5s
191600K .......... .......... .......... .......... .......... 41%  259K 20m4s
191650K .......... .......... .......... .......... .......... 41%  319K 20m4s
191700K .......... .......... .......... .......... .......... 41%  263K 20m4s
191750K .......... .......... .......... .......... .......... 41%  333K 20m4s
191800K .......... .......... .......... .......... .......... 41%  209K 20m3s
191850K .......... .......... .......... .......... .......... 41%  269K 20m3s
191900K .......... .......... .......... .......... .......... 41%  184K 20m3s
191950K .......... .......... .......... .......... .......... 41%  119K 20m3s
192000K .......... .......... .......... .......... .......... 41%  183K 20m3s
192050K .......... .......... .......... .......... .......... 41%  217K 20m3s
192100K .......... .......... .......... .......... .......... 41%  216K 20m2s
192150K .......... .......... .......... .......... .......... 41%  216K 20m2s
192200K .......... .......... .......... .......... .......... 41%  216K 20m2s
192250K .......... .......... .......... .......... .......... 41%  256K 20m2s
192300K .......... .......... .......... .......... .......... 41%  260K 20m1s
192350K .......... .......... .......... .......... .......... 41%  188K 20m1s
192400K .......... .......... .......... .......... .......... 41%  220K 20m1s
192450K .......... .......... .......... .......... .......... 41%  311K 20m1s
192500K .......... .......... .......... .......... .......... 41%  216K 20m1s
192550K .......... .......... .......... .......... .......... 41%  257K 20m0s
192600K .......... .......... .......... .......... .......... 41%  218K 20m0s
192650K .......... .......... .......... .......... .......... 41%  323K 20m0s
192700K .......... .......... .......... .......... .......... 41%  216K 20m0s
192750K .......... .......... .......... .......... .......... 41%  260K 19m59s
192800K .......... .......... .......... .......... .......... 41%  323K 19m59s
192850K .......... .......... .......... .......... .......... 41%  253K 19m59s
192900K .......... .......... .......... .......... .......... 41%  336K 19m58s
192950K .......... .......... .......... .......... .......... 41%  251K 19m58s
193000K .......... .......... .......... .......... .......... 41%  334K 19m58s
193050K .......... .......... .......... .......... .......... 41%  318K 19m57s
193100K .......... .......... .......... .......... .......... 41%  266K 19m57s
193150K .......... .......... .......... .......... .......... 41%  314K 19m57s
193200K .......... .......... .......... .......... .......... 41%  189K 19m57s
193250K .......... .......... .......... .......... .......... 41%  607K 19m56s
193300K .......... .......... .......... .......... .......... 41%  335K 19m56s
193350K .......... .......... .......... .......... .......... 41%  216K 19m56s
193400K .......... .......... .......... .......... .......... 41%  431K 19m55s
193450K .......... .......... .......... .......... .......... 41%  252K 19m55s
193500K .......... .......... .......... .......... .......... 41%  328K 19m55s
193550K .......... .......... .......... .......... .......... 41%  220K 19m55s
193600K .......... .......... .......... .......... .......... 41%  431K 19m54s
193650K .......... .......... .......... .......... .......... 41%  418K 19m54s
193700K .......... .......... .......... .......... .......... 41%  163K 19m54s
193750K .......... .......... .......... .......... .......... 41% 1.26M 19m53s
193800K .......... .......... .......... .......... .......... 41%  255K 19m53s
193850K .......... .......... .......... .......... .......... 41%  185K 19m53s
193900K .......... .......... .......... .......... .......... 42%  215K 19m53s
193950K .......... .......... .......... .......... .......... 42%  144K 19m53s
194000K .......... .......... .......... .......... .......... 42%  258K 19m52s
194050K .......... .......... .......... .......... .......... 42%  118K 19m52s
194100K .......... .......... .......... .......... .......... 42%  162K 19m52s
194150K .......... .......... .......... .......... .......... 42%  144K 19m52s
194200K .......... .......... .......... .......... .......... 42%  130K 19m52s
194250K .......... .......... .......... .......... .......... 42%  118K 19m52s
194300K .......... .......... .......... .......... .......... 42%  185K 19m52s
194350K .......... .......... .......... .......... .......... 42%  144K 19m52s
194400K .......... .......... .......... .......... .......... 42%  161K 19m52s
194450K .......... .......... .......... .......... .......... 42%  184K 19m52s
194500K .......... .......... .......... .......... .......... 42%  182K 19m52s
194550K .......... .......... .......... .......... .......... 42%  189K 19m52s
194600K .......... .......... .......... .......... .......... 42%  216K 19m51s
194650K .......... .......... .......... .......... .......... 42%  119K 19m51s
194700K .......... .......... .......... .......... .......... 42%  248K 19m51s
194750K .......... .......... .......... .......... .......... 42%  161K 19m51s
194800K .......... .......... .......... .......... .......... 42%  185K 19m51s
194850K .......... .......... .......... .......... .......... 42%  145K 19m51s
194900K .......... .......... .......... .......... .......... 42%  144K 19m51s
194950K .......... .......... .......... .......... .......... 42%  181K 19m51s
195000K .......... .......... .......... .......... .......... 42%  129K 19m51s
195050K .......... .......... .......... .......... .......... 42%  189K 19m50s
195100K .......... .......... .......... .......... .......... 42%  251K 19m50s
195150K .......... .......... .......... .......... .......... 42%  216K 19m50s
195200K .......... .......... .......... .......... .......... 42%  336K 19m50s
195250K .......... .......... .......... .......... .......... 42%  216K 19m49s
195300K .......... .......... .......... .......... .......... 42%  252K 19m49s
195350K .......... .......... .......... .......... .......... 42%  336K 19m49s
195400K .......... .......... .......... .......... .......... 42%  216K 19m49s
195450K .......... .......... .......... .......... .......... 42%  215K 19m48s
195500K .......... .......... .......... .......... .......... 42%  216K 19m48s
195550K .......... .......... .......... .......... .......... 42%  253K 19m48s
195600K .......... .......... .......... .......... .......... 42%  216K 19m48s
195650K .......... .......... .......... .......... .......... 42%  262K 19m47s
195700K .......... .......... .......... .......... .......... 42%  320K 19m47s
195750K .......... .......... .......... .......... .......... 42%  216K 19m47s
195800K .......... .......... .......... .......... .......... 42%  263K 19m47s
195850K .......... .......... .......... .......... .......... 42%  319K 19m46s
195900K .......... .......... .......... .......... .......... 42%  319K 19m46s
195950K .......... .......... .......... .......... .......... 42%  262K 19m46s
196000K .......... .......... .......... .......... .......... 42%  319K 19m45s
196050K .......... .......... .......... .......... .......... 42%  334K 19m45s
196100K .......... .......... .......... .......... .......... 42%  318K 19m45s
196150K .......... .......... .......... .......... .......... 42%  183K 19m45s
196200K .......... .......... .......... .......... .......... 42%  261K 19m44s
196250K .......... .......... .......... .......... .......... 42%  322K 19m44s
196300K .......... .......... .......... .......... .......... 42%  261K 19m44s
196350K .......... .......... .......... .......... .......... 42%  319K 19m43s
196400K .......... .......... .......... .......... .......... 42%  259K 19m43s
196450K .......... .......... .......... .......... .......... 42%  442K 19m43s
196500K .......... .......... .......... .......... .......... 42%  216K 19m43s
196550K .......... .......... .......... .......... .......... 42%  319K 19m42s
196600K .......... .......... .......... .......... .......... 42%  262K 19m42s
196650K .......... .......... .......... .......... .......... 42%  432K 19m42s
196700K .......... .......... .......... .......... .......... 42%  431K 19m41s
196750K .......... .......... .......... .......... .......... 42%  262K 19m41s
196800K .......... .......... .......... .......... .......... 42%  319K 19m41s
196850K .......... .......... .......... .......... .......... 42%  432K 19m40s
196900K .......... .......... .......... .......... .......... 42%  216K 19m40s
196950K .......... .......... .......... .......... .......... 42%  432K 19m40s
197000K .......... .......... .......... .......... .......... 42%  432K 19m39s
197050K .......... .......... .......... .......... .......... 42%  321K 19m39s
197100K .......... .......... .......... .......... .......... 42%  332K 19m39s
197150K .......... .......... .......... .......... .......... 42%  432K 19m38s
197200K .......... .......... .......... .......... .......... 42%  320K 19m38s
197250K .......... .......... .......... .......... .......... 42%  416K 19m38s
197300K .......... .......... .......... .......... .......... 42%  448K 19m37s
197350K .......... .......... .......... .......... .......... 42%  430K 19m37s
197400K .......... .......... .......... .......... .......... 42%  432K 19m37s
197450K .......... .......... .......... .......... .......... 42%  432K 19m36s
197500K .......... .......... .......... .......... .......... 42%  432K 19m36s
197550K .......... .......... .......... .......... .......... 42%  432K 19m36s
197600K .......... .......... .......... .......... .......... 42%  432K 19m35s
197650K .......... .......... .......... .......... .......... 42%  433K 19m35s
197700K .......... .......... .......... .......... .......... 42%  321K 19m35s
197750K .......... .......... .......... .......... .......... 42%  653K 19m34s
197800K .......... .......... .......... .......... .......... 42%  435K 19m34s
197850K .......... .......... .......... .......... .......... 42%  433K 19m33s
197900K .......... .......... .......... .......... .......... 42%  432K 19m33s
197950K .......... .......... .......... .......... .......... 42%  433K 19m33s
198000K .......... .......... .......... .......... .......... 42%  433K 19m32s
198050K .......... .......... .......... .......... .......... 42%  432K 19m32s
198100K .......... .......... .......... .......... .......... 42%  433K 19m32s
198150K .......... .......... .......... .......... .......... 42%  666K 19m31s
198200K .......... .......... .......... .......... .......... 42%  616K 19m31s
198250K .......... .......... .......... .......... .......... 42%  658K 19m30s
198300K .......... .......... .......... .......... .......... 42%  423K 19m30s
198350K .......... .......... .......... .......... .......... 42%  444K 19m30s
198400K .......... .......... .......... .......... .......... 42%  429K 19m29s
198450K .......... .......... .......... .......... .......... 42%  433K 19m29s
198500K .......... .......... .......... .......... .......... 42%  429K 19m29s
198550K .......... .......... .......... .......... .......... 43%  263K 19m28s
198600K .......... .......... .......... .......... .......... 43%  433K 19m28s
198650K .......... .......... .......... .......... .......... 43%  253K 19m28s
198700K .......... .......... .......... .......... .......... 43%  429K 19m27s
198750K .......... .......... .......... .......... .......... 43%  262K 19m27s
198800K .......... .......... .......... .......... .......... 43%  431K 19m27s
198850K .......... .......... .......... .......... .......... 43%  216K 19m26s
198900K .......... .......... .......... .......... .......... 43%  428K 19m26s
198950K .......... .......... .......... .......... .......... 43%  322K 19m26s
199000K .......... .......... .......... .......... .......... 43%  431K 19m25s
199050K .......... .......... .......... .......... .......... 43%  326K 19m25s
199100K .......... .......... .......... .......... .......... 43%  322K 19m25s
199150K .......... .......... .......... .......... .......... 43%  431K 19m24s
199200K .......... .......... .......... .......... .......... 43%  325K 19m24s
199250K .......... .......... .......... .......... .......... 43%  216K 19m24s
199300K .......... .......... .......... .......... .......... 43%  433K 19m24s
199350K .......... .......... .......... .......... .......... 43%  256K 19m23s
199400K .......... .......... .......... .......... .......... 43%  260K 19m23s
199450K .......... .......... .......... .......... .......... 43%  185K 19m23s
199500K .......... .......... .......... .......... .......... 43%  260K 19m23s
199550K .......... .......... .......... .......... .......... 43%  216K 19m22s
199600K .......... .......... .......... .......... .......... 43%  216K 19m22s
199650K .......... .......... .......... .......... .......... 43%  216K 19m22s
199700K .......... .......... .......... .......... .......... 43%  322K 19m22s
199750K .......... .......... .......... .......... .......... 43%  260K 19m21s
199800K .......... .......... .......... .......... .......... 43%  322K 19m21s
199850K .......... .......... .......... .......... .......... 43%  260K 19m21s
199900K .......... .......... .......... .......... .......... 43%  325K 19m21s
199950K .......... .......... .......... .......... .......... 43%  216K 19m20s
200000K .......... .......... .......... .......... .......... 43%  429K 19m20s
200050K .......... .......... .......... .......... .......... 43%  327K 19m20s
200100K .......... .......... .......... .......... .......... 43%  259K 19m19s
200150K .......... .......... .......... .......... .......... 43%  431K 19m19s
200200K .......... .......... .......... .......... .......... 43%  431K 19m19s
200250K .......... .......... .......... .......... .......... 43%  326K 19m18s
200300K .......... .......... .......... .......... .......... 43%  431K 19m18s
200350K .......... .......... .......... .......... .......... 43%  259K 19m18s
200400K .......... .......... .......... .......... .......... 43%  431K 19m17s
200450K .......... .......... .......... .......... .......... 43%  432K 19m17s
200500K .......... .......... .......... .......... .......... 43%  432K 19m17s
200550K .......... .......... .......... .......... .......... 43%  431K 19m16s
200600K .......... .......... .......... .......... .......... 43%  432K 19m16s
200650K .......... .......... .......... .......... .......... 43%  432K 19m16s
200700K .......... .......... .......... .......... .......... 43%  433K 19m15s
200750K .......... .......... .......... .......... .......... 43%  260K 19m15s
200800K .......... .......... .......... .......... .......... 43%  434K 19m15s
200850K .......... .......... .......... .......... .......... 43%  646K 19m14s
200900K .......... .......... .......... .......... .......... 43%  432K 19m14s
200950K .......... .......... .......... .......... .......... 43%  433K 19m13s
201000K .......... .......... .......... .......... .......... 43%  644K 19m13s
201050K .......... .......... .......... .......... .......... 43%  432K 19m13s
201100K .......... .......... .......... .......... .......... 43%  326K 19m12s
201150K .......... .......... .......... .......... .......... 43%  643K 19m12s
201200K .......... .......... .......... .......... .......... 43%  432K 19m12s
201250K .......... .......... .......... .......... .......... 43%  433K 19m11s
201300K .......... .......... .......... .......... .......... 43%  424K 19m11s
201350K .......... .......... .......... .......... .......... 43%  435K 19m11s
201400K .......... .......... .......... .......... .......... 43%  431K 19m10s
201450K .......... .......... .......... .......... .......... 43%  185K 19m10s
201500K .......... .......... .......... .......... .......... 43%  644K 19m10s
201550K .......... .......... .......... .......... .......... 43%  260K 19m9s
201600K .......... .......... .......... .......... .......... 43%  323K 19m9s
201650K .......... .......... .......... .......... .......... 43%  432K 19m9s
201700K .......... .......... .......... .......... .......... 43%  261K 19m8s
201750K .......... .......... .......... .......... .......... 43%  322K 19m8s
201800K .......... .......... .......... .......... .......... 43%  430K 19m8s
201850K .......... .......... .......... .......... .......... 43%  223K 19m8s
201900K .......... .......... .......... .......... .......... 43%  251K 19m7s
201950K .......... .......... .......... .......... .......... 43%  322K 19m7s
202000K .......... .......... .......... .......... .......... 43%  223K 19m7s
202050K .......... .......... .......... .......... .......... 43%  180K 19m7s
202100K .......... .......... .......... .......... .......... 43%  128K 19m7s
202150K .......... .......... .......... .......... .......... 43%  119K 19m7s
202200K .......... .......... .......... .......... .......... 43%  144K 19m7s
202250K .......... .......... .......... .......... .......... 43%  119K 19m7s
202300K .......... .......... .......... .......... .......... 43%  182K 19m7s
202350K .......... .......... .......... .......... .......... 43%  181K 19m6s
202400K .......... .......... .......... .......... .......... 43%  194K 19m6s
202450K .......... .......... .......... .......... .......... 43%  216K 19m6s
202500K .......... .......... .......... .......... .......... 43%  245K 19m6s
202550K .......... .......... .......... .......... .......... 43%  216K 19m6s
202600K .......... .......... .......... .......... .......... 43%  266K 19m5s
202650K .......... .......... .......... .......... .......... 43%  184K 19m5s
202700K .......... .......... .......... .......... .......... 43%  268K 19m5s
202750K .......... .......... .......... .......... .......... 43%  311K 19m5s
202800K .......... .......... .......... .......... .......... 43%  268K 19m4s
202850K .......... .......... .......... .......... .......... 43%  212K 19m4s
202900K .......... .......... .......... .......... .......... 43%  221K 19m4s
202950K .......... .......... .......... .......... .......... 43%  305K 19m4s
203000K .......... .......... .......... .......... .......... 43%  193K 19m3s
203050K .......... .......... .......... .......... .......... 43%  245K 19m3s
203100K .......... .......... .......... .......... .......... 43%  350K 19m3s
203150K .......... .......... .......... .......... .......... 44%  245K 19m3s
203200K .......... .......... .......... .......... .......... 44%  350K 19m2s
203250K .......... .......... .......... .......... .......... 44%  311K 19m2s
203300K .......... .......... .......... .......... .......... 44%  269K 19m2s
203350K .......... .......... .......... .......... .......... 44%  243K 19m2s
203400K .......... .......... .......... .......... .......... 44%  167K 19m1s
203450K .......... .......... .......... .......... .......... 44%  216K 19m1s
203500K .......... .......... .......... .......... .......... 44%  262K 19m1s
203550K .......... .......... .......... .......... .......... 44%  312K 19m1s
203600K .......... .......... .......... .......... .......... 44%  267K 19m0s
203650K .......... .......... .......... .......... .......... 44%  313K 19m0s
203700K .......... .......... .......... .......... .......... 44%  215K 19m0s
203750K .......... .......... .......... .......... .......... 44%  219K 19m0s
203800K .......... .......... .......... .......... .......... 44%  144K 19m0s
203850K .......... .......... .......... .......... .......... 44%  180K 18m59s
203900K .......... .......... .......... .......... .......... 44%  215K 18m59s
203950K .......... .......... .......... .......... .......... 44%  182K 18m59s
204000K .......... .......... .......... .......... .......... 44%  192K 18m59s
204050K .......... .......... .......... .......... .......... 44%  220K 18m59s
204100K .......... .......... .......... .......... .......... 44%  216K 18m58s
204150K .......... .......... .......... .......... .......... 44%  127K 18m58s
204200K .......... .......... .......... .......... .......... 44%  270K 18m58s
204250K .......... .......... .......... .......... .......... 44%  180K 18m58s
204300K .......... .......... .......... .......... .......... 44%  143K 18m58s
204350K .......... .......... .......... .......... .......... 44%  169K 18m58s
204400K .......... .......... .......... .......... .......... 44%  180K 18m58s
204450K .......... .......... .......... .......... .......... 44%  167K 18m58s
204500K .......... .......... .......... .......... .......... 44%  216K 18m57s
204550K .......... .......... .......... .......... .......... 44%  127K 18m57s
204600K .......... .......... .......... .......... .......... 44%  143K 18m57s
204650K .......... .......... .......... .......... .......... 44%  108K 18m57s
204700K .......... .......... .......... .......... .......... 44%  143K 18m57s
204750K .......... .......... .......... .......... .......... 44%  129K 18m57s
204800K .......... .......... .......... .......... .......... 44%  192K 18m57s
204850K .......... .......... .......... .......... .......... 44%  126K 18m57s
204900K .......... .......... .......... .......... .......... 44%  159K 18m57s
204950K .......... .......... .......... .......... .......... 44%  132K 18m57s
205000K .......... .......... .......... .......... .......... 44%  184K 18m57s
205050K .......... .......... .......... .......... .......... 44%  118K 18m57s
205100K .......... .......... .......... .......... .......... 44%  186K 18m57s
205150K .......... .......... .......... .......... .......... 44%  162K 18m57s
205200K .......... .......... .......... .......... .......... 44%  215K 18m56s
205250K .......... .......... .......... .......... .......... 44%  186K 18m56s
205300K .......... .......... .......... .......... .......... 44%  162K 18m56s
205350K .......... .......... .......... .......... .......... 44%  144K 18m56s
205400K .......... .......... .......... .......... .......... 44%  186K 18m56s
205450K .......... .......... .......... .......... .......... 44%  216K 18m56s
205500K .......... .......... .......... .......... .......... 44%  214K 18m56s
205550K .......... .......... .......... .......... .......... 44%  185K 18m55s
205600K .......... .......... .......... .......... .......... 44%  216K 18m55s
205650K .......... .......... .......... .......... .......... 44%  264K 18m55s
205700K .......... .......... .......... .......... .......... 44%  161K 18m55s
205750K .......... .......... .......... .......... .......... 44%  220K 18m55s
205800K .......... .......... .......... .......... .......... 44%  212K 18m54s
205850K .......... .......... .......... .......... .......... 44%  186K 18m54s
205900K .......... .......... .......... .......... .......... 44%  216K 18m54s
205950K .......... .......... .......... .......... .......... 44%  257K 18m54s
206000K .......... .......... .......... .......... .......... 44%  161K 18m54s
206050K .......... .......... .......... .......... .......... 44%  131K 18m54s
206100K .......... .......... .......... .......... .......... 44%  216K 18m53s
206150K .......... .......... .......... .......... .......... 44%  216K 18m53s
206200K .......... .......... .......... .......... .......... 44%  184K 18m53s
206250K .......... .......... .......... .......... .......... 44%  262K 18m53s
206300K .......... .......... .......... .......... .......... 44%  255K 18m52s
206350K .......... .......... .......... .......... .......... 44%  216K 18m52s
206400K .......... .......... .......... .......... .......... 44%  187K 18m52s
206450K .......... .......... .......... .......... .......... 44%  161K 18m52s
206500K .......... .......... .......... .......... .......... 44%  216K 18m52s
206550K .......... .......... .......... .......... .......... 44%  259K 18m52s
206600K .......... .......... .......... .......... .......... 44%  262K 18m51s
206650K .......... .......... .......... .......... .......... 44%  256K 18m51s
206700K .......... .......... .......... .......... .......... 44%  259K 18m51s
206750K .......... .......... .......... .......... .......... 44%  263K 18m51s
206800K .......... .......... .......... .......... .......... 44%  256K 18m50s
206850K .......... .......... .......... .......... .......... 44%  216K 18m50s
206900K .......... .......... .......... .......... .......... 44%  260K 18m50s
206950K .......... .......... .......... .......... .......... 44%  323K 18m49s
207000K .......... .......... .......... .......... .......... 44%  330K 18m49s
207050K .......... .......... .......... .......... .......... 44%  256K 18m49s
207100K .......... .......... .......... .......... .......... 44%  431K 18m49s
207150K .......... .......... .......... .......... .......... 44%  261K 18m48s
207200K .......... .......... .......... .......... .......... 44%  321K 18m48s
207250K .......... .......... .......... .......... .......... 44%  330K 18m48s
207300K .......... .......... .......... .......... .......... 44%  319K 18m47s
207350K .......... .......... .......... .......... .......... 44%  432K 18m47s
207400K .......... .......... .......... .......... .......... 44%  323K 18m47s
207450K .......... .......... .......... .......... .......... 44%  432K 18m46s
207500K .......... .......... .......... .......... .......... 44%  432K 18m46s
207550K .......... .......... .......... .......... .......... 44%  432K 18m46s
207600K .......... .......... .......... .......... .......... 44%  260K 18m45s
207650K .......... .......... .......... .......... .......... 44%  432K 18m45s
207700K .......... .......... .......... .......... .......... 44%  431K 18m45s
207750K .......... .......... .......... .......... .......... 45%  215K 18m45s
207800K .......... .......... .......... .......... .......... 45% 1.26M 18m44s
207850K .......... .......... .......... .......... .......... 45%  260K 18m44s
207900K .......... .......... .......... .......... .......... 45%  324K 18m44s
207950K .......... .......... .......... .......... .......... 45%  432K 18m43s
208000K .......... .......... .......... .......... .......... 45%  259K 18m43s
208050K .......... .......... .......... .......... .......... 45%  325K 18m43s
208100K .......... .......... .......... .......... .......... 45%  432K 18m42s
208150K .......... .......... .......... .......... .......... 45%  432K 18m42s
208200K .......... .......... .......... .......... .......... 45%  432K 18m42s
208250K .......... .......... .......... .......... .......... 45%  432K 18m41s
208300K .......... .......... .......... .......... .......... 45%  432K 18m41s
208350K .......... .......... .......... .......... .......... 45%  320K 18m41s
208400K .......... .......... .......... .......... .......... 45%  432K 18m40s
208450K .......... .......... .......... .......... .......... 45%  432K 18m40s
208500K .......... .......... .......... .......... .......... 45%  433K 18m40s
208550K .......... .......... .......... .......... .......... 45%  662K 18m39s
208600K .......... .......... .......... .......... .......... 45%  433K 18m39s
208650K .......... .......... .......... .......... .......... 45%  216K 18m39s
208700K .......... .......... .......... .......... .......... 45%  432K 18m38s
208750K .......... .......... .......... .......... .......... 45%  256K 18m38s
208800K .......... .......... .......... .......... .......... 45%  329K 18m38s
208850K .......... .......... .......... .......... .......... 45%  432K 18m37s
208900K .......... .......... .......... .......... .......... 45%  316K 18m37s
208950K .......... .......... .......... .......... .......... 45%  328K 18m37s
209000K .......... .......... .......... .......... .......... 45%  432K 18m36s
209050K .......... .......... .......... .......... .......... 45%  431K 18m36s
209100K .......... .......... .......... .......... .......... 45%  328K 18m36s
209150K .......... .......... .......... .......... .......... 45%  426K 18m35s
209200K .......... .......... .......... .......... .......... 45%  432K 18m35s
209250K .......... .......... .......... .......... .......... 45%  431K 18m35s
209300K .......... .......... .......... .......... .......... 45%  432K 18m34s
209350K .......... .......... .......... .......... .......... 45%  432K 18m34s
209400K .......... .......... .......... .......... .......... 45%  432K 18m34s
209450K .......... .......... .......... .......... .......... 45%  432K 18m33s
209500K .......... .......... .......... .......... .......... 45%  317K 18m33s
209550K .......... .......... .......... .......... .......... 45%  432K 18m33s
209600K .......... .......... .......... .......... .......... 45%  432K 18m32s
209650K .......... .......... .......... .......... .......... 45%  433K 18m32s
209700K .......... .......... .......... .......... .......... 45%  433K 18m32s
209750K .......... .......... .......... .......... .......... 45%  676K 18m31s
209800K .......... .......... .......... .......... .......... 45%  432K 18m31s
209850K .......... .......... .......... .......... .......... 45%  433K 18m31s
209900K .......... .......... .......... .......... .......... 45%  317K 18m30s
209950K .......... .......... .......... .......... .......... 45%  264K 18m30s
210000K .......... .......... .......... .......... .......... 45%  644K 18m30s
210050K .......... .......... .......... .......... .......... 45%  321K 18m29s
210100K .......... .......... .......... .......... .......... 45%  218K 18m29s
210150K .......... .......... .......... .......... .......... 45%  257K 18m29s
210200K .......... .......... .......... .......... .......... 45%  216K 18m29s
210250K .......... .......... .......... .......... .......... 45%  216K 18m28s
210300K .......... .......... .......... .......... .......... 45%  323K 18m28s
210350K .......... .......... .......... .......... .......... 45%  260K 18m28s
210400K .......... .......... .......... .......... .......... 45%  213K 18m28s
210450K .......... .......... .......... .......... .......... 45%  216K 18m27s
210500K .......... .......... .......... .......... .......... 45%  216K 18m27s
210550K .......... .......... .......... .......... .......... 45%  257K 18m27s
210600K .......... .......... .......... .......... .......... 45%  269K 18m27s
210650K .......... .......... .......... .......... .......... 45%  216K 18m26s
210700K .......... .......... .......... .......... .......... 45%  252K 18m26s
210750K .......... .......... .......... .......... .......... 45%  336K 18m26s
210800K .......... .......... .......... .......... .......... 45%  253K 18m26s
210850K .......... .......... .......... .......... .......... 45%  335K 18m25s
210900K .......... .......... .......... .......... .......... 45%  253K 18m25s
210950K .......... .......... .......... .......... .......... 45%  336K 18m25s
211000K .......... .......... .......... .......... .......... 45%  311K 18m25s
211050K .......... .......... .......... .......... .......... 45%  269K 18m24s
211100K .......... .......... .......... .......... .......... 45%  310K 18m24s
211150K .......... .......... .......... .......... .......... 45%  327K 18m24s
211200K .......... .......... .......... .......... .......... 45%  334K 18m23s
211250K .......... .......... .......... .......... .......... 45%  432K 18m23s
211300K .......... .......... .......... .......... .......... 45%  316K 18m23s
211350K .......... .......... .......... .......... .......... 45%  324K 18m22s
211400K .......... .......... .......... .......... .......... 45%  334K 18m22s
211450K .......... .......... .......... .......... .......... 45%  432K 18m22s
211500K .......... .......... .......... .......... .......... 45%  322K 18m22s
211550K .......... .......... .......... .......... .......... 45%  431K 18m21s
211600K .......... .......... .......... .......... .......... 45%  432K 18m21s
211650K .......... .......... .......... .......... .......... 45%  216K 18m21s
211700K .......... .......... .......... .......... .......... 45% 1.15M 18m20s
211750K .......... .......... .......... .......... .......... 45%  273K 18m20s
211800K .......... .......... .......... .......... .......... 45%  126K 18m20s
211850K .......... .......... .......... .......... .......... 45%  164K 18m20s
211900K .......... .......... .......... .......... .......... 45%  162K 18m20s
211950K .......... .......... .......... .......... .......... 45%  185K 18m20s
212000K .......... .......... .......... .......... .......... 45%  182K 18m19s
212050K .......... .......... .......... .......... .......... 45%  144K 18m19s
212100K .......... .......... .......... .......... .......... 45%  188K 18m19s
212150K .......... .......... .......... .......... .......... 45%  186K 18m19s
212200K .......... .......... .......... .......... .......... 45% 98.6K 18m19s
212250K .......... .......... .......... .......... .......... 45%  165K 18m19s
212300K .......... .......... .......... .......... .......... 45%  144K 18m19s
212350K .......... .......... .......... .......... .......... 45%  182K 18m19s
212400K .......... .......... .......... .......... .......... 46%  144K 18m19s
212450K .......... .......... .......... .......... .......... 46%  144K 18m19s
212500K .......... .......... .......... .......... .......... 46% 99.0K 18m19s
212550K .......... .......... .......... .......... .......... 46% 76.5K 18m19s
212600K .......... .......... .......... .......... .......... 46%  108K 18m19s
212650K .......... .......... .......... .......... .......... 46%  129K 18m19s
212700K .......... .......... .......... .......... .......... 46%  163K 18m19s
212750K .......... .......... .......... .......... .......... 46%  144K 18m19s
212800K .......... .......... .......... .......... .......... 46%  216K 18m19s
212850K .......... .......... .......... .......... .......... 46%  184K 18m18s
212900K .......... .......... .......... .......... .......... 46%  216K 18m18s
212950K .......... .......... .......... .......... .......... 46%  163K 18m18s
213000K .......... .......... .......... .......... .......... 46%  216K 18m18s
213050K .......... .......... .......... .......... .......... 46%  165K 18m18s
213100K .......... .......... .......... .......... .......... 46%  313K 18m18s
213150K .......... .......... .......... .......... .......... 46%  144K 18m17s
213200K .......... .......... .......... .......... .......... 46%  254K 18m17s
213250K .......... .......... .......... .......... .......... 46%  163K 18m17s
213300K .......... .......... .......... .......... .......... 46%  118K 18m17s
213350K .......... .......... .......... .......... .......... 46%  184K 18m17s
213400K .......... .......... .......... .......... .......... 46%  216K 18m17s
213450K .......... .......... .......... .......... .......... 46%  216K 18m17s
213500K .......... .......... .......... .......... .......... 46%  216K 18m16s
213550K .......... .......... .......... .......... .......... 46%  216K 18m16s
213600K .......... .......... .......... .......... .......... 46%  261K 18m16s
213650K .......... .......... .......... .......... .......... 46%  255K 18m16s
213700K .......... .......... .......... .......... .......... 46%  188K 18m15s
213750K .......... .......... .......... .......... .......... 46%  318K 18m15s
213800K .......... .......... .......... .......... .......... 46%  323K 18m15s
213850K .......... .......... .......... .......... .......... 46%  187K 18m15s
213900K .......... .......... .......... .......... .......... 46%  432K 18m14s
213950K .......... .......... .......... .......... .......... 46%  182K 18m14s
214000K .......... .......... .......... .......... .......... 46%  186K 18m14s
214050K .......... .......... .......... .......... .......... 46%  131K 18m14s
214100K .......... .......... .......... .......... .......... 46%  216K 18m14s
214150K .......... .......... .......... .......... .......... 46%  183K 18m14s
214200K .......... .......... .......... .......... .......... 46%  264K 18m13s
214250K .......... .......... .......... .......... .......... 46%  216K 18m13s
214300K .......... .......... .......... .......... .......... 46%  255K 18m13s
214350K .......... .......... .......... .......... .......... 46%  222K 18m13s
214400K .......... .......... .......... .......... .......... 46%  318K 18m12s
214450K .......... .......... .......... .......... .......... 46%  216K 18m12s
214500K .......... .......... .......... .......... .......... 46%  264K 18m12s
214550K .......... .......... .......... .......... .......... 46%  317K 18m12s
214600K .......... .......... .......... .......... .......... 46%  316K 18m11s
214650K .......... .......... .......... .......... .......... 46%  339K 18m11s
214700K .......... .......... .......... .......... .......... 46%  317K 18m11s
214750K .......... .......... .......... .......... .......... 46%  317K 18m10s
214800K .......... .......... .......... .......... .......... 46%  264K 18m10s
214850K .......... .......... .......... .......... .......... 46%  432K 18m10s
214900K .......... .......... .......... .......... .......... 46%  312K 18m10s
214950K .......... .......... .......... .......... .......... 46%  345K 18m9s
215000K .......... .......... .......... .......... .......... 46%  430K 18m9s
215050K .......... .......... .......... .......... .......... 46%  431K 18m9s
215100K .......... .......... .......... .......... .......... 46%  411K 18m8s
215150K .......... .......... .......... .......... .......... 46%  222K 18m8s
215200K .......... .......... .......... .......... .......... 46%  216K 18m8s
215250K .......... .......... .......... .......... .......... 46%  430K 18m7s
215300K .......... .......... .......... .......... .......... 46%  248K 18m7s
215350K .......... .......... .......... .......... .......... 46%  344K 18m7s
215400K .......... .......... .......... .......... .......... 46%  431K 18m7s
215450K .......... .......... .......... .......... .......... 46%  431K 18m6s
215500K .......... .......... .......... .......... .......... 46%  418K 18m6s
215550K .......... .......... .......... .......... .......... 46%  219K 18m6s
215600K .......... .......... .......... .......... .......... 46%  217K 18m5s
215650K .......... .......... .......... .......... .......... 46%  427K 18m5s
215700K .......... .......... .......... .......... .......... 46%  248K 18m5s
215750K .......... .......... .......... .......... .......... 46%  343K 18m5s
215800K .......... .......... .......... .......... .......... 46%  418K 18m4s
215850K .......... .......... .......... .......... .......... 46%  220K 18m4s
215900K .......... .......... .......... .......... .......... 46% 21.1K 18m6s
215950K .......... .......... .......... .......... .......... 46%  216K 18m6s
216000K .......... .......... .......... .......... .......... 46%  216K 18m6s
216050K .......... .......... .......... .......... .......... 46%  216K 18m6s
216100K .......... .......... .......... .......... .......... 46%  215K 18m5s
216150K .......... .......... .......... .......... .......... 46%  216K 18m5s
216200K .......... .......... .......... .......... .......... 46%  144K 18m5s
216250K .......... .......... .......... .......... .......... 46%  427K 18m5s
216300K .......... .......... .......... .......... .......... 46%  144K 18m5s
216350K .......... .......... .......... .......... .......... 46%  144K 18m5s
216400K .......... .......... .......... .......... .......... 46%  144K 18m5s
216450K .......... .......... .......... .......... .......... 46%  144K 18m4s
216500K .......... .......... .......... .......... .......... 46%  215K 18m4s
216550K .......... .......... .......... .......... .......... 46%  184K 18m4s
216600K .......... .......... .......... .......... .......... 46%  216K 18m4s
216650K .......... .......... .......... .......... .......... 46%  216K 18m4s
216700K .......... .......... .......... .......... .......... 46%  263K 18m3s
216750K .......... .......... .......... .......... .......... 46%  318K 18m3s
216800K .......... .......... .......... .......... .......... 46%  217K 18m3s
216850K .......... .......... .......... .......... .......... 46%  216K 18m3s
216900K .......... .......... .......... .......... .......... 46%  261K 18m2s
216950K .......... .......... .......... .......... .......... 46%  322K 18m2s
217000K .......... .......... .......... .......... .......... 47%  318K 18m2s
217050K .......... .......... .......... .......... .......... 47%  332K 18m2s
217100K .......... .......... .......... .......... .......... 47%  321K 18m1s
217150K .......... .......... .......... .......... .......... 47%  317K 18m1s
217200K .......... .......... .......... .......... .......... 47%  188K 18m1s
217250K .......... .......... .......... .......... .......... 47%  433K 18m0s
217300K .......... .......... .......... .......... .......... 47%  252K 18m0s
217350K .......... .......... .......... .......... .......... 47%  335K 18m0s
217400K .......... .......... .......... .......... .......... 47%  253K 18m0s
217450K .......... .......... .......... .......... .......... 47%  336K 17m59s
217500K .......... .......... .......... .......... .......... 47%  215K 17m59s
217550K .......... .......... .......... .......... .......... 47%  320K 17m59s
217600K .......... .......... .......... .......... .......... 47%  183K 17m59s
217650K .......... .......... .......... .......... .......... 47%  264K 17m58s
217700K .......... .......... .......... .......... .......... 47%  263K 17m58s
217750K .......... .......... .......... .......... .......... 47%  251K 17m58s
217800K .......... .......... .......... .......... .......... 47%  264K 17m58s
217850K .......... .......... .......... .......... .......... 47%  317K 17m57s
217900K .......... .......... .......... .......... .......... 47%  264K 17m57s
217950K .......... .......... .......... .......... .......... 47%  316K 17m57s
218000K .......... .......... .......... .......... .......... 47%  264K 17m57s
218050K .......... .......... .......... .......... .......... 47%  312K 17m56s
218100K .......... .......... .......... .......... .......... 47%  343K 17m56s
218150K .......... .......... .......... .......... .......... 47%  316K 17m56s
218200K .......... .......... .......... .......... .......... 47%  432K 17m55s
218250K .......... .......... .......... .......... .......... 47%  264K 17m55s
218300K .......... .......... .......... .......... .......... 47%  251K 17m55s
218350K .......... .......... .......... .......... .......... 47%  216K 17m55s
218400K .......... .......... .......... .......... .......... 47%  263K 17m54s
218450K .......... .......... .......... .......... .......... 47%  431K 17m54s
218500K .......... .......... .......... .......... .......... 47%  318K 17m54s
218550K .......... .......... .......... .......... .......... 47%  264K 17m54s
218600K .......... .......... .......... .......... .......... 47%  431K 17m53s
218650K .......... .......... .......... .......... .......... 47%  320K 17m53s
218700K .......... .......... .......... .......... .......... 47%  430K 17m53s
218750K .......... .......... .......... .......... .......... 47%  263K 17m52s
218800K .......... .......... .......... .......... .......... 47%  320K 17m52s
218850K .......... .......... .......... .......... .......... 47%  431K 17m52s
218900K .......... .......... .......... .......... .......... 47%  429K 17m51s
218950K .......... .......... .......... .......... .......... 47%  264K 17m51s
219000K .......... .......... .......... .......... .......... 47%  431K 17m51s
219050K .......... .......... .......... .......... .......... 47%  432K 17m50s
219100K .......... .......... .......... .......... .......... 47%  266K 17m50s
219150K .......... .......... .......... .......... .......... 47%  318K 17m50s
219200K .......... .......... .......... .......... .......... 47%  426K 17m50s
219250K .......... .......... .......... .......... .......... 47%  430K 17m49s
219300K .......... .......... .......... .......... .......... 47%  432K 17m49s
219350K .......... .......... .......... .......... .......... 47%  430K 17m49s
219400K .......... .......... .......... .......... .......... 47%  426K 17m48s
219450K .......... .......... .......... .......... .......... 47%  426K 17m48s
219500K .......... .......... .......... .......... .......... 47%  323K 17m48s
219550K .......... .......... .......... .......... .......... 47%  432K 17m47s
219600K .......... .......... .......... .......... .......... 47%  432K 17m47s
219650K .......... .......... .......... .......... .......... 47%  650K 17m47s
219700K .......... .......... .......... .......... .......... 47%  216K 17m46s
219750K .......... .......... .......... .......... .......... 47%  702K 17m46s
219800K .......... .......... .......... .......... .......... 47%  313K 17m46s
219850K .......... .......... .......... .......... .......... 47%  428K 17m45s
219900K .......... .......... .......... .......... .......... 47%  215K 17m45s
219950K .......... .......... .......... .......... .......... 47%  217K 17m45s
220000K .......... .......... .......... .......... .......... 47%  427K 17m45s
220050K .......... .......... .......... .......... .......... 47%  217K 17m44s
220100K .......... .......... .......... .......... .......... 47%  431K 17m44s
220150K .......... .......... .......... .......... .......... 47%  273K 17m44s
220200K .......... .......... .......... .......... .......... 47%  305K 17m43s
220250K .......... .......... .......... .......... .......... 47%  216K 17m43s
220300K .......... .......... .......... .......... .......... 47%  327K 17m43s
220350K .......... .......... .......... .......... .......... 47%  344K 17m43s
220400K .......... .......... .......... .......... .......... 47%  303K 17m42s
220450K .......... .......... .......... .......... .......... 47%  432K 17m42s
220500K .......... .......... .......... .......... .......... 47%  329K 17m42s
220550K .......... .......... .......... .......... .......... 47%  260K 17m42s
220600K .......... .......... .......... .......... .......... 47%  423K 17m41s
220650K .......... .......... .......... .......... .......... 47%  328K 17m41s
220700K .......... .......... .......... .......... .......... 47%  431K 17m41s
220750K .......... .......... .......... .......... .......... 47%  216K 17m40s
220800K .......... .......... .......... .......... .......... 47%  611K 17m40s
220850K .......... .......... .......... .......... .......... 47%  222K 17m40s
220900K .......... .......... .......... .......... .......... 47%  409K 17m39s
220950K .......... .......... .......... .......... .......... 47%  432K 17m39s
221000K .......... .......... .......... .......... .......... 47%  216K 17m39s
221050K .......... .......... .......... .......... .......... 47%  222K 17m39s
221100K .......... .......... .......... .......... .......... 47%  321K 17m38s
221150K .......... .......... .......... .......... .......... 47%  254K 17m38s
221200K .......... .......... .......... .......... .......... 47%  277K 17m38s
221250K .......... .......... .......... .......... .......... 47%  300K 17m38s
221300K .......... .......... .......... .......... .......... 47%  222K 17m37s
221350K .......... .......... .......... .......... .......... 47%  411K 17m37s
221400K .......... .......... .......... .......... .......... 47%  216K 17m37s
221450K .......... .......... .......... .......... .......... 47%  432K 17m37s
221500K .......... .......... .......... .......... .......... 47%  221K 17m36s
221550K .......... .......... .......... .......... .......... 47%  412K 17m36s
221600K .......... .......... .......... .......... .......... 48%  431K 17m36s
221650K .......... .......... .......... .......... .......... 48%  333K 17m35s
221700K .......... .......... .......... .......... .......... 48%  262K 17m35s
221750K .......... .......... .......... .......... .......... 48%  430K 17m35s
221800K .......... .......... .......... .......... .......... 48%  319K 17m34s
221850K .......... .......... .......... .......... .......... 48%  429K 17m34s
221900K .......... .......... .......... .......... .......... 48%  432K 17m34s
221950K .......... .......... .......... .......... .......... 48%  264K 17m34s
222000K .......... .......... .......... .......... .......... 48%  432K 17m33s
222050K .......... .......... .......... .......... .......... 48%  432K 17m33s
222100K .......... .......... .......... .......... .......... 48%  431K 17m33s
222150K .......... .......... .......... .......... .......... 48%  218K 17m32s
222200K .......... .......... .......... .......... .......... 48%  589K 17m32s
222250K .......... .......... .......... .......... .......... 48%  335K 17m32s
222300K .......... .......... .......... .......... .......... 48%  318K 17m31s
222350K .......... .......... .......... .......... .......... 48%  320K 17m31s
222400K .......... .......... .......... .......... .......... 48%  339K 17m31s
222450K .......... .......... .......... .......... .......... 48%  405K 17m31s
222500K .......... .......... .......... .......... .......... 48%  431K 17m30s
222550K .......... .......... .......... .......... .......... 48%  261K 17m30s
222600K .......... .......... .......... .......... .......... 48%  432K 17m30s
222650K .......... .......... .......... .......... .......... 48%  431K 17m29s
222700K .......... .......... .......... .......... .......... 48%  216K 17m29s
222750K .......... .......... .......... .......... .......... 48% 1.19M 17m29s
222800K .......... .......... .......... .......... .......... 48%  163K 17m29s
222850K .......... .......... .......... .......... .......... 48%  659K 17m28s
222900K .......... .......... .......... .......... .......... 48%  185K 17m28s
222950K .......... .......... .......... .......... .......... 48%  183K 17m28s
223000K .......... .......... .......... .......... .......... 48%  260K 17m28s
223050K .......... .......... .......... .......... .......... 48%  218K 17m27s
223100K .......... .......... .......... .......... .......... 48%  262K 17m27s
223150K .......... .......... .......... .......... .......... 48%  317K 17m27s
223200K .......... .......... .......... .......... .......... 48%  264K 17m27s
223250K .......... .......... .......... .......... .......... 48%  317K 17m26s
223300K .......... .......... .......... .......... .......... 48%  216K 17m26s
223350K .......... .......... .......... .......... .......... 48%  264K 17m26s
223400K .......... .......... .......... .......... .......... 48%  319K 17m26s
223450K .......... .......... .......... .......... .......... 48%  321K 17m25s
223500K .......... .......... .......... .......... .......... 48%  332K 17m25s
223550K .......... .......... .......... .......... .......... 48%  320K 17m25s
223600K .......... .......... .......... .......... .......... 48%  427K 17m24s
223650K .......... .......... .......... .......... .......... 48%  323K 17m24s
223700K .......... .......... .......... .......... .......... 48%  261K 17m24s
223750K .......... .......... .......... .......... .......... 48%  428K 17m23s
223800K .......... .......... .......... .......... .......... 48%  323K 17m23s
223850K .......... .......... .......... .......... .......... 48%  431K 17m23s
223900K .......... .......... .......... .......... .......... 48%  431K 17m23s
223950K .......... .......... .......... .......... .......... 48%  432K 17m22s
224000K .......... .......... .......... .......... .......... 48%  336K 17m22s
224050K .......... .......... .......... .......... .......... 48%  317K 17m22s
224100K .......... .......... .......... .......... .......... 48%  263K 17m21s
224150K .......... .......... .......... .......... .......... 48%  315K 17m21s
224200K .......... .......... .......... .......... .......... 48%  425K 17m21s
224250K .......... .......... .......... .......... .......... 48%  268K 17m21s
224300K .......... .......... .......... .......... .......... 48%  315K 17m20s
224350K .......... .......... .......... .......... .......... 48%  432K 17m20s
224400K .......... .......... .......... .......... .......... 48%  432K 17m20s
224450K .......... .......... .......... .......... .......... 48%  322K 17m19s
224500K .......... .......... .......... .......... .......... 48%  432K 17m19s
224550K .......... .......... .......... .......... .......... 48%  336K 17m19s
224600K .......... .......... .......... .......... .......... 48%  431K 17m18s
224650K .......... .......... .......... .......... .......... 48%  432K 17m18s
224700K .......... .......... .......... .......... .......... 48%  431K 17m18s
224750K .......... .......... .......... .......... .......... 48%  432K 17m17s
224800K .......... .......... .......... .......... .......... 48%  433K 17m17s
224850K .......... .......... .......... .......... .......... 48%  314K 17m17s
224900K .......... .......... .......... .......... .......... 48%  432K 17m16s
224950K .......... .......... .......... .......... .......... 48%  432K 17m16s
225000K .......... .......... .......... .......... .......... 48%  432K 17m16s
225050K .......... .......... .......... .......... .......... 48%  432K 17m15s
225100K .......... .......... .......... .......... .......... 48%  216K 17m15s
225150K .......... .......... .......... .......... .......... 48%  137M 17m15s
225200K .......... .......... .......... .......... .......... 48%  216K 17m15s
225250K .......... .......... .......... .......... .......... 48%  430K 17m14s
225300K .......... .......... .......... .......... .......... 48%  425K 17m14s
225350K .......... .......... .......... .......... .......... 48%  218K 17m14s
225400K .......... .......... .......... .......... .......... 48%  432K 17m13s
225450K .......... .......... .......... .......... .......... 48%  431K 17m13s
225500K .......... .......... .......... .......... .......... 48%  432K 17m13s
225550K .......... .......... .......... .......... .......... 48%  432K 17m12s
225600K .......... .......... .......... .......... .......... 48%  426K 17m12s
225650K .......... .......... .......... .......... .......... 48%  328K 17m12s
225700K .......... .......... .......... .......... .......... 48%  432K 17m11s
225750K .......... .......... .......... .......... .......... 48%  431K 17m11s
225800K .......... .......... .......... .......... .......... 48%  433K 17m11s
225850K .......... .......... .......... .......... .......... 48%  634K 17m10s
225900K .......... .......... .......... .......... .......... 48%  432K 17m10s
225950K .......... .......... .......... .......... .......... 48%  433K 17m10s
226000K .......... .......... .......... .......... .......... 48%  257K 17m10s
226050K .......... .......... .......... .......... .......... 48%  432K 17m9s
226100K .......... .......... .......... .......... .......... 48%  186K 17m9s
226150K .......... .......... .......... .......... .......... 48% 1.29M 17m9s
226200K .......... .......... .......... .......... .......... 48%  259K 17m8s
226250K .......... .......... .......... .......... .......... 49%  216K 17m8s
226300K .......... .......... .......... .......... .......... 49%  216K 17m8s
226350K .......... .......... .......... .......... .......... 49%  216K 17m8s
226400K .......... .......... .......... .......... .......... 49%  216K 17m8s
226450K .......... .......... .......... .......... .......... 49%  421K 17m7s
226500K .......... .......... .......... .......... .......... 49%  218K 17m7s
226550K .......... .......... .......... .......... .......... 49%  254K 17m7s
226600K .......... .......... .......... .......... .......... 49%  329K 17m7s
226650K .......... .......... .......... .......... .......... 49%  257K 17m6s
226700K .......... .......... .......... .......... .......... 49%  328K 17m6s
226750K .......... .......... .......... .......... .......... 49%  216K 17m6s
226800K .......... .......... .......... .......... .......... 49%  431K 17m6s
226850K .......... .......... .......... .......... .......... 49%  219K 17m5s
226900K .......... .......... .......... .......... .......... 49%  316K 17m5s
226950K .......... .......... .......... .......... .......... 49%  216K 17m5s
227000K .......... .......... .......... .......... .......... 49%  261K 17m5s
227050K .......... .......... .......... .......... .......... 49%  429K 17m4s
227100K .......... .......... .......... .......... .......... 49%  217K 17m4s
227150K .......... .......... .......... .......... .......... 49%  254K 17m4s
227200K .......... .......... .......... .......... .......... 49%  216K 17m4s
227250K .......... .......... .......... .......... .......... 49%  216K 17m3s
227300K .......... .......... .......... .......... .......... 49%  261K 17m3s
227350K .......... .......... .......... .......... .......... 49%  260K 17m3s
227400K .......... .......... .......... .......... .......... 49%  257K 17m3s
227450K .......... .......... .......... .......... .......... 49%  261K 17m2s
227500K .......... .......... .......... .......... .......... 49%  216K 17m2s
227550K .......... .......... .......... .......... .......... 49%  259K 17m2s
227600K .......... .......... .......... .......... .......... 49%  325K 17m2s
227650K .......... .......... .......... .......... .......... 49%  320K 17m1s
227700K .......... .......... .......... .......... .......... 49%  327K 17m1s
227750K .......... .......... .......... .......... .......... 49%  325K 17m1s
227800K .......... .......... .......... .......... .......... 49%  321K 17m1s
227850K .......... .......... .......... .......... .......... 49%  327K 17m0s
227900K .......... .......... .......... .......... .......... 49%  258K 17m0s
227950K .......... .......... .......... .......... .......... 49%  327K 17m0s
228000K .......... .......... .......... .......... .......... 49%  431K 16m59s
228050K .......... .......... .......... .......... .......... 49%  217K 16m59s
228100K .......... .......... .......... .......... .......... 49%  431K 16m59s
228150K .......... .......... .......... .......... .......... 49%  321K 16m59s
228200K .......... .......... .......... .......... .......... 49%  261K 16m58s
228250K .......... .......... .......... .......... .......... 49%  432K 16m58s
228300K .......... .......... .......... .......... .......... 49%  216K 16m58s
228350K .......... .......... .......... .......... .......... 49%  432K 16m58s
228400K .......... .......... .......... .......... .......... 49%  432K 16m57s
228450K .......... .......... .......... .......... .......... 49%  318K 16m57s
228500K .......... .......... .......... .......... .......... 49%  440K 16m57s
228550K .......... .......... .......... .......... .......... 49%  322K 16m56s
228600K .......... .......... .......... .......... .......... 49%  329K 16m56s
228650K .......... .......... .......... .......... .......... 49%  323K 16m56s
228700K .......... .......... .......... .......... .......... 49%  429K 16m55s
228750K .......... .......... .......... .......... .......... 49%  319K 16m55s
228800K .......... .......... .......... .......... .......... 49%  332K 16m55s
228850K .......... .......... .......... .......... .......... 49%  254K 16m55s
228900K .......... .......... .......... .......... .......... 49%  664K 16m54s
228950K .......... .......... .......... .......... .......... 49%  320K 16m54s
229000K .......... .......... .......... .......... .......... 49%  262K 16m54s
229050K .......... .......... .......... .......... .......... 49%  261K 16m53s
229100K .......... .......... .......... .......... .......... 49%  321K 16m53s
229150K .......... .......... .......... .......... .......... 49%  432K 16m53s
229200K .......... .......... .......... .......... .......... 49%  321K 16m53s
229250K .......... .......... .......... .......... .......... 49%  330K 16m52s
229300K .......... .......... .......... .......... .......... 49%  314K 16m52s
229350K .......... .......... .......... .......... .......... 49%  325K 16m52s
229400K .......... .......... .......... .......... .......... 49%  216K 16m52s
229450K .......... .......... .......... .......... .......... 49%  263K 16m51s
229500K .......... .......... .......... .......... .......... 49%  320K 16m51s
229550K .......... .......... .......... .......... .......... 49%  333K 16m51s
229600K .......... .......... .......... .......... .......... 49%  254K 16m50s
229650K .......... .......... .......... .......... .......... 49%  431K 16m50s
229700K .......... .......... .......... .......... .......... 49%  332K 16m50s
229750K .......... .......... .......... .......... .......... 49%  317K 16m50s
229800K .......... .......... .......... .......... .......... 49%  185K 16m49s
229850K .......... .......... .......... .......... .......... 49%  433K 16m49s
229900K .......... .......... .......... .......... .......... 49%  259K 16m49s
229950K .......... .......... .......... .......... .......... 49%  185K 16m49s
230000K .......... .......... .......... .......... .......... 49%  257K 16m48s
230050K .......... .......... .......... .......... .......... 49%  167K 16m48s
230100K .......... .......... .......... .......... .......... 49%  211K 16m48s
230150K .......... .......... .......... .......... .......... 49%  161K 16m48s
230200K .......... .......... .......... .......... .......... 49%  120K 16m48s
230250K .......... .......... .......... .......... .......... 49%  158K 16m48s
230300K .......... .......... .......... .......... .......... 49%  161K 16m48s
230350K .......... .......... .......... .......... .......... 49%  186K 16m48s
230400K .......... .......... .......... .......... .......... 49%  184K 16m47s
230450K .......... .......... .......... .......... .......... 49%  183K 16m47s
230500K .......... .......... .......... .......... .......... 49%  216K 16m47s
230550K .......... .......... .......... .......... .......... 49%  144K 16m47s
230600K .......... .......... .......... .......... .......... 49%  217K 16m47s
230650K .......... .......... .......... .......... .......... 49%  261K 16m47s
230700K .......... .......... .......... .......... .......... 49%  263K 16m46s
230750K .......... .......... .......... .......... .......... 49%  245K 16m46s
230800K .......... .......... .......... .......... .......... 49%  262K 16m46s
230850K .......... .......... .......... .......... .......... 50%  272K 16m46s
230900K .......... .......... .......... .......... .......... 50%  313K 16m45s
230950K .......... .......... .......... .......... .......... 50%  267K 16m45s
231000K .......... .......... .......... .......... .......... 50%  254K 16m45s
231050K .......... .......... .......... .......... .......... 50%  217K 16m45s
231100K .......... .......... .......... .......... .......... 50%  260K 16m44s
231150K .......... .......... .......... .......... .......... 50%  261K 16m44s
231200K .......... .......... .......... .......... .......... 50%  321K 16m44s
231250K .......... .......... .......... .......... .......... 50%  260K 16m44s
231300K .......... .......... .......... .......... .......... 50%  322K 16m43s
231350K .......... .......... .......... .......... .......... 50%  216K 16m43s
231400K .......... .......... .......... .......... .......... 50%  184K 16m43s
231450K .......... .......... .......... .......... .......... 50%  329K 16m43s
231500K .......... .......... .......... .......... .......... 50%  182K 16m42s
231550K .......... .......... .......... .......... .......... 50%  165K 16m42s
231600K .......... .......... .......... .......... .......... 50%  216K 16m42s
231650K .......... .......... .......... .......... .......... 50%  216K 16m42s
231700K .......... .......... .......... .......... .......... 50%  144K 16m42s
231750K .......... .......... .......... .......... .......... 50%  216K 16m42s
231800K .......... .......... .......... .......... .......... 50%  216K 16m41s
231850K .......... .......... .......... .......... .......... 50%  320K 16m41s
231900K .......... .......... .......... .......... .......... 50%  262K 16m41s
231950K .......... .......... .......... .......... .......... 50%  216K 16m41s
232000K .......... .......... .......... .......... .......... 50%  320K 16m40s
232050K .......... .......... .......... .......... .......... 50%  262K 16m40s
232100K .......... .......... .......... .......... .......... 50%  216K 16m40s
232150K .......... .......... .......... .......... .......... 50%  430K 16m40s
232200K .......... .......... .......... .......... .......... 50%  256K 16m39s
232250K .......... .......... .......... .......... .......... 50%  331K 16m39s
232300K .......... .......... .......... .......... .......... 50%  426K 16m39s
232350K .......... .......... .......... .......... .......... 50%  322K 16m39s
232400K .......... .......... .......... .......... .......... 50%  323K 16m38s
232450K .......... .......... .......... .......... .......... 50%  328K 16m38s
232500K .......... .......... .......... .......... .......... 50%  322K 16m38s
232550K .......... .......... .......... .......... .......... 50%  323K 16m37s
232600K .......... .......... .......... .......... .......... 50%  431K 16m37s
232650K .......... .......... .......... .......... .......... 50%  432K 16m37s
232700K .......... .......... .......... .......... .......... 50%  327K 16m37s
232750K .......... .......... .......... .......... .......... 50%  322K 16m36s
232800K .......... .......... .......... .......... .......... 50%  261K 16m36s
232850K .......... .......... .......... .......... .......... 50%  256K 16m36s
232900K .......... .......... .......... .......... .......... 50%  329K 16m35s
232950K .......... .......... .......... .......... .......... 50%  427K 16m35s
233000K .......... .......... .......... .......... .......... 50%  217K 16m35s
233050K .......... .......... .......... .......... .......... 50%  433K 16m35s
233100K .......... .......... .......... .......... .......... 50%  317K 16m34s
233150K .......... .......... .......... .......... .......... 50%  264K 16m34s
233200K .......... .......... .......... .......... .......... 50%  317K 16m34s
233250K .......... .......... .......... .......... .......... 50%  216K 16m34s
233300K .......... .......... .......... .......... .......... 50%  322K 16m33s
233350K .......... .......... .......... .......... .......... 50%  328K 16m33s
233400K .......... .......... .......... .......... .......... 50%  184K 16m33s
233450K .......... .......... .......... .......... .......... 50%  640K 16m33s
233500K .......... .......... .......... .......... .......... 50%  215K 16m32s
233550K .......... .......... .......... .......... .......... 50%  162K 16m32s
233600K .......... .......... .......... .......... .......... 50%  108K 16m32s
233650K .......... .......... .......... .......... .......... 50%  130K 16m32s
233700K .......... .......... .......... .......... .......... 50%  144K 16m32s
233750K .......... .......... .......... .......... .......... 50%  185K 16m32s
233800K .......... .......... .......... .......... .......... 50%  162K 16m32s
233850K .......... .......... .......... .......... .......... 50%  216K 16m32s
233900K .......... .......... .......... .......... .......... 50%  216K 16m31s
233950K .......... .......... .......... .......... .......... 50%  216K 16m31s
234000K .......... .......... .......... .......... .......... 50%  130K 16m31s
234050K .......... .......... .......... .......... .......... 50%  255K 16m31s
234100K .......... .......... .......... .......... .......... 50%  215K 16m31s
234150K .......... .......... .......... .......... .......... 50%  216K 16m30s
234200K .......... .......... .......... .......... .......... 50%  216K 16m30s
234250K .......... .......... .......... .......... .......... 50%  216K 16m30s
234300K .......... .......... .......... .......... .......... 50%  188K 16m30s
234350K .......... .......... .......... .......... .......... 50%  160K 16m30s
234400K .......... .......... .......... .......... .......... 50%  162K 16m30s
234450K .......... .......... .......... .......... .......... 50%  186K 16m29s
234500K .......... .......... .......... .......... .......... 50%  188K 16m29s
234550K .......... .......... .......... .......... .......... 50%  159K 16m29s
234600K .......... .......... .......... .......... .......... 50%  216K 16m29s
234650K .......... .......... .......... .......... .......... 50%  189K 16m29s
234700K .......... .......... .......... .......... .......... 50%  216K 16m29s
234750K .......... .......... .......... .......... .......... 50%  159K 16m28s
234800K .......... .......... .......... .......... .......... 50%  216K 16m28s
234850K .......... .......... .......... .......... .......... 50%  216K 16m28s
234900K .......... .......... .......... .......... .......... 50%  261K 16m28s
234950K .......... .......... .......... .......... .......... 50%  265K 16m28s
235000K .......... .......... .......... .......... .......... 50%  306K 16m27s
235050K .......... .......... .......... .......... .......... 50%  272K 16m27s
235100K .......... .......... .......... .......... .......... 50%  252K 16m27s
235150K .......... .......... .......... .......... .......... 50%  254K 16m27s
235200K .......... .......... .......... .......... .......... 50%  331K 16m26s
235250K .......... .......... .......... .......... .......... 50%  262K 16m26s
235300K .......... .......... .......... .......... .......... 50%  216K 16m26s
235350K .......... .......... .......... .......... .......... 50%  430K 16m26s
235400K .......... .......... .......... .......... .......... 50%  144K 16m25s
235450K .......... .......... .......... .......... .......... 50%  144K 16m25s
235500K .......... .......... .......... .......... .......... 51%  216K 16m25s
235550K .......... .......... .......... .......... .......... 51%  108K 16m25s
235600K .......... .......... .......... .......... .......... 51%  164K 16m25s
235650K .......... .......... .......... .......... .......... 51%  183K 16m25s
235700K .......... .......... .......... .......... .......... 51%  213K 16m25s
235750K .......... .......... .......... .......... .......... 51%  184K 16m25s
235800K .......... .......... .......... .......... .......... 51%  216K 16m24s
235850K .......... .......... .......... .......... .......... 51%  260K 16m24s
235900K .......... .......... .......... .......... .......... 51%  146K 16m24s
235950K .......... .......... .......... .......... .......... 51%  314K 16m24s
236000K .......... .......... .......... .......... .......... 51%  184K 16m24s
236050K .......... .......... .......... .......... .......... 51%  326K 16m23s
236100K .......... .......... .......... .......... .......... 51%  129K 16m23s
236150K .......... .......... .......... .......... .......... 51%  265K 16m23s
236200K .......... .......... .......... .......... .......... 51%  142K 16m23s
236250K .......... .......... .......... .......... .......... 51%  114K 16m23s
236300K .......... .......... .......... .......... .......... 51%  104K 16m23s
236350K .......... .......... .......... .......... .......... 51%  152K 16m23s
236400K .......... .......... .......... .......... .......... 51% 6.69K 16m29s
236450K .......... .......... .......... .......... .......... 51%  216K 16m29s
236500K .......... .......... .......... .......... .......... 51%  216K 16m29s
236550K .......... .......... .......... .......... .......... 51%  216K 16m29s
236600K .......... .......... .......... .......... .......... 51%  216K 16m29s
236650K .......... .......... .......... .......... .......... 51%  216K 16m28s
236700K .......... .......... .......... .......... .......... 51%  216K 16m28s
236750K .......... .......... .......... .......... .......... 51%  317K 16m28s
236800K .......... .......... .......... .......... .......... 51%  264K 16m28s
236850K .......... .......... .......... .......... .......... 51%  216K 16m27s
236900K .......... .......... .......... .......... .......... 51%  216K 16m27s
236950K .......... .......... .......... .......... .......... 51%  216K 16m27s
237000K .......... .......... .......... .......... .......... 51%  216K 16m27s
237050K .......... .......... .......... .......... .......... 51%  216K 16m27s
237100K .......... .......... .......... .......... .......... 51%  313K 16m26s
237150K .......... .......... .......... .......... .......... 51%  267K 16m26s
237200K .......... .......... .......... .......... .......... 51%  313K 16m26s
237250K .......... .......... .......... .......... .......... 51%  216K 16m26s
237300K .......... .......... .......... .......... .......... 51%  267K 16m25s
237350K .......... .......... .......... .......... .......... 51%  313K 16m25s
237400K .......... .......... .......... .......... .......... 51%  164K 16m25s
237450K .......... .......... .......... .......... .......... 51%  611K 16m25s
237500K .......... .......... .......... .......... .......... 51%  216K 16m24s
237550K .......... .......... .......... .......... .......... 51%  257K 16m24s
237600K .......... .......... .......... .......... .......... 51%  266K 16m24s
237650K .......... .......... .......... .......... .......... 51%  216K 16m24s
237700K .......... .......... .......... .......... .......... 51%  310K 16m23s
237750K .......... .......... .......... .......... .......... 51%  269K 16m23s
237800K .......... .......... .......... .......... .......... 51%  310K 16m23s
237850K .......... .......... .......... .......... .......... 51%  331K 16m23s
237900K .......... .......... .......... .......... .......... 51%  261K 16m22s
237950K .......... .......... .......... .......... .......... 51%  322K 16m22s
238000K .......... .......... .......... .......... .......... 51%  255K 16m22s
238050K .......... .......... .......... .......... .......... 51%  331K 16m22s
238100K .......... .......... .......... .......... .......... 51%  333K 16m21s
238150K .......... .......... .......... .......... .......... 51%  310K 16m21s
238200K .......... .......... .......... .......... .......... 51%  432K 16m21s
238250K .......... .......... .......... .......... .......... 51%  328K 16m20s
238300K .......... .......... .......... .......... .......... 51%  336K 16m20s
238350K .......... .......... .......... .......... .......... 51%  252K 16m20s
238400K .......... .......... .......... .......... .......... 51%  262K 16m20s
238450K .......... .......... .......... .......... .......... 51%  321K 16m19s
238500K .......... .......... .......... .......... .......... 51%  334K 16m19s
238550K .......... .......... .......... .......... .......... 51%  309K 16m19s
238600K .......... .......... .......... .......... .......... 51%  330K 16m19s
238650K .......... .......... .......... .......... .......... 51%  216K 16m18s
238700K .......... .......... .......... .......... .......... 51%  431K 16m18s
238750K .......... .......... .......... .......... .......... 51%  187K 16m18s
238800K .......... .......... .......... .......... .......... 51%  254K 16m18s
238850K .......... .......... .......... .......... .......... 51%  261K 16m17s
238900K .......... .......... .......... .......... .......... 51%  321K 16m17s
238950K .......... .......... .......... .......... .......... 51%  261K 16m17s
239000K .......... .......... .......... .......... .......... 51%  263K 16m17s
239050K .......... .......... .......... .......... .......... 51%  253K 16m16s
239100K .......... .......... .......... .......... .......... 51%  216K 16m16s
239150K .......... .......... .......... .......... .......... 51%  189K 16m16s
239200K .......... .......... .......... .......... .......... 51%  310K 16m16s
239250K .......... .......... .......... .......... .......... 51%  216K 16m15s
239300K .......... .......... .......... .......... .......... 51%  220K 16m15s
239350K .......... .......... .......... .......... .......... 51%  216K 16m15s
239400K .......... .......... .......... .......... .......... 51%  216K 16m15s
239450K .......... .......... .......... .......... .......... 51%  261K 16m15s
239500K .......... .......... .......... .......... .......... 51%  243K 16m14s
239550K .......... .......... .......... .......... .......... 51%  168K 16m14s
239600K .......... .......... .......... .......... .......... 51%  302K 16m14s
239650K .......... .......... .......... .......... .......... 51%  275K 16m14s
239700K .......... .......... .......... .......... .......... 51%  302K 16m13s
239750K .......... .......... .......... .......... .......... 51%  275K 16m13s
239800K .......... .......... .......... .......... .......... 51%  303K 16m13s
239850K .......... .......... .......... .......... .......... 51%  275K 16m13s
239900K .......... .......... .......... .......... .......... 51%  303K 16m12s
239950K .......... .......... .......... .......... .......... 51%  275K 16m12s
240000K .......... .......... .......... .......... .......... 51%  432K 16m12s
240050K .......... .......... .......... .......... .......... 51%  309K 16m12s
240100K .......... .......... .......... .......... .......... 52%  419K 16m11s
240150K .......... .......... .......... .......... .......... 52%  432K 16m11s
240200K .......... .......... .......... .......... .......... 52%  275K 16m11s
240250K .......... .......... .......... .......... .......... 52%  432K 16m10s
240300K .......... .......... .......... .......... .......... 52%  298K 16m10s
240350K .......... .......... .......... .......... .......... 52%  432K 16m10s
240400K .......... .......... .......... .......... .......... 52%  431K 16m9s
240450K .......... .......... .......... .......... .......... 52%  432K 16m9s
240500K .......... .......... .......... .......... .......... 52%  431K 16m9s
240550K .......... .......... .......... .......... .......... 52%  432K 16m9s
240600K .......... .......... .......... .......... .......... 52%  432K 16m8s
240650K .......... .......... .......... .......... .......... 52%  431K 16m8s
240700K .......... .......... .......... .......... .......... 52%  278K 16m8s
240750K .......... .......... .......... .......... .......... 52%  327K 16m7s
240800K .......... .......... .......... .......... .......... 52%  589K 16m7s
240850K .......... .......... .......... .......... .......... 52%  308K 16m7s
240900K .......... .......... .......... .......... .......... 52%  362K 16m6s
240950K .......... .......... .......... .......... .......... 52%  318K 16m6s
241000K .......... .......... .......... .......... .......... 52%  432K 16m6s
241050K .......... .......... .......... .......... .......... 52%  299K 16m6s
241100K .......... .......... .......... .......... .......... 52%  432K 16m5s
241150K .......... .......... .......... .......... .......... 52%  432K 16m5s
241200K .......... .......... .......... .......... .......... 52%  433K 16m5s
241250K .......... .......... .......... .......... .......... 52%  450K 16m4s
241300K .......... .......... .......... .......... .......... 52%  433K 16m4s
241350K .......... .......... .......... .......... .......... 52%  216K 16m4s
241400K .......... .......... .......... .......... .......... 52%  137M 16m3s
241450K .......... .......... .......... .......... .......... 52%  263K 16m3s
241500K .......... .......... .......... .......... .......... 52%  270K 16m3s
241550K .......... .......... .......... .......... .......... 52%  318K 16m3s
241600K .......... .......... .......... .......... .......... 52%  432K 16m2s
241650K .......... .......... .......... .......... .......... 52%  414K 16m2s
241700K .......... .......... .......... .......... .......... 52%  341K 16m2s
241750K .......... .......... .......... .......... .......... 52%  381K 16m1s
241800K .......... .......... .......... .......... .......... 52%  271K 16m1s
241850K .......... .......... .......... .......... .......... 52%  430K 16m1s
241900K .......... .......... .......... .......... .......... 52%  341K 16m1s
241950K .......... .......... .......... .......... .......... 52%  432K 16m0s
242000K .......... .......... .......... .......... .......... 52%  264K 16m0s
242050K .......... .......... .......... .......... .......... 52%  390K 16m0s
242100K .......... .......... .......... .......... .......... 52%  267K 15m59s
242150K .......... .......... .......... .......... .......... 52%  314K 15m59s
242200K .......... .......... .......... .......... .......... 52%  222K 15m59s
242250K .......... .......... .......... .......... .......... 52%  431K 15m59s
242300K .......... .......... .......... .......... .......... 52%  411K 15m58s
242350K .......... .......... .......... .......... .......... 52%  432K 15m58s
242400K .......... .......... .......... .......... .......... 52%  431K 15m58s
242450K .......... .......... .......... .......... .......... 52%  266K 15m58s
242500K .......... .......... .......... .......... .......... 52%  262K 15m57s
242550K .......... .......... .......... .......... .......... 52%  592K 15m57s
242600K .......... .......... .......... .......... .......... 52%  216K 15m57s
242650K .......... .......... .......... .......... .......... 52%  216K 15m57s
242700K .......... .......... .......... .......... .......... 52%  221K 15m56s
242750K .......... .......... .......... .......... .......... 52%  216K 15m56s
242800K .......... .......... .......... .......... .......... 52%  246K 15m56s
242850K .......... .......... .......... .......... .......... 52%  334K 15m56s
242900K .......... .......... .......... .......... .......... 52%  216K 15m55s
242950K .......... .......... .......... .......... .......... 52%  216K 15m55s
243000K .......... .......... .......... .......... .......... 52%  215K 15m55s
243050K .......... .......... .......... .......... .......... 52%  321K 15m55s
243100K .......... .......... .......... .......... .......... 52%  260K 15m54s
243150K .......... .......... .......... .......... .......... 52%  215K 15m54s
243200K .......... .......... .......... .......... .......... 52%  217K 15m54s
243250K .......... .......... .......... .......... .......... 52%  221K 15m54s
243300K .......... .......... .......... .......... .......... 52%  311K 15m54s
243350K .......... .......... .......... .......... .......... 52%  183K 15m53s
243400K .......... .......... .......... .......... .......... 52%  336K 15m53s
243450K .......... .......... .......... .......... .......... 52%  252K 15m53s
243500K .......... .......... .......... .......... .......... 52%  332K 15m53s
243550K .......... .......... .......... .......... .......... 52%  185K 15m52s
243600K .......... .......... .......... .......... .......... 52%  216K 15m52s
243650K .......... .......... .......... .......... .......... 52%  313K 15m52s
243700K .......... .......... .......... .......... .......... 52%  216K 15m52s
243750K .......... .......... .......... .......... .......... 52%  216K 15m52s
243800K .......... .......... .......... .......... .......... 52%  215K 15m51s
243850K .......... .......... .......... .......... .......... 52%  216K 15m51s
243900K .......... .......... .......... .......... .......... 52%  186K 15m51s
243950K .......... .......... .......... .......... .......... 52%  147K 15m51s
244000K .......... .......... .......... .......... .......... 52%  157K 15m51s
244050K .......... .......... .......... .......... .......... 52%  188K 15m51s
244100K .......... .......... .......... .......... .......... 52%  144K 15m50s
244150K .......... .......... .......... .......... .......... 52%  216K 15m50s
244200K .......... .......... .......... .......... .......... 52%  216K 15m50s
244250K .......... .......... .......... .......... .......... 52%  223K 15m50s
244300K .......... .......... .......... .......... .......... 52%  216K 15m50s
244350K .......... .......... .......... .......... .......... 52%  305K 15m49s
244400K .......... .......... .......... .......... .......... 52%  262K 15m49s
244450K .......... .......... .......... .......... .......... 52%  223K 15m49s
244500K .......... .......... .......... .......... .......... 52%  216K 15m49s
244550K .......... .......... .......... .......... .......... 52%  407K 15m48s
244600K .......... .......... .......... .......... .......... 52%  318K 15m48s
244650K .......... .......... .......... .......... .......... 52%  273K 15m48s
244700K .......... .......... .......... .......... .......... 53%  401K 15m48s
244750K .......... .......... .......... .......... .......... 53%  223K 15m47s
244800K .......... .......... .......... .......... .......... 53%  216K 15m47s
244850K .......... .......... .......... .......... .......... 53%  216K 15m47s
244900K .......... .......... .......... .......... .......... 53%  306K 15m47s
244950K .......... .......... .......... .......... .......... 53%  317K 15m46s
245000K .......... .......... .......... .......... .......... 53%  352K 15m46s
245050K .......... .......... .......... .......... .......... 53%  305K 15m46s
245100K .......... .......... .......... .......... .......... 53%  273K 15m46s
245150K .......... .......... .......... .......... .......... 53%  408K 15m45s
245200K .......... .......... .......... .......... .......... 53%  319K 15m45s
245250K .......... .......... .......... .......... .......... 53%  217K 15m45s
245300K .......... .......... .......... .......... .......... 53%  317K 15m45s
245350K .......... .......... .......... .......... .......... 53%  163K 15m44s
245400K .......... .......... .......... .......... .......... 53%  271K 15m44s
245450K .......... .......... .......... .......... .......... 53%  210K 15m44s
245500K .......... .......... .......... .......... .......... 53%  184K 15m44s
245550K .......... .......... .......... .......... .......... 53%  162K 15m44s
245600K .......... .......... .......... .......... .......... 53%  181K 15m43s
245650K .......... .......... .......... .......... .......... 53%  130K 15m43s
245700K .......... .......... .......... .......... .......... 53%  162K 15m43s
245750K .......... .......... .......... .......... .......... 53%  216K 15m43s
245800K .......... .......... .......... .......... .......... 53%  215K 15m43s
245850K .......... .......... .......... .......... .......... 53%  216K 15m43s
245900K .......... .......... .......... .......... .......... 53%  216K 15m42s
245950K .......... .......... .......... .......... .......... 53%  217K 15m42s
246000K .......... .......... .......... .......... .......... 53%  215K 15m42s
246050K .......... .......... .......... .......... .......... 53%  217K 15m42s
246100K .......... .......... .......... .......... .......... 53%  325K 15m42s
246150K .......... .......... .......... .......... .......... 53%  258K 15m41s
246200K .......... .......... .......... .......... .......... 53%  327K 15m41s
246250K .......... .......... .......... .......... .......... 53%  259K 15m41s
246300K .......... .......... .......... .......... .......... 53%  324K 15m40s
246350K .......... .......... .......... .......... .......... 53%  259K 15m40s
246400K .......... .......... .......... .......... .......... 53%  325K 15m40s
246450K .......... .......... .......... .......... .......... 53%  259K 15m40s
246500K .......... .......... .......... .......... .......... 53%  432K 15m39s
246550K .......... .......... .......... .......... .......... 53%  325K 15m39s
246600K .......... .......... .......... .......... .......... 53%  430K 15m39s
246650K .......... .......... .......... .......... .......... 53%  432K 15m39s
246700K .......... .......... .......... .......... .......... 53%  259K 15m38s
246750K .......... .......... .......... .......... .......... 53%  432K 15m38s
246800K .......... .......... .......... .......... .......... 53%  324K 15m38s
246850K .......... .......... .......... .......... .......... 53%  432K 15m37s
246900K .......... .......... .......... .......... .......... 53%  432K 15m37s
246950K .......... .......... .......... .......... .......... 53%  431K 15m37s
247000K .......... .......... .......... .......... .......... 53%  433K 15m36s
247050K .......... .......... .......... .......... .......... 53%  259K 15m36s
247100K .......... .......... .......... .......... .......... 53%  427K 15m36s
247150K .......... .......... .......... .......... .......... 53%  218K 15m36s
247200K .......... .......... .......... .......... .......... 53%  617K 15m35s
247250K .......... .......... .......... .......... .......... 53%  325K 15m35s
247300K .......... .......... .......... .......... .......... 53%  327K 15m35s
247350K .......... .......... .......... .......... .......... 53%  431K 15m35s
247400K .......... .......... .......... .......... .......... 53%  319K 15m34s
247450K .......... .......... .......... .......... .......... 53%  432K 15m34s
247500K .......... .......... .......... .......... .......... 53%  330K 15m34s
247550K .......... .......... .......... .......... .......... 53%  432K 15m33s
247600K .......... .......... .......... .......... .......... 53%  432K 15m33s
247650K .......... .......... .......... .......... .......... 53%  423K 15m33s
247700K .......... .......... .......... .......... .......... 53%  433K 15m32s
247750K .......... .......... .......... .......... .......... 53%  432K 15m32s
247800K .......... .......... .......... .......... .......... 53%  433K 15m32s
247850K .......... .......... .......... .......... .......... 53%  432K 15m32s
247900K .......... .......... .......... .......... .......... 53%  434K 15m31s
247950K .......... .......... .......... .......... .......... 53%  432K 15m31s
248000K .......... .......... .......... .......... .......... 53%  433K 15m31s
248050K .......... .......... .......... .......... .......... 53%  324K 15m30s
248100K .......... .......... .......... .......... .......... 53%  432K 15m30s
248150K .......... .......... .......... .......... .......... 53%  432K 15m30s
248200K .......... .......... .......... .......... .......... 53%  642K 15m29s
248250K .......... .......... .......... .......... .......... 53%  432K 15m29s
248300K .......... .......... .......... .......... .......... 53%  216K 15m29s
248350K .......... .......... .......... .......... .......... 53%  129M 15m28s
248400K .......... .......... .......... .......... .......... 53%  217K 15m28s
248450K .......... .......... .......... .......... .......... 53%  422K 15m28s
248500K .......... .......... .......... .......... .......... 53%  329K 15m28s
248550K .......... .......... .......... .......... .......... 53%  259K 15m27s
248600K .......... .......... .......... .......... .......... 53%  216K 15m27s
248650K .......... .......... .......... .......... .......... 53%  432K 15m27s
248700K .......... .......... .......... .......... .......... 53%  325K 15m27s
248750K .......... .......... .......... .......... .......... 53%  259K 15m26s
248800K .......... .......... .......... .......... .......... 53%  216K 15m26s
248850K .......... .......... .......... .......... .......... 53%  427K 15m26s
248900K .......... .......... .......... .......... .......... 53%  327K 15m26s
248950K .......... .......... .......... .......... .......... 53%  259K 15m25s
249000K .......... .......... .......... .......... .......... 53%  432K 15m25s
249050K .......... .......... .......... .......... .......... 53%  216K 15m25s
249100K .......... .......... .......... .......... .......... 53%  420K 15m25s
249150K .......... .......... .......... .......... .......... 53%  219K 15m24s
249200K .......... .......... .......... .......... .......... 53%  144K 15m24s
249250K .......... .......... .......... .......... .......... 53%  622K 15m24s
249300K .......... .......... .......... .......... .......... 53%  216K 15m24s
249350K .......... .......... .......... .......... .......... 54%  261K 15m24s
249400K .......... .......... .......... .......... .......... 54%  162K 15m23s
249450K .......... .......... .......... .......... .......... 54%  184K 15m23s
249500K .......... .......... .......... .......... .......... 54%  215K 15m23s
249550K .......... .......... .......... .......... .......... 54%  144K 15m23s
249600K .......... .......... .......... .......... .......... 54%  184K 15m23s
249650K .......... .......... .......... .......... .......... 54%  184K 15m23s
249700K .......... .......... .......... .......... .......... 54%  162K 15m22s
249750K .......... .......... .......... .......... .......... 54%  188K 15m22s
249800K .......... .......... .......... .......... .......... 54%  184K 15m22s
249850K .......... .......... .......... .......... .......... 54%  216K 15m22s
249900K .......... .......... .......... .......... .......... 54%  216K 15m22s
249950K .......... .......... .......... .......... .......... 54%  183K 15m21s
250000K .......... .......... .......... .......... .......... 54%  262K 15m21s
250050K .......... .......... .......... .......... .......... 54%  216K 15m21s
250100K .......... .......... .......... .......... .......... 54%  262K 15m21s
250150K .......... .......... .......... .......... .......... 54%  116K 15m21s
250200K .......... .......... .......... .......... .......... 54% 1.39M 15m20s
250250K .......... .......... .......... .......... .......... 54%  183K 15m20s
250300K .......... .......... .......... .......... .......... 54%  217K 15m20s
250350K .......... .......... .......... .......... .......... 54%  183K 15m20s
250400K .......... .......... .......... .......... .......... 54%  263K 15m20s
250450K .......... .......... .......... .......... .......... 54%  316K 15m19s
250500K .......... .......... .......... .......... .......... 54%  217K 15m19s
250550K .......... .......... .......... .......... .......... 54%  334K 15m19s
250600K .......... .......... .......... .......... .......... 54%  253K 15m19s
250650K .......... .......... .......... .......... .......... 54%  263K 15m18s
250700K .......... .......... .......... .......... .......... 54%  216K 15m18s
250750K .......... .......... .......... .......... .......... 54%  318K 15m18s
250800K .......... .......... .......... .......... .......... 54%  335K 15m18s
250850K .......... .......... .......... .......... .......... 54%  320K 15m17s
250900K .......... .......... .......... .......... .......... 54%  215K 15m17s
250950K .......... .......... .......... .......... .......... 54%  316K 15m17s
251000K .......... .......... .......... .......... .......... 54%  264K 15m17s
251050K .......... .......... .......... .......... .......... 54%  262K 15m16s
251100K .......... .......... .......... .......... .......... 54%  245K 15m16s
251150K .......... .......... .......... .......... .......... 54%  260K 15m16s
251200K .......... .......... .......... .......... .......... 54%  318K 15m16s
251250K .......... .......... .......... .......... .......... 54%  340K 15m15s
251300K .......... .......... .......... .......... .......... 54%  216K 15m15s
251350K .......... .......... .......... .......... .......... 54%  314K 15m15s
251400K .......... .......... .......... .......... .......... 54%  313K 15m15s
251450K .......... .......... .......... .......... .......... 54%  218K 15m14s
251500K .......... .......... .......... .......... .......... 54%  213K 15m14s
251550K .......... .......... .......... .......... .......... 54%  263K 15m14s
251600K .......... .......... .......... .......... .......... 54%  318K 15m14s
251650K .......... .......... .......... .......... .......... 54%  263K 15m13s
251700K .......... .......... .......... .......... .......... 54%  309K 15m13s
251750K .......... .......... .......... .......... .......... 54%  269K 15m13s
251800K .......... .......... .......... .......... .......... 54%  319K 15m13s
251850K .......... .......... .......... .......... .......... 54%  218K 15m13s
251900K .......... .......... .......... .......... .......... 54%  412K 15m12s
251950K .......... .......... .......... .......... .......... 54%  270K 15m12s
252000K .......... .......... .......... .......... .......... 54%  215K 15m12s
252050K .......... .......... .......... .......... .......... 54% 1.14M 15m11s
252100K .......... .......... .......... .......... .......... 54%  262K 15m11s
252150K .......... .......... .......... .......... .......... 54%  216K 15m11s
252200K .......... .......... .......... .......... .......... 54%  426K 15m11s
252250K .......... .......... .......... .......... .......... 54%  217K 15m10s
252300K .......... .......... .......... .......... .......... 54%  321K 15m10s
252350K .......... .......... .......... .......... .......... 54%  263K 15m10s
252400K .......... .......... .......... .......... .......... 54%  430K 15m10s
252450K .......... .......... .......... .......... .......... 54%  320K 15m9s
252500K .......... .......... .......... .......... .......... 54%  410K 15m9s
252550K .......... .......... .......... .......... .......... 54%  271K 15m9s
252600K .......... .......... .......... .......... .......... 54%  310K 15m9s
252650K .......... .......... .......... .......... .......... 54%  268K 15m8s
252700K .......... .......... .......... .......... .......... 54%  431K 15m8s
252750K .......... .......... .......... .......... .......... 54%  430K 15m8s
252800K .......... .......... .......... .......... .......... 54%  312K 15m7s
252850K .......... .......... .......... .......... .......... 54%  424K 15m7s
252900K .......... .......... .......... .......... .......... 54%  431K 15m7s
252950K .......... .......... .......... .......... .......... 54%  266K 15m7s
253000K .......... .......... .......... .......... .......... 54%  428K 15m6s
253050K .......... .......... .......... .......... .......... 54%  312K 15m6s
253100K .......... .......... .......... .......... .......... 54%  432K 15m6s
253150K .......... .......... .......... .......... .......... 54%  427K 15m5s
253200K .......... .......... .......... .......... .......... 54%  423K 15m5s
253250K .......... .......... .......... .......... .......... 54%  428K 15m5s
253300K .......... .......... .......... .......... .......... 54%  431K 15m5s
253350K .......... .......... .......... .......... .......... 54%  428K 15m4s
253400K .......... .......... .......... .......... .......... 54%  423K 15m4s
253450K .......... .......... .......... .......... .......... 54%  432K 15m4s
253500K .......... .......... .......... .......... .......... 54%  433K 15m3s
253550K .......... .......... .......... .......... .......... 54%  432K 15m3s
253600K .......... .......... .......... .......... .......... 54%  432K 15m3s
253650K .......... .......... .......... .......... .......... 54%  433K 15m2s
253700K .......... .......... .......... .......... .......... 54%  765K 15m2s
253750K .......... .......... .......... .......... .......... 54%  301K 15m2s
253800K .......... .......... .......... .......... .......... 54%  457K 15m2s
253850K .......... .......... .......... .......... .......... 54%  701K 15m1s
253900K .......... .......... .......... .......... .......... 54%  561K 15m1s
253950K .......... .......... .......... .......... .......... 55%  638K 15m1s
254000K .......... .......... .......... .......... .......... 55%  434K 15m0s
254050K .......... .......... .......... .......... .......... 55%  425K 15m0s
254100K .......... .......... .......... .......... .......... 55%  465K 15m0s
254150K .......... .......... .......... .......... .......... 55%  417K 14m59s
254200K .......... .......... .......... .......... .......... 55%  695K 14m59s
254250K .......... .......... .......... .......... .......... 55%  562K 14m59s
254300K .......... .......... .......... .......... .......... 55%  264K 14m58s
254350K .......... .......... .......... .......... .......... 55% 13.2M 14m58s
254400K .......... .......... .......... .......... .......... 55%  320K 14m58s
254450K .......... .......... .......... .......... .......... 55%  255K 14m58s
254500K .......... .......... .......... .......... .......... 55%  738K 14m57s
254550K .......... .......... .......... .......... .......... 55%  216K 14m57s
254600K .......... .......... .......... .......... .......... 55%  326K 14m57s
254650K .......... .......... .......... .......... .......... 55%  392K 14m56s
254700K .......... .......... .......... .......... .......... 55%  328K 14m56s
254750K .......... .......... .......... .......... .......... 55%  342K 14m56s
254800K .......... .......... .......... .......... .......... 55%  308K 14m56s
254850K .......... .......... .......... .......... .......... 55%  422K 14m55s
254900K .......... .......... .......... .......... .......... 55%  228K 14m55s
254950K .......... .......... .......... .......... .......... 55%  388K 14m55s
255000K .......... .......... .......... .......... .......... 55%  228K 14m55s
255050K .......... .......... .......... .......... .......... 55%  256K 14m54s
255100K .......... .......... .......... .......... .......... 55%  328K 14m54s
255150K .......... .......... .......... .......... .......... 55%  297K 14m54s
255200K .......... .......... .......... .......... .......... 55%  280K 14m54s
255250K .......... .......... .......... .......... .......... 55%  255K 14m53s
255300K .......... .......... .......... .......... .......... 55%  177K 14m53s
255350K .......... .......... .......... .......... .......... 55%  275K 14m53s
255400K .......... .......... .......... .......... .......... 55%  216K 14m53s
255450K .......... .......... .......... .......... .......... 55%  216K 14m53s
255500K .......... .......... .......... .......... .......... 55%  144K 14m53s
255550K .......... .......... .......... .......... .......... 55%  177K 14m52s
255600K .......... .......... .......... .......... .......... 55%  146K 14m52s
255650K .......... .......... .......... .......... .......... 55%  142K 14m52s
255700K .......... .......... .......... .......... .......... 55%  184K 14m52s
255750K .......... .......... .......... .......... .......... 55%  193K 14m52s
255800K .......... .......... .......... .......... .......... 55%  244K 14m52s
255850K .......... .......... .......... .......... .......... 55%  216K 14m51s
255900K .......... .......... .......... .......... .......... 55%  269K 14m51s
255950K .......... .......... .......... .......... .......... 55%  266K 14m51s
256000K .......... .......... .......... .......... .......... 55%  305K 14m51s
256050K .......... .......... .......... .......... .......... 55%  184K 14m50s
256100K .......... .......... .......... .......... .......... 55%  269K 14m50s
256150K .......... .......... .......... .......... .......... 55%  310K 14m50s
256200K .......... .......... .......... .......... .......... 55%  345K 14m50s
256250K .......... .......... .......... .......... .......... 55%  318K 14m49s
256300K .......... .......... .......... .......... .......... 55%  312K 14m49s
256350K .......... .......... .......... .......... .......... 55%  346K 14m49s
256400K .......... .......... .......... .......... .......... 55%  315K 14m49s
256450K .......... .......... .......... .......... .......... 55%  265K 14m48s
256500K .......... .......... .......... .......... .......... 55%  421K 14m48s
256550K .......... .......... .......... .......... .......... 55%  216K 14m48s
256600K .......... .......... .......... .......... .......... 55%  588K 14m48s
256650K .......... .......... .......... .......... .......... 55%  266K 14m47s
256700K .......... .......... .......... .......... .......... 55%  315K 14m47s
256750K .......... .......... .......... .......... .......... 55%  269K 14m47s
256800K .......... .......... .......... .......... .......... 55%  213K 14m47s
256850K .......... .......... .......... .......... .......... 55%  216K 14m46s
256900K .......... .......... .......... .......... .......... 55%  264K 14m46s
256950K .......... .......... .......... .......... .......... 55%  250K 14m46s
257000K .......... .......... .......... .......... .......... 55%  265K 14m46s
257050K .......... .......... .......... .......... .......... 55%  314K 14m45s
257100K .......... .......... .......... .......... .......... 55%  218K 14m45s
257150K .......... .......... .......... .......... .......... 55%  339K 14m45s
257200K .......... .......... .......... .......... .......... 55%  248K 14m45s
257250K .......... .......... .......... .......... .......... 55%  269K 14m44s
257300K .......... .......... .......... .......... .......... 55%  310K 14m44s
257350K .......... .......... .......... .......... .......... 55%  343K 14m44s
257400K .......... .......... .......... .......... .......... 55%  317K 14m44s
257450K .......... .......... .......... .......... .......... 55%  314K 14m43s
257500K .......... .......... .......... .......... .......... 55%  432K 14m43s
257550K .......... .......... .......... .......... .......... 55%  342K 14m43s
257600K .......... .......... .......... .......... .......... 55%  248K 14m43s
257650K .......... .......... .......... .......... .......... 55%  432K 14m42s
257700K .......... .......... .......... .......... .......... 55%  432K 14m42s
257750K .......... .......... .......... .......... .......... 55%  432K 14m42s
257800K .......... .......... .......... .......... .......... 55%  344K 14m41s
257850K .......... .......... .......... .......... .......... 55%  430K 14m41s
257900K .......... .......... .......... .......... .......... 55%  433K 14m41s
257950K .......... .......... .......... .......... .......... 55%  249K 14m41s
258000K .......... .......... .......... .......... .......... 55%  432K 14m40s
258050K .......... .......... .......... .......... .......... 55%  432K 14m40s
258100K .......... .......... .......... .......... .......... 55%  432K 14m40s
258150K .......... .......... .......... .......... .......... 55%  432K 14m39s
258200K .......... .......... .......... .......... .......... 55%  433K 14m39s
258250K .......... .......... .......... .......... .......... 55%  443K 14m39s
258300K .......... .......... .......... .......... .......... 55%  420K 14m39s
258350K .......... .......... .......... .......... .......... 55%  340K 14m38s
258400K .......... .......... .......... .......... .......... 55%  253K 14m38s
258450K .......... .......... .......... .......... .......... 55%  423K 14m38s
258500K .......... .......... .......... .......... .......... 55%  431K 14m37s
258550K .......... .......... .......... .......... .......... 56%  429K 14m37s
258600K .......... .......... .......... .......... .......... 56%  269K 14m37s
258650K .......... .......... .......... .......... .......... 56%  432K 14m37s
258700K .......... .......... .......... .......... .......... 56%  257K 14m36s
258750K .......... .......... .......... .......... .......... 56%  252K 14m36s
258800K .......... .......... .......... .......... .......... 56%  270K 14m36s
258850K .......... .......... .......... .......... .......... 56%  430K 14m36s
258900K .......... .......... .......... .......... .......... 56%  310K 14m35s
258950K .......... .......... .......... .......... .......... 56%  337K 14m35s
259000K .......... .......... .......... .......... .......... 56%  328K 14m35s
259050K .......... .......... .......... .......... .......... 56%  429K 14m35s
259100K .......... .......... .......... .......... .......... 56%  258K 14m34s
259150K .......... .......... .......... .......... .......... 56%  327K 14m34s
259200K .......... .......... .......... .......... .......... 56%  316K 14m34s
259250K .......... .......... .......... .......... .......... 56%  423K 14m34s
259300K .......... .......... .......... .......... .......... 56%  432K 14m33s
259350K .......... .......... .......... .......... .......... 56%  429K 14m33s
259400K .......... .......... .......... .......... .......... 56%  337K 14m33s
259450K .......... .......... .......... .......... .......... 56%  432K 14m32s
259500K .......... .......... .......... .......... .......... 56%  431K 14m32s
259550K .......... .......... .......... .......... .......... 56%  328K 14m32s
259600K .......... .......... .......... .......... .......... 56%  429K 14m32s
259650K .......... .......... .......... .......... .......... 56%  429K 14m31s
259700K .......... .......... .......... .......... .......... 56%  424K 14m31s
259750K .......... .......... .......... .......... .......... 56%  428K 14m31s
259800K .......... .......... .......... .......... .......... 56%  319K 14m30s
259850K .......... .......... .......... .......... .......... 56%  664K 14m30s
259900K .......... .......... .......... .......... .......... 56%  430K 14m30s
259950K .......... .......... .......... .......... .......... 56%  434K 14m29s
260000K .......... .......... .......... .......... .......... 56%  433K 14m29s
260050K .......... .......... .......... .......... .......... 56%  661K 14m29s
260100K .......... .......... .......... .......... .......... 56%  428K 14m29s
260150K .......... .......... .......... .......... .......... 56%  434K 14m28s
260200K .......... .......... .......... .......... .......... 56%  216K 14m28s
260250K .......... .......... .......... .......... .......... 56%  432K 14m28s
260300K .......... .......... .......... .......... .......... 56%  430K 14m27s
260350K .......... .......... .......... .......... .......... 56%  432K 14m27s
260400K .......... .......... .......... .......... .......... 56%  432K 14m27s
260450K .......... .......... .......... .......... .......... 56%  432K 14m27s
260500K .......... .......... .......... .......... .......... 56%  432K 14m26s
260550K .......... .......... .......... .......... .......... 56%  432K 14m26s
260600K .......... .......... .......... .......... .......... 56%  432K 14m26s
260650K .......... .......... .......... .......... .......... 56%  432K 14m25s
260700K .......... .......... .......... .......... .......... 56%  432K 14m25s
260750K .......... .......... .......... .......... .......... 56%  434K 14m25s
260800K .......... .......... .......... .......... .......... 56%  432K 14m25s
260850K .......... .......... .......... .......... .......... 56%  578K 14m24s
260900K .......... .......... .......... .......... .......... 56%  444K 14m24s
260950K .......... .......... .......... .......... .......... 56%  335K 14m24s
261000K .......... .......... .......... .......... .......... 56%  433K 14m23s
261050K .......... .......... .......... .......... .......... 56%  319K 14m23s
261100K .......... .......... .......... .......... .......... 56%  318K 14m23s
261150K .......... .......... .......... .......... .......... 56%  431K 14m23s
261200K .......... .......... .......... .......... .......... 56%  432K 14m22s
261250K .......... .......... .......... .......... .......... 56%  432K 14m22s
261300K .......... .......... .......... .......... .......... 56%  432K 14m22s
261350K .......... .......... .......... .......... .......... 56%  337K 14m21s
261400K .......... .......... .......... .......... .......... 56%  424K 14m21s
261450K .......... .......... .......... .......... .......... 56%  585K 14m21s
261500K .......... .......... .......... .......... .......... 56%  445K 14m21s
261550K .......... .......... .......... .......... .......... 56%  433K 14m20s
261600K .......... .......... .......... .......... .......... 56%  432K 14m20s
261650K .......... .......... .......... .......... .......... 56%  435K 14m20s
261700K .......... .......... .......... .......... .......... 56%  429K 14m19s
261750K .......... .......... .......... .......... .......... 56%  330K 14m19s
261800K .......... .......... .......... .......... .......... 56%  609K 14m19s
261850K .......... .......... .......... .......... .......... 56%  338K 14m19s
261900K .......... .......... .......... .......... .......... 56%  432K 14m18s
261950K .......... .......... .......... .......... .......... 56%  430K 14m18s
262000K .......... .......... .......... .......... .......... 56%  322K 14m18s
262050K .......... .......... .......... .......... .......... 56%  432K 14m17s
262100K .......... .......... .......... .......... .......... 56%  320K 14m17s
262150K .......... .......... .......... .......... .......... 56%  432K 14m17s
262200K .......... .......... .......... .......... .......... 56%  433K 14m17s
262250K .......... .......... .......... .......... .......... 56%  432K 14m16s
262300K .......... .......... .......... .......... .......... 56%  433K 14m16s
262350K .......... .......... .......... .......... .......... 56%  662K 14m16s
262400K .......... .......... .......... .......... .......... 56%  434K 14m15s
262450K .......... .......... .......... .......... .......... 56%  662K 14m15s
262500K .......... .......... .......... .......... .......... 56%  319K 14m15s
262550K .......... .......... .......... .......... .......... 56%  666K 14m14s
262600K .......... .......... .......... .......... .......... 56%  433K 14m14s
262650K .......... .......... .......... .......... .......... 56%  580K 14m14s
262700K .......... .......... .......... .......... .......... 56%  434K 14m14s
262750K .......... .......... .......... .......... .......... 56%  435K 14m13s
262800K .......... .......... .......... .......... .......... 56%  445K 14m13s
262850K .......... .......... .......... .......... .......... 56%  420K 14m13s
262900K .......... .......... .......... .......... .......... 56%  446K 14m12s
262950K .......... .......... .......... .......... .......... 56%  435K 14m12s
263000K .......... .......... .......... .......... .......... 56%  653K 14m12s
263050K .......... .......... .......... .......... .......... 56%  434K 14m12s
263100K .......... .......... .......... .......... .......... 56%  672K 14m11s
263150K .......... .......... .......... .......... .......... 56%  249K 14m11s
263200K .......... .......... .......... .......... .......... 57% 24.5M 14m11s
263250K .......... .......... .......... .......... .......... 57%  219K 14m10s
263300K .......... .......... .......... .......... .......... 57%  262K 14m10s
263350K .......... .......... .......... .......... .......... 57%  433K 14m10s
263400K .......... .......... .......... .......... .......... 57%  312K 14m10s
263450K .......... .......... .......... .......... .......... 57%  268K 14m9s
263500K .......... .......... .......... .......... .......... 57%  317K 14m9s
263550K .......... .......... .......... .......... .......... 57%  422K 14m9s
263600K .......... .......... .......... .......... .......... 57%  267K 14m9s
263650K .......... .......... .......... .......... .......... 57%  313K 14m8s
263700K .......... .......... .......... .......... .......... 57%  216K 14m8s
263750K .......... .......... .......... .......... .......... 57%  265K 14m8s
263800K .......... .......... .......... .......... .......... 57%  316K 14m8s
263850K .......... .......... .......... .......... .......... 57%  218K 14m7s
263900K .......... .......... .......... .......... .......... 57%  257K 14m7s
263950K .......... .......... .......... .......... .......... 57%  327K 14m7s
264000K .......... .......... .......... .......... .......... 57%  214K 14m7s
264050K .......... .......... .......... .......... .......... 57%  432K 14m7s
264100K .......... .......... .......... .......... .......... 57%  335K 14m6s
264150K .......... .......... .......... .......... .......... 57%  253K 14m6s
264200K .......... .......... .......... .......... .......... 57%  432K 14m6s
264250K .......... .......... .......... .......... .......... 57%  431K 14m5s
264300K .......... .......... .......... .......... .......... 57%  217K 14m5s
264350K .......... .......... .......... .......... .......... 57%  431K 14m5s
264400K .......... .......... .......... .......... .......... 57%  217K 14m5s
264450K .......... .......... .......... .......... .......... 57%  419K 14m4s
264500K .......... .......... .......... .......... .......... 57%  432K 14m4s
264550K .......... .......... .......... .......... .......... 57%  432K 14m4s
264600K .......... .......... .......... .......... .......... 57%  264K 14m4s
264650K .......... .......... .......... .......... .......... 57%  318K 14m3s
264700K .......... .......... .......... .......... .......... 57%  431K 14m3s
264750K .......... .......... .......... .......... .......... 57%  263K 14m3s
264800K .......... .......... .......... .......... .......... 57%  319K 14m3s
264850K .......... .......... .......... .......... .......... 57%  263K 14m2s
264900K .......... .......... .......... .......... .......... 57%  319K 14m2s
264950K .......... .......... .......... .......... .......... 57%  431K 14m2s
265000K .......... .......... .......... .......... .......... 57%  430K 14m2s
265050K .......... .......... .......... .......... .......... 57%  261K 14m1s
265100K .......... .......... .......... .......... .......... 57%  323K 14m1s
265150K .......... .......... .......... .......... .......... 57%  430K 14m1s
265200K .......... .......... .......... .......... .......... 57%  432K 14m1s
265250K .......... .......... .......... .......... .......... 57%  260K 14m0s
265300K .......... .......... .......... .......... .......... 57%  324K 14m0s
265350K .......... .......... .......... .......... .......... 57%  431K 14m0s
265400K .......... .......... .......... .......... .......... 57%  431K 13m59s
265450K .......... .......... .......... .......... .......... 57%  431K 13m59s
265500K .......... .......... .......... .......... .......... 57%  216K 13m59s
265550K .......... .......... .......... .......... .......... 57%  432K 13m59s
265600K .......... .......... .......... .......... .......... 57%  256K 13m58s
265650K .......... .......... .......... .......... .......... 57%  328K 13m58s
265700K .......... .......... .......... .......... .......... 57%  317K 13m58s
265750K .......... .......... .......... .......... .......... 57%  265K 13m58s
265800K .......... .......... .......... .......... .......... 57%  432K 13m57s
265850K .......... .......... .......... .......... .......... 57%  432K 13m57s
265900K .......... .......... .......... .......... .......... 57%  215K 13m57s
265950K .......... .......... .......... .......... .......... 57%  216K 13m57s
266000K .......... .......... .......... .......... .......... 57%  431K 13m56s
266050K .......... .......... .......... .......... .......... 57%  146K 13m56s
266100K .......... .......... .......... .......... .......... 57%  419K 13m56s
266150K .......... .......... .......... .......... .......... 57%  216K 13m56s
266200K .......... .......... .......... .......... .......... 57%  216K 13m56s
266250K .......... .......... .......... .......... .......... 57%  218K 13m55s
266300K .......... .......... .......... .......... .......... 57%  209K 13m55s
266350K .......... .......... .......... .......... .......... 57%  220K 13m55s
266400K .......... .......... .......... .......... .......... 57%  399K 13m55s
266450K .......... .......... .......... .......... .......... 57%  221K 13m55s
266500K .......... .......... .......... .......... .......... 57%  412K 13m54s
266550K .......... .......... .......... .......... .......... 57%  218K 13m54s
266600K .......... .......... .......... .......... .......... 57%  421K 13m54s
266650K .......... .......... .......... .......... .......... 57%  267K 13m54s
266700K .......... .......... .......... .......... .......... 57%  184K 13m53s
266750K .......... .......... .......... .......... .......... 57%  259K 13m53s
266800K .......... .......... .......... .......... .......... 57%  251K 13m53s
266850K .......... .......... .......... .......... .......... 57%  339K 13m53s
266900K .......... .......... .......... .......... .......... 57%  251K 13m52s
266950K .......... .......... .......... .......... .......... 57%  339K 13m52s
267000K .......... .......... .......... .......... .......... 57%  250K 13m52s
267050K .......... .......... .......... .......... .......... 57%  272K 13m52s
267100K .......... .......... .......... .......... .......... 57%  307K 13m51s
267150K .......... .......... .......... .......... .......... 57%  271K 13m51s
267200K .......... .......... .......... .......... .......... 57%  303K 13m51s
267250K .......... .......... .......... .......... .......... 57%  215K 13m51s
267300K .......... .......... .......... .......... .......... 57%  166K 13m51s
267350K .......... .......... .......... .......... .......... 57%  216K 13m50s
267400K .......... .......... .......... .......... .......... 57%  144K 13m50s
267450K .......... .......... .......... .......... .......... 57%  127K 13m50s
267500K .......... .......... .......... .......... .......... 57%  216K 13m50s
267550K .......... .......... .......... .......... .......... 57%  167K 13m50s
267600K .......... .......... .......... .......... .......... 57%  216K 13m50s
267650K .......... .......... .......... .......... .......... 57%  179K 13m50s
267700K .......... .......... .......... .......... .......... 57%  144K 13m49s
267750K .......... .......... .......... .......... .......... 57%  181K 13m49s
267800K .......... .......... .......... .......... .......... 58%  144K 13m49s
267850K .......... .......... .......... .......... .......... 58%  216K 13m49s
267900K .......... .......... .......... .......... .......... 58%  216K 13m49s
267950K .......... .......... .......... .......... .......... 58%  197K 13m49s
268000K .......... .......... .......... .......... .......... 58%  239K 13m48s
268050K .......... .......... .......... .......... .......... 58%  217K 13m48s
268100K .......... .......... .......... .......... .......... 58%  215K 13m48s
268150K .......... .......... .......... .......... .......... 58%  220K 13m48s
268200K .......... .......... .......... .......... .......... 58%  263K 13m47s
268250K .......... .......... .......... .......... .......... 58%  311K 13m47s
268300K .......... .......... .......... .......... .......... 58%  268K 13m47s
268350K .......... .......... .......... .......... .......... 58%  311K 13m47s
268400K .......... .......... .......... .......... .......... 58%  268K 13m47s
268450K .......... .......... .......... .......... .......... 58%  432K 13m46s
268500K .......... .......... .......... .......... .......... 58%  320K 13m46s
268550K .......... .......... .......... .......... .......... 58%  194K 13m46s
268600K .......... .......... .......... .......... .......... 58%  254K 13m46s
268650K .......... .......... .......... .......... .......... 58%  208K 13m45s
268700K .......... .......... .......... .......... .......... 58%  194K 13m45s
268750K .......... .......... .......... .......... .......... 58%  178K 13m45s
268800K .......... .......... .......... .......... .......... 58%  184K 13m45s
268850K .......... .......... .......... .......... .......... 58%  216K 13m45s
268900K .......... .......... .......... .......... .......... 58%  194K 13m44s
268950K .......... .......... .......... .......... .......... 58%  235K 13m44s
269000K .......... .......... .......... .......... .......... 58%  220K 13m44s
269050K .......... .......... .......... .......... .......... 58%  265K 13m44s
269100K .......... .......... .......... .......... .......... 58%  316K 13m44s
269150K .......... .......... .......... .......... .......... 58%  265K 13m43s
269200K .......... .......... .......... .......... .......... 58%  316K 13m43s
269250K .......... .......... .......... .......... .......... 58%  277K 13m43s
269300K .......... .......... .......... .......... .......... 58%  262K 13m43s
269350K .......... .......... .......... .......... .......... 58%  304K 13m42s
269400K .......... .......... .......... .......... .......... 58%  316K 13m42s
269450K .......... .......... .......... .......... .......... 58%  357K 13m42s
269500K .......... .......... .......... .......... .......... 58%  321K 13m42s
269550K .......... .......... .......... .......... .......... 58%  403K 13m41s
269600K .......... .......... .......... .......... .......... 58%  317K 13m41s
269650K .......... .......... .......... .......... .......... 58%  431K 13m41s
269700K .......... .......... .......... .......... .......... 58%  265K 13m41s
269750K .......... .......... .......... .......... .......... 58%  432K 13m40s
269800K .......... .......... .......... .......... .......... 58%  432K 13m40s
269850K .......... .......... .......... .......... .......... 58%  432K 13m40s
269900K .......... .......... .......... .......... .......... 58%  321K 13m39s
269950K .......... .......... .......... .......... .......... 58%  416K 13m39s
270000K .......... .......... .......... .......... .......... 58%  432K 13m39s
270050K .......... .......... .......... .......... .......... 58%  279K 13m39s
270100K .......... .......... .......... .......... .......... 58%  433K 13m38s
270150K .......... .......... .......... .......... .......... 58%  669K 13m38s
270200K .......... .......... .......... .......... .......... 58%  318K 13m38s
270250K .......... .......... .......... .......... .......... 58%  404K 13m38s
270300K .......... .......... .......... .......... .......... 58%  311K 13m37s
270350K .......... .......... .......... .......... .......... 58%  363K 13m37s
270400K .......... .......... .......... .......... .......... 58%  318K 13m37s
270450K .......... .......... .......... .......... .......... 58%  298K 13m36s
270500K .......... .......... .......... .......... .......... 58%  432K 13m36s
270550K .......... .......... .......... .......... .......... 58%  423K 13m36s
270600K .......... .......... .......... .......... .......... 58%  271K 13m36s
270650K .......... .......... .......... .......... .......... 58%  272K 13m35s
270700K .......... .......... .......... .......... .......... 58%  318K 13m35s
270750K .......... .......... .......... .......... .......... 58%  217K 13m35s
270800K .......... .......... .......... .......... .......... 58%  175K 13m35s
270850K .......... .......... .......... .......... .......... 58%  222K 13m35s
270900K .......... .......... .......... .......... .......... 58%  261K 13m34s
270950K .......... .......... .......... .......... .......... 58%  245K 13m34s
271000K .......... .......... .......... .......... .......... 58%  261K 13m34s
271050K .......... .......... .......... .......... .......... 58%  184K 13m34s
271100K .......... .......... .......... .......... .......... 58%  271K 13m34s
271150K .......... .......... .......... .......... .......... 58%  216K 13m33s
271200K .......... .......... .......... .......... .......... 58%  167K 13m33s
271250K .......... .......... .......... .......... .......... 58%  184K 13m33s
271300K .......... .......... .......... .......... .......... 58%  208K 13m33s
271350K .......... .......... .......... .......... .......... 58%  215K 13m33s
271400K .......... .......... .......... .......... .......... 58%  156K 13m32s
271450K .......... .......... .......... .......... .......... 58%  164K 13m32s
271500K .......... .......... .......... .......... .......... 58%  183K 13m32s
271550K .......... .......... .......... .......... .......... 58%  216K 13m32s
271600K .......... .......... .......... .......... .......... 58%  144K 13m32s
271650K .......... .......... .......... .......... .......... 58%  216K 13m32s
271700K .......... .......... .......... .......... .......... 58%  216K 13m31s
271750K .......... .......... .......... .......... .......... 58%  215K 13m31s
271800K .......... .......... .......... .......... .......... 58%  216K 13m31s
271850K .......... .......... .......... .......... .......... 58%  332K 13m31s
271900K .......... .......... .......... .......... .......... 58%  254K 13m31s
271950K .......... .......... .......... .......... .......... 58%  216K 13m30s
272000K .......... .......... .......... .......... .......... 58%  216K 13m30s
272050K .......... .......... .......... .......... .......... 58%  216K 13m30s
272100K .......... .......... .......... .......... .......... 58%  215K 13m30s
272150K .......... .......... .......... .......... .......... 58%  188K 13m30s
272200K .......... .......... .......... .......... .......... 58%  185K 13m29s
272250K .......... .......... .......... .......... .......... 58%  183K 13m29s
272300K .......... .......... .......... .......... .......... 58%  215K 13m29s
272350K .......... .......... .......... .......... .......... 58%  144K 13m29s
272400K .......... .......... .......... .......... .......... 59%  164K 13m29s
272450K .......... .......... .......... .......... .......... 59%  181K 13m29s
272500K .......... .......... .......... .......... .......... 59%  216K 13m28s
272550K .......... .......... .......... .......... .......... 59%  216K 13m28s
272600K .......... .......... .......... .......... .......... 59%  264K 13m28s
272650K .......... .......... .......... .......... .......... 59%  217K 13m28s
272700K .......... .......... .......... .......... .......... 59%  250K 13m28s
272750K .......... .......... .......... .......... .......... 59%  190K 13m27s
272800K .......... .......... .......... .......... .......... 59%  250K 13m27s
272850K .......... .......... .......... .......... .......... 59%  263K 13m27s
272900K .......... .......... .......... .......... .......... 59%  318K 13m27s
272950K .......... .......... .......... .......... .......... 59%  263K 13m26s
273000K .......... .......... .......... .......... .......... 59%  429K 13m26s
273050K .......... .......... .......... .......... .......... 59%  266K 13m26s
273100K .......... .......... .......... .......... .......... 59%  250K 13m26s
273150K .......... .......... .......... .......... .......... 59%  262K 13m25s
273200K .......... .......... .......... .......... .......... 59%  263K 13m25s
273250K .......... .......... .......... .......... .......... 59%  252K 13m25s
273300K .......... .......... .......... .......... .......... 59%  263K 13m25s
273350K .......... .......... .......... .......... .......... 59%  429K 13m24s
273400K .......... .......... .......... .......... .......... 59%  265K 13m24s
273450K .......... .......... .......... .......... .......... 59%  216K 13m24s
273500K .......... .......... .......... .......... .......... 59%  181K 13m24s
273550K .......... .......... .......... .......... .......... 59%  216K 13m24s
273600K .......... .......... .......... .......... .......... 59%  269K 13m23s
273650K .......... .......... .......... .......... .......... 59%  181K 13m23s
273700K .......... .......... .......... .......... .......... 59%  253K 13m23s
273750K .......... .......... .......... .......... .......... 59%  188K 13m23s
273800K .......... .......... .......... .......... .......... 59%  144K 13m23s
273850K .......... .......... .......... .......... .......... 59%  159K 13m23s
273900K .......... .......... .......... .......... .......... 59%  131K 13m23s
273950K .......... .......... .......... .......... .......... 59%  216K 13m22s
274000K .......... .......... .......... .......... .......... 59%  159K 13m22s
274050K .......... .......... .......... .......... .......... 59%  163K 13m22s
274100K .......... .......... .......... .......... .......... 59%  164K 13m22s
274150K .......... .......... .......... .......... .......... 59%  183K 13m22s
274200K .......... .......... .......... .......... .......... 59%  216K 13m21s
274250K .......... .......... .......... .......... .......... 59%  164K 13m21s
274300K .......... .......... .......... .......... .......... 59%  183K 13m21s
274350K .......... .......... .......... .......... .......... 59%  216K 13m21s
274400K .......... .......... .......... .......... .......... 59%  264K 13m21s
274450K .......... .......... .......... .......... .......... 59%  251K 13m21s
274500K .......... .......... .......... .......... .......... 59%  263K 13m20s
274550K .......... .......... .......... .......... .......... 59%  264K 13m20s
274600K .......... .......... .......... .......... .......... 59%  251K 13m20s
274650K .......... .......... .......... .......... .......... 59%  216K 13m20s
274700K .......... .......... .......... .......... .......... 59%  337K 13m19s
274750K .......... .......... .......... .......... .......... 59%  250K 13m19s
274800K .......... .......... .......... .......... .......... 59%  216K 13m19s
274850K .......... .......... .......... .......... .......... 59%  169K 13m19s
274900K .......... .......... .......... .......... .......... 59%  294K 13m19s
274950K .......... .......... .......... .......... .......... 59%  190K 13m18s
275000K .......... .......... .......... .......... .......... 59%  144K 13m18s
275050K .......... .......... .......... .......... .......... 59%  216K 13m18s
275100K .......... .......... .......... .......... .......... 59%  216K 13m18s
275150K .......... .......... .......... .......... .......... 59%  245K 13m18s
275200K .......... .......... .......... .......... .......... 59%  266K 13m17s
275250K .......... .......... .......... .......... .......... 59%  219K 13m17s
275300K .......... .......... .......... .......... .......... 59%  309K 13m17s
275350K .......... .......... .......... .......... .......... 59%  216K 13m17s
275400K .......... .......... .......... .......... .......... 59%  193K 13m17s
275450K .......... .......... .......... .......... .......... 59%  217K 13m16s
275500K .......... .......... .......... .......... .......... 59%  308K 13m16s
275550K .......... .......... .......... .......... .......... 59%  216K 13m16s
275600K .......... .......... .......... .......... .......... 59%  218K 13m16s
275650K .......... .......... .......... .......... .......... 59%  262K 13m15s
275700K .......... .......... .......... .......... .......... 59%  184K 13m15s
275750K .......... .......... .......... .......... .......... 59%  179K 13m15s
275800K .......... .......... .......... .......... .......... 59%  144K 13m15s
275850K .......... .......... .......... .......... .......... 59%  166K 13m15s
275900K .......... .......... .......... .......... .......... 59%  216K 13m15s
275950K .......... .......... .......... .......... .......... 59%  216K 13m14s
276000K .......... .......... .......... .......... .......... 59%  216K 13m14s
276050K .......... .......... .......... .......... .......... 59%  216K 13m14s
276100K .......... .......... .......... .......... .......... 59%  216K 13m14s
276150K .......... .......... .......... .......... .......... 59%  212K 13m14s
276200K .......... .......... .......... .......... .......... 59%  220K 13m13s
276250K .......... .......... .......... .......... .......... 59%  313K 13m13s
276300K .......... .......... .......... .......... .......... 59%  262K 13m13s
276350K .......... .......... .......... .......... .......... 59%  270K 13m13s
276400K .......... .......... .......... .......... .......... 59%  308K 13m12s
276450K .......... .......... .......... .......... .......... 59%  320K 13m12s
276500K .......... .......... .......... .......... .......... 59%  268K 13m12s
276550K .......... .......... .......... .......... .......... 59%  215K 13m12s
276600K .......... .......... .......... .......... .......... 59%  263K 13m12s
276650K .......... .......... .......... .......... .......... 59%  248K 13m11s
276700K .......... .......... .......... .......... .......... 59%  267K 13m11s
276750K .......... .......... .......... .......... .......... 59%  216K 13m11s
276800K .......... .......... .......... .......... .......... 59%  263K 13m11s
276850K .......... .......... .......... .......... .......... 59%  216K 13m10s
276900K .......... .......... .......... .......... .......... 59%  216K 13m10s
276950K .......... .......... .......... .......... .......... 59%  182K 13m10s
277000K .......... .......... .......... .......... .......... 59%  217K 13m10s
277050K .......... .......... .......... .......... .......... 60%  415K 13m10s
277100K .......... .......... .......... .......... .......... 60%  220K 13m9s
277150K .......... .......... .......... .......... .......... 60%  313K 13m9s
277200K .......... .......... .......... .......... .......... 60%  266K 13m9s
277250K .......... .......... .......... .......... .......... 60%  313K 13m9s
277300K .......... .......... .......... .......... .......... 60%  260K 13m8s
277350K .......... .......... .......... .......... .......... 60%  221K 13m8s
277400K .......... .......... .......... .......... .......... 60%  431K 13m8s
277450K .......... .......... .......... .......... .......... 60%  413K 13m8s
277500K .......... .......... .......... .......... .......... 60%  325K 13m7s
277550K .......... .......... .......... .......... .......... 60%  263K 13m7s
277600K .......... .......... .......... .......... .......... 60%  217K 13m7s
277650K .......... .......... .......... .......... .......... 60%  431K 13m7s
277700K .......... .......... .......... .......... .......... 60%  216K 13m7s
277750K .......... .......... .......... .......... .......... 60%  216K 13m6s
277800K .......... .......... .......... .......... .......... 60%  431K 13m6s
277850K .......... .......... .......... .......... .......... 60%  431K 13m6s
277900K .......... .......... .......... .......... .......... 60%  243K 13m6s
277950K .......... .......... .......... .......... .......... 60%  353K 13m5s
278000K .......... .......... .......... .......... .......... 60%  432K 13m5s
278050K .......... .......... .......... .......... .......... 60%  216K 13m5s
278100K .......... .......... .......... .......... .......... 60%  216K 13m5s
278150K .......... .......... .......... .......... .......... 60%  610K 13m4s
278200K .......... .......... .......... .......... .......... 60%  216K 13m4s
278250K .......... .......... .......... .......... .......... 60%  335K 13m4s
278300K .......... .......... .......... .......... .......... 60%  253K 13m4s
278350K .......... .......... .......... .......... .......... 60%  400K 13m3s
278400K .......... .......... .......... .......... .......... 60%  275K 13m3s
278450K .......... .......... .......... .......... .......... 60%  184K 13m3s
278500K .......... .......... .......... .......... .......... 60%  333K 13m3s
278550K .......... .......... .......... .......... .......... 60%  216K 13m2s
278600K .......... .......... .......... .......... .......... 60%  254K 13m2s
278650K .......... .......... .......... .......... .......... 60%  330K 13m2s
278700K .......... .......... .......... .......... .......... 60%  144K 13m2s
278750K .......... .......... .......... .......... .......... 60%  216K 13m2s
278800K .......... .......... .......... .......... .......... 60%  216K 13m1s
278850K .......... .......... .......... .......... .......... 60%  144K 13m1s
278900K .......... .......... .......... .......... .......... 60%  254K 13m1s
278950K .......... .......... .......... .......... .......... 60%  262K 13m1s
279000K .......... .......... .......... .......... .......... 60%  262K 13m1s
279050K .......... .......... .......... .......... .......... 60%  160K 13m1s
279100K .......... .......... .......... .......... .......... 60%  334K 13m0s
279150K .......... .......... .......... .......... .......... 60%  215K 13m0s
279200K .......... .......... .......... .......... .......... 60%  144K 13m0s
279250K .......... .......... .......... .......... .......... 60%  183K 13m0s
279300K .......... .......... .......... .......... .......... 60% 99.0K 13m0s
279350K .......... .......... .......... .......... .......... 60%  335K 12m59s
279400K .......... .......... .......... .......... .......... 60%  184K 12m59s
279450K .......... .......... .......... .......... .......... 60%  163K 12m59s
279500K .......... .......... .......... .......... .......... 60%  184K 12m59s
279550K .......... .......... .......... .......... .......... 60%  216K 12m59s
279600K .......... .......... .......... .......... .......... 60%  144K 12m59s
279650K .......... .......... .......... .......... .......... 60%  216K 12m58s
279700K .......... .......... .......... .......... .......... 60%  216K 12m58s
279750K .......... .......... .......... .......... .......... 60%  261K 12m58s
279800K .......... .......... .......... .......... .......... 60%  217K 12m58s
279850K .......... .......... .......... .......... .......... 60%  183K 12m58s
279900K .......... .......... .......... .......... .......... 60%  262K 12m57s
279950K .......... .......... .......... .......... .......... 60%  216K 12m57s
280000K .......... .......... .......... .......... .......... 60%  214K 12m57s
280050K .......... .......... .......... .......... .......... 60%  216K 12m57s
280100K .......... .......... .......... .......... .......... 60%  253K 12m57s
280150K .......... .......... .......... .......... .......... 60%  333K 12m56s
280200K .......... .......... .......... .......... .......... 60%  216K 12m56s
280250K .......... .......... .......... .......... .......... 60%  322K 12m56s
280300K .......... .......... .......... .......... .......... 60%  260K 12m56s
280350K .......... .......... .......... .......... .......... 60%  215K 12m55s
280400K .......... .......... .......... .......... .......... 60%  216K 12m55s
280450K .......... .......... .......... .......... .......... 60%  216K 12m55s
280500K .......... .......... .......... .......... .......... 60%  216K 12m55s
280550K .......... .......... .......... .......... .......... 60%  322K 12m55s
280600K .......... .......... .......... .......... .......... 60%  261K 12m54s
280650K .......... .......... .......... .......... .......... 60%  322K 12m54s
280700K .......... .......... .......... .......... .......... 60%  260K 12m54s
280750K .......... .......... .......... .......... .......... 60%  216K 12m54s
280800K .......... .......... .......... .......... .......... 60%  322K 12m53s
280850K .......... .......... .......... .......... .......... 60%  162K 12m53s
280900K .......... .......... .......... .......... .......... 60%  432K 12m53s
280950K .......... .......... .......... .......... .......... 60%  215K 12m53s
281000K .......... .......... .......... .......... .......... 60%  216K 12m53s
281050K .......... .......... .......... .......... .......... 60%  183K 12m52s
281100K .......... .......... .......... .......... .......... 60%  118K 12m52s
281150K .......... .......... .......... .......... .......... 60%  144K 12m52s
281200K .......... .......... .......... .......... .......... 60%  144K 12m52s
281250K .......... .......... .......... .......... .......... 60%  216K 12m52s
281300K .......... .......... .......... .......... .......... 60%  144K 12m52s
281350K .......... .......... .......... .......... .......... 60%  212K 12m52s
281400K .......... .......... .......... .......... .......... 60%  216K 12m51s
281450K .......... .......... .......... .......... .......... 60%  216K 12m51s
281500K .......... .......... .......... .......... .......... 60%  187K 12m51s
281550K .......... .......... .......... .......... .......... 60%  255K 12m51s
281600K .......... .......... .......... .......... .......... 60%  260K 12m50s
281650K .......... .......... .......... .......... .......... 61%  258K 12m50s
281700K .......... .......... .......... .......... .......... 61%  313K 12m50s
281750K .......... .......... .......... .......... .......... 61%  258K 12m50s
281800K .......... .......... .......... .......... .......... 61%  328K 12m50s
281850K .......... .......... .......... .......... .......... 61%  317K 12m49s
281900K .......... .......... .......... .......... .......... 61%  164K 12m49s
281950K .......... .......... .......... .......... .......... 61%  432K 12m49s
282000K .......... .......... .......... .......... .......... 61%  256K 12m49s
282050K .......... .......... .......... .......... .......... 61%  330K 12m48s
282100K .......... .......... .......... .......... .......... 61%  216K 12m48s
282150K .......... .......... .......... .......... .......... 61%  431K 12m48s
282200K .......... .......... .......... .......... .......... 61%  256K 12m48s
282250K .......... .......... .......... .......... .......... 61%  330K 12m47s
282300K .......... .......... .......... .......... .......... 61%  216K 12m47s
282350K .......... .......... .......... .......... .......... 61%  431K 12m47s
282400K .......... .......... .......... .......... .......... 61%  431K 12m47s
282450K .......... .......... .......... .......... .......... 61%  256K 12m46s
282500K .......... .......... .......... .......... .......... 61%  330K 12m46s
282550K .......... .......... .......... .......... .......... 61%  431K 12m46s
282600K .......... .......... .......... .......... .......... 61%  256K 12m46s
282650K .......... .......... .......... .......... .......... 61%  430K 12m45s
282700K .......... .......... .......... .......... .......... 61%  261K 12m45s
282750K .......... .......... .......... .......... .......... 61%  322K 12m45s
282800K .......... .......... .......... .......... .......... 61%  429K 12m45s
282850K .......... .......... .......... .......... .......... 61%  331K 12m44s
282900K .......... .......... .......... .......... .......... 61%  432K 12m44s
282950K .......... .......... .......... .......... .......... 61%  432K 12m44s
283000K .......... .......... .......... .......... .......... 61%  432K 12m44s
283050K .......... .......... .......... .......... .......... 61%  320K 12m43s
283100K .......... .......... .......... .......... .......... 61%  323K 12m43s
283150K .......... .......... .......... .......... .......... 61%  432K 12m43s
283200K .......... .......... .......... .......... .......... 61%  428K 12m43s
283250K .......... .......... .......... .......... .......... 61%  432K 12m42s
283300K .......... .......... .......... .......... .......... 61%  660K 12m42s
283350K .......... .......... .......... .......... .......... 61%  432K 12m42s
283400K .......... .......... .......... .......... .......... 61%  432K 12m41s
283450K .......... .......... .......... .......... .......... 61%  321K 12m41s
283500K .......... .......... .......... .......... .......... 61%  433K 12m41s
283550K .......... .......... .......... .......... .......... 61%  433K 12m41s
283600K .......... .......... .......... .......... .......... 61%  656K 12m40s
283650K .......... .......... .......... .......... .......... 61%  433K 12m40s
283700K .......... .......... .......... .......... .......... 61%  433K 12m40s
283750K .......... .......... .......... .......... .......... 61%  664K 12m39s
283800K .......... .......... .......... .......... .......... 61%  320K 12m39s
283850K .......... .......... .......... .......... .......... 61%  665K 12m39s
283900K .......... .......... .......... .......... .......... 61%  433K 12m39s
283950K .......... .......... .......... .......... .......... 61%  619K 12m38s
284000K .......... .......... .......... .......... .......... 61%  433K 12m38s
284050K .......... .......... .......... .......... .......... 61%  650K 12m38s
284100K .......... .......... .......... .......... .......... 61%  318K 12m38s
284150K .......... .......... .......... .......... .......... 61%  664K 12m37s
284200K .......... .......... .......... .......... .......... 61%  321K 12m37s
284250K .......... .......... .......... .......... .......... 61%  432K 12m37s
284300K .......... .......... .......... .......... .......... 61%  432K 12m36s
284350K .......... .......... .......... .......... .......... 61%  431K 12m36s
284400K .......... .......... .......... .......... .......... 61%  431K 12m36s
284450K .......... .......... .......... .......... .......... 61%  658K 12m36s
284500K .......... .......... .......... .......... .......... 61%  433K 12m35s
284550K .......... .......... .......... .......... .......... 61%  433K 12m35s
284600K .......... .......... .......... .......... .......... 61%  431K 12m35s
284650K .......... .......... .......... .......... .......... 61%  433K 12m34s
284700K .......... .......... .......... .......... .......... 61%  667K 12m34s
284750K .......... .......... .......... .......... .......... 61%  432K 12m34s
284800K .......... .......... .......... .......... .......... 61%  433K 12m34s
284850K .......... .......... .......... .......... .......... 61%  597K 12m33s
284900K .......... .......... .......... .......... .......... 61%  685K 12m33s
284950K .......... .......... .......... .......... .......... 61%  322K 12m33s
285000K .......... .......... .......... .......... .......... 61%  659K 12m32s
285050K .......... .......... .......... .......... .......... 61%  666K 12m32s
285100K .......... .......... .......... .......... .......... 61%  433K 12m32s
285150K .......... .......... .......... .......... .......... 61%  595K 12m32s
285200K .......... .......... .......... .......... .......... 61%  684K 12m31s
285250K .......... .......... .......... .......... .......... 61%  216K 12m31s
285300K .......... .......... .......... .......... .......... 61%  135M 12m31s
285350K .......... .......... .......... .......... .......... 61%  320K 12m31s
285400K .......... .......... .......... .......... .......... 61%  421K 12m30s
285450K .......... .......... .......... .......... .......... 61%  432K 12m30s
285500K .......... .......... .......... .......... .......... 61%  432K 12m30s
285550K .......... .......... .......... .......... .......... 61%  433K 12m29s
285600K .......... .......... .......... .......... .......... 61%  443K 12m29s
285650K .......... .......... .......... .......... .......... 61%  433K 12m29s
285700K .......... .......... .......... .......... .......... 61%  654K 12m29s
285750K .......... .......... .......... .......... .......... 61%  322K 12m28s
285800K .......... .......... .......... .......... .......... 61%  656K 12m28s
285850K .......... .......... .......... .......... .......... 61%  436K 12m28s
285900K .......... .......... .......... .......... .......... 61%  432K 12m28s
285950K .......... .......... .......... .......... .......... 61%  665K 12m27s
286000K .......... .......... .......... .......... .......... 61%  592K 12m27s
286050K .......... .......... .......... .......... .......... 61%  445K 12m27s
286100K .......... .......... .......... .......... .......... 61%  421K 12m26s
286150K .......... .......... .......... .......... .......... 61%  446K 12m26s
286200K .......... .......... .......... .......... .......... 61%  662K 12m26s
286250K .......... .......... .......... .......... .......... 62%  162K 12m26s
286300K .......... .......... .......... .......... .......... 62%  109M 12m25s
286350K .......... .......... .......... .......... .......... 62%  322K 12m25s
286400K .......... .......... .......... .......... .......... 62% 1.11M 12m25s
286450K .......... .......... .......... .......... .......... 62%  265K 12m25s
286500K .......... .......... .......... .......... .......... 62%  216K 12m24s
286550K .......... .......... .......... .......... .......... 62%  260K 12m24s
286600K .......... .......... .......... .......... .......... 62%  323K 12m24s
286650K .......... .......... .......... .......... .......... 62%  314K 12m24s
286700K .......... .......... .......... .......... .......... 62%  334K 12m23s
286750K .......... .......... .......... .......... .......... 62%  322K 12m23s
286800K .......... .......... .......... .......... .......... 62%  317K 12m23s
286850K .......... .......... .......... .......... .......... 62%  336K 12m23s
286900K .......... .......... .......... .......... .......... 62%  252K 12m22s
286950K .......... .......... .......... .......... .......... 62%  334K 12m22s
287000K .......... .......... .......... .......... .......... 62%  432K 12m22s
287050K .......... .......... .......... .......... .......... 62%  326K 12m22s
287100K .......... .......... .......... .......... .......... 62%  427K 12m21s
287150K .......... .......... .......... .......... .......... 62%  316K 12m21s
287200K .......... .......... .......... .......... .......... 62%  431K 12m21s
287250K .......... .......... .......... .......... .......... 62%  335K 12m21s
287300K .......... .......... .......... .......... .......... 62%  432K 12m20s
287350K .......... .......... .......... .......... .......... 62%  432K 12m20s
287400K .......... .......... .......... .......... .......... 62%  432K 12m20s
287450K .......... .......... .......... .......... .......... 62%  324K 12m20s
287500K .......... .......... .......... .......... .......... 62%  647K 12m19s
287550K .......... .......... .......... .......... .......... 62%  432K 12m19s
287600K .......... .......... .......... .......... .......... 62%  432K 12m19s
287650K .......... .......... .......... .......... .......... 62%  324K 12m18s
287700K .......... .......... .......... .......... .......... 62%  433K 12m18s
287750K .......... .......... .......... .......... .......... 62%  433K 12m18s
287800K .......... .......... .......... .......... .......... 62%  645K 12m18s
287850K .......... .......... .......... .......... .......... 62%  433K 12m17s
287900K .......... .......... .......... .......... .......... 62%  434K 12m17s
287950K .......... .......... .......... .......... .......... 62%  604K 12m17s
288000K .......... .......... .......... .......... .......... 62%  337K 12m17s
288050K .......... .......... .......... .......... .......... 62%  320K 12m16s
288100K .......... .......... .......... .......... .......... 62%  656K 12m16s
288150K .......... .......... .......... .......... .......... 62%  432K 12m16s
288200K .......... .......... .......... .......... .......... 62%  424K 12m15s
288250K .......... .......... .......... .......... .......... 62%  330K 12m15s
288300K .......... .......... .......... .......... .......... 62%  213K 12m15s
288350K .......... .......... .......... .......... .......... 62%  443K 12m15s
288400K .......... .......... .......... .......... .......... 62%  257K 12m15s
288450K .......... .......... .......... .......... .......... 62%  216K 12m14s
288500K .......... .......... .......... .......... .......... 62%  215K 12m14s
288550K .......... .......... .......... .......... .......... 62%  163K 12m14s
288600K .......... .......... .......... .......... .......... 62%  160K 12m14s
288650K .......... .......... .......... .......... .......... 62%  216K 12m14s
288700K .......... .......... .......... .......... .......... 62%  164K 12m13s
288750K .......... .......... .......... .......... .......... 62%  216K 12m13s
288800K .......... .......... .......... .......... .......... 62%  129K 12m13s
288850K .......... .......... .......... .......... .......... 62%  262K 12m13s
288900K .......... .......... .......... .......... .......... 62%  184K 12m13s
288950K .......... .......... .......... .......... .......... 62%  216K 12m13s
289000K .......... .......... .......... .......... .......... 62%  262K 12m12s
289050K .......... .......... .......... .......... .......... 62%  216K 12m12s
289100K .......... .......... .......... .......... .......... 62%  216K 12m12s
289150K .......... .......... .......... .......... .......... 62%  162K 12m12s
289200K .......... .......... .......... .......... .......... 62%  323K 12m12s
289250K .......... .......... .......... .......... .......... 62%  216K 12m11s
289300K .......... .......... .......... .......... .......... 62%  317K 12m11s
289350K .......... .......... .......... .......... .......... 62%  264K 12m11s
289400K .......... .......... .......... .......... .......... 62%  259K 12m11s
289450K .......... .......... .......... .......... .......... 62%  325K 12m10s
289500K .......... .......... .......... .......... .......... 62%  317K 12m10s
289550K .......... .......... .......... .......... .......... 62%  216K 12m10s
289600K .......... .......... .......... .......... .......... 62%  263K 12m10s
289650K .......... .......... .......... .......... .......... 62%  258K 12m9s
289700K .......... .......... .......... .......... .......... 62%  326K 12m9s
289750K .......... .......... .......... .......... .......... 62%  216K 12m9s
289800K .......... .......... .......... .......... .......... 62%  432K 12m9s
289850K .......... .......... .......... .......... .......... 62%  258K 12m9s
289900K .......... .......... .......... .......... .......... 62%  327K 12m8s
289950K .......... .......... .......... .......... .......... 62%  216K 12m8s
290000K .......... .......... .......... .......... .......... 62%  216K 12m8s
290050K .......... .......... .......... .......... .......... 62%  432K 12m8s
290100K .......... .......... .......... .......... .......... 62%  257K 12m7s
290150K .......... .......... .......... .......... .......... 62%  326K 12m7s
290200K .......... .......... .......... .......... .......... 62%  217K 12m7s
290250K .......... .......... .......... .......... .......... 62%  428K 12m7s
290300K .......... .......... .......... .......... .......... 62%  216K 12m6s
290350K .......... .......... .......... .......... .......... 62%  321K 12m6s
290400K .......... .......... .......... .......... .......... 62%  263K 12m6s
290450K .......... .......... .......... .......... .......... 62%  432K 12m6s
290500K .......... .......... .......... .......... .......... 62%  319K 12m6s
290550K .......... .......... .......... .......... .......... 62%  326K 12m5s
290600K .......... .......... .......... .......... .......... 62%  328K 12m5s
290650K .......... .......... .......... .......... .......... 62%  427K 12m5s
290700K .......... .......... .......... .......... .......... 62%  217K 12m5s
290750K .......... .......... .......... .......... .......... 62%  427K 12m4s
290800K .......... .......... .......... .......... .......... 62%  321K 12m4s
290850K .......... .......... .......... .......... .......... 62%  260K 12m4s
290900K .......... .......... .......... .......... .......... 63%  259K 12m4s
290950K .......... .......... .......... .......... .......... 63%  324K 12m3s
291000K .......... .......... .......... .......... .......... 63%  324K 12m3s
291050K .......... .......... .......... .......... .......... 63%  260K 12m3s
291100K .......... .......... .......... .......... .......... 63%  261K 12m3s
291150K .......... .......... .......... .......... .......... 63%  325K 12m2s
291200K .......... .......... .......... .......... .......... 63%  432K 12m2s
291250K .......... .......... .......... .......... .......... 63%  426K 12m2s
291300K .......... .......... .......... .......... .......... 63%  431K 12m2s
291350K .......... .......... .......... .......... .......... 63%  260K 12m1s
291400K .......... .......... .......... .......... .......... 63%  328K 12m1s
291450K .......... .......... .......... .......... .......... 63%  424K 12m1s
291500K .......... .......... .......... .......... .......... 63%  323K 12m1s
291550K .......... .......... .......... .......... .......... 63%  263K 12m0s
291600K .......... .......... .......... .......... .......... 63%  432K 12m0s
291650K .......... .......... .......... .......... .......... 63%  427K 12m0s
291700K .......... .......... .......... .......... .......... 63%  432K 12m0s
291750K .......... .......... .......... .......... .......... 63%  432K 11m59s
291800K .......... .......... .......... .......... .......... 63%  216K 11m59s
291850K .......... .......... .......... .......... .......... 63%  433K 11m59s
291900K .......... .......... .......... .......... .......... 63%  258K 11m59s
291950K .......... .......... .......... .......... .......... 63%  328K 11m58s
292000K .......... .......... .......... .......... .......... 63%  432K 11m58s
292050K .......... .......... .......... .......... .......... 63%  426K 11m58s
292100K .......... .......... .......... .......... .......... 63%  260K 11m58s
292150K .......... .......... .......... .......... .......... 63%  432K 11m57s
292200K .......... .......... .......... .......... .......... 63%  328K 11m57s
292250K .......... .......... .......... .......... .......... 63%  429K 11m57s
292300K .......... .......... .......... .......... .......... 63%  430K 11m57s
292350K .......... .......... .......... .......... .......... 63%  321K 11m56s
292400K .......... .......... .......... .......... .......... 63%  432K 11m56s
292450K .......... .......... .......... .......... .......... 63%  431K 11m56s
292500K .......... .......... .......... .......... .......... 63%  432K 11m56s
292550K .......... .......... .......... .......... .......... 63%  328K 11m55s
292600K .......... .......... .......... .......... .......... 63%  326K 11m55s
292650K .......... .......... .......... .......... .......... 63%  431K 11m55s
292700K .......... .......... .......... .......... .......... 63%  432K 11m55s
292750K .......... .......... .......... .......... .......... 63%  216K 11m54s
292800K .......... .......... .......... .......... .......... 63% 48.7M 11m54s
292850K .......... .......... .......... .......... .......... 63%  258K 11m54s
292900K .......... .......... .......... .......... .......... 63%  329K 11m54s
292950K .......... .......... .......... .......... .......... 63%  429K 11m53s
293000K .......... .......... .......... .......... .......... 63%  257K 11m53s
293050K .......... .......... .......... .......... .......... 63%  330K 11m53s
293100K .......... .......... .......... .......... .......... 63%  432K 11m53s
293150K .......... .......... .......... .......... .......... 63%  429K 11m52s
293200K .......... .......... .......... .......... .......... 63%  317K 11m52s
293250K .......... .......... .......... .......... .......... 63%  328K 11m52s
293300K .......... .......... .......... .......... .......... 63%  432K 11m51s
293350K .......... .......... .......... .......... .......... 63%  329K 11m51s
293400K .......... .......... .......... .......... .......... 63%  432K 11m51s
293450K .......... .......... .......... .......... .......... 63%  425K 11m51s
293500K .......... .......... .......... .......... .......... 63%  216K 11m51s
293550K .......... .......... .......... .......... .......... 63% 1.15M 11m50s
293600K .......... .......... .......... .......... .......... 63%  329K 11m50s
293650K .......... .......... .......... .......... .......... 63%  326K 11m50s
293700K .......... .......... .......... .......... .......... 63%  258K 11m50s
293750K .......... .......... .......... .......... .......... 63%  326K 11m49s
293800K .......... .......... .......... .......... .......... 63%  256K 11m49s
293850K .......... .......... .......... .......... .......... 63%  216K 11m49s
293900K .......... .......... .......... .......... .......... 63%  432K 11m49s
293950K .......... .......... .......... .......... .......... 63%  216K 11m48s
294000K .......... .......... .......... .......... .......... 63%  432K 11m48s
294050K .......... .......... .......... .......... .......... 63%  216K 11m48s
294100K .......... .......... .......... .......... .......... 63%  432K 11m48s
294150K .......... .......... .......... .......... .......... 63%  216K 11m47s
294200K .......... .......... .......... .......... .......... 63%  338K 11m47s
294250K .......... .......... .......... .......... .......... 63%  307K 11m47s
294300K .......... .......... .......... .......... .......... 63%  329K 11m47s
294350K .......... .......... .......... .......... .......... 63%  431K 11m46s
294400K .......... .......... .......... .......... .......... 63%  338K 11m46s
294450K .......... .......... .......... .......... .......... 63%  415K 11m46s
294500K .......... .......... .......... .......... .......... 63%  257K 11m46s
294550K .......... .......... .......... .......... .......... 63%  432K 11m45s
294600K .......... .......... .......... .......... .......... 63%  338K 11m45s
294650K .......... .......... .......... .......... .......... 63%  432K 11m45s
294700K .......... .......... .......... .......... .......... 63%  417K 11m45s
294750K .......... .......... .......... .......... .......... 63%  315K 11m44s
294800K .......... .......... .......... .......... .......... 63%  690K 11m44s
294850K .......... .......... .......... .......... .......... 63%  432K 11m44s
294900K .......... .......... .......... .......... .......... 63%  256K 11m44s
294950K .......... .......... .......... .......... .......... 63%  432K 11m43s
295000K .......... .......... .......... .......... .......... 63%  432K 11m43s
295050K .......... .......... .......... .......... .......... 63%  633K 11m43s
295100K .......... .......... .......... .......... .......... 63%  431K 11m43s
295150K .......... .......... .......... .......... .......... 63%  434K 11m42s
295200K .......... .......... .......... .......... .......... 63%  680K 11m42s
295250K .......... .......... .......... .......... .......... 63%  315K 11m42s
295300K .......... .......... .......... .......... .......... 63%  434K 11m42s
295350K .......... .......... .......... .......... .......... 63%  325K 11m41s
295400K .......... .......... .......... .......... .......... 63%  632K 11m41s
295450K .......... .......... .......... .......... .......... 63%  327K 11m41s
295500K .......... .......... .......... .......... .......... 64%  336K 11m41s
295550K .......... .......... .......... .......... .......... 64%  252K 11m40s
295600K .......... .......... .......... .......... .......... 64%  213K 11m40s
295650K .......... .......... .......... .......... .......... 64%  191K 11m40s
295700K .......... .......... .......... .......... .......... 64%  159K 11m40s
295750K .......... .......... .......... .......... .......... 64%  144K 11m40s
295800K .......... .......... .......... .......... .......... 64%  190K 11m39s
295850K .......... .......... .......... .......... .......... 64%  158K 11m39s
295900K .......... .......... .......... .......... .......... 64%  216K 11m39s
295950K .......... .......... .......... .......... .......... 64%  216K 11m39s
296000K .......... .......... .......... .......... .......... 64%  215K 11m39s
296050K .......... .......... .......... .......... .......... 64%  187K 11m39s
296100K .......... .......... .......... .......... .......... 64%  144K 11m38s
296150K .......... .......... .......... .......... .......... 64%  319K 11m38s
296200K .......... .......... .......... .......... .......... 64%  211K 11m38s
296250K .......... .......... .......... .......... .......... 64%  216K 11m38s
296300K .......... .......... .......... .......... .......... 64%  216K 11m38s
296350K .......... .......... .......... .......... .......... 64%  269K 11m37s
296400K .......... .......... .......... .......... .......... 64%  180K 11m37s
296450K .......... .......... .......... .......... .......... 64%  268K 11m37s
296500K .......... .......... .......... .......... .......... 64%  255K 11m37s
296550K .......... .......... .......... .......... .......... 64%  255K 11m36s
296600K .......... .......... .......... .......... .......... 64%  215K 11m36s
296650K .......... .......... .......... .......... .......... 64%  188K 11m36s
296700K .......... .......... .......... .......... .......... 64%  253K 11m36s
296750K .......... .......... .......... .......... .......... 64%  221K 11m36s
296800K .......... .......... .......... .......... .......... 64%  210K 11m35s
296850K .......... .......... .......... .......... .......... 64%  220K 11m35s
296900K .......... .......... .......... .......... .......... 64%  328K 11m35s
296950K .......... .......... .......... .......... .......... 64%  160K 11m35s
297000K .......... .......... .......... .......... .......... 64%  418K 11m35s
297050K .......... .......... .......... .......... .......... 64%  189K 11m34s
297100K .......... .......... .......... .......... .......... 64%  252K 11m34s
297150K .......... .......... .......... .......... .......... 64%  220K 11m34s
297200K .......... .......... .......... .......... .......... 64%  212K 11m34s
297250K .......... .......... .......... .......... .......... 64%  220K 11m34s
297300K .......... .......... .......... .......... .......... 64%  328K 11m33s
297350K .......... .......... .......... .......... .......... 64%  252K 11m33s
297400K .......... .......... .......... .......... .......... 64%  337K 11m33s
297450K .......... .......... .......... .......... .......... 64%  216K 11m33s
297500K .......... .......... .......... .......... .......... 64%  320K 11m32s
297550K .......... .......... .......... .......... .......... 64%  262K 11m32s
297600K .......... .......... .......... .......... .......... 64%  257K 11m32s
297650K .......... .......... .......... .......... .......... 64%  328K 11m32s
297700K .......... .......... .......... .......... .......... 64%  315K 11m32s
297750K .......... .......... .......... .......... .......... 64%  265K 11m31s
297800K .......... .......... .......... .......... .......... 64%  311K 11m31s
297850K .......... .......... .......... .......... .......... 64%  166K 11m31s
297900K .......... .......... .......... .......... .......... 64%  181K 11m31s
297950K .......... .......... .......... .......... .......... 64%  164K 11m31s
298000K .......... .......... .......... .......... .......... 64%  182K 11m30s
298050K .......... .......... .......... .......... .......... 64%  216K 11m30s
298100K .......... .......... .......... .......... .......... 64%  266K 11m30s
298150K .......... .......... .......... .......... .......... 64%  218K 11m30s
298200K .......... .......... .......... .......... .......... 64%  247K 11m30s
298250K .......... .......... .......... .......... .......... 64%  266K 11m29s
298300K .......... .......... .......... .......... .......... 64%  216K 11m29s
298350K .......... .......... .......... .......... .......... 64%  264K 11m29s
298400K .......... .......... .......... .......... .......... 64%  315K 11m29s
298450K .......... .......... .......... .......... .......... 64%  314K 11m28s
298500K .......... .......... .......... .......... .......... 64%  266K 11m28s
298550K .......... .......... .......... .......... .......... 64%  422K 11m28s
298600K .......... .......... .......... .......... .......... 64%  319K 11m28s
298650K .......... .......... .......... .......... .......... 64%  338K 11m27s
298700K .......... .......... .......... .......... .......... 64%  251K 11m27s
298750K .......... .......... .......... .......... .......... 64%  344K 11m27s
298800K .......... .......... .......... .......... .......... 64%  422K 11m27s
298850K .......... .......... .......... .......... .......... 64%  322K 11m27s
298900K .......... .......... .......... .......... .......... 64%  432K 11m26s
298950K .......... .......... .......... .......... .......... 64%  424K 11m26s
299000K .......... .......... .......... .......... .......... 64%  432K 11m26s
299050K .......... .......... .......... .......... .......... 64%  319K 11m25s
299100K .......... .......... .......... .......... .......... 64%  345K 11m25s
299150K .......... .......... .......... .......... .......... 64%  432K 11m25s
299200K .......... .......... .......... .......... .......... 64%  431K 11m25s
299250K .......... .......... .......... .......... .......... 64%  433K 11m24s
299300K .......... .......... .......... .......... .......... 64%  579K 11m24s
299350K .......... .......... .......... .......... .......... 64%  432K 11m24s
299400K .......... .......... .......... .......... .......... 64%  432K 11m24s
299450K .......... .......... .......... .......... .......... 64%  338K 11m23s
299500K .......... .......... .......... .......... .......... 64%  251K 11m23s
299550K .......... .......... .......... .......... .......... 64% 1.49M 11m23s
299600K .......... .......... .......... .......... .......... 64%  315K 11m23s
299650K .......... .......... .......... .......... .......... 64%  216K 11m22s
299700K .......... .......... .......... .......... .......... 64%  664K 11m22s
299750K .......... .......... .......... .......... .......... 64%  219K 11m22s
299800K .......... .......... .......... .......... .......... 64%  315K 11m22s
299850K .......... .......... .......... .......... .......... 64%  265K 11m22s
299900K .......... .......... .......... .......... .......... 64%  315K 11m21s
299950K .......... .......... .......... .......... .......... 64%  315K 11m21s
300000K .......... .......... .......... .......... .......... 64%  334K 11m21s
300050K .......... .......... .......... .......... .......... 64%  220K 11m21s
300100K .......... .......... .......... .......... .......... 65%  315K 11m20s
300150K .......... .......... .......... .......... .......... 65%  317K 11m20s
300200K .......... .......... .......... .......... .......... 65%  224K 11m20s
300250K .......... .......... .......... .......... .......... 65%  252K 11m20s
300300K .......... .......... .......... .......... .......... 65%  189K 11m20s
300350K .......... .......... .......... .......... .......... 65%  402K 11m19s
300400K .......... .......... .......... .......... .......... 65%  119K 11m19s
300450K .......... .......... .......... .......... .......... 65%  163K 11m19s
300500K .......... .......... .......... .......... .......... 65%  158K 11m19s
300550K .......... .......... .......... .......... .......... 65%  190K 11m19s
300600K .......... .......... .......... .......... .......... 65%  184K 11m18s
300650K .......... .......... .......... .......... .......... 65%  216K 11m18s
300700K .......... .......... .......... .......... .......... 65%  216K 11m18s
300750K .......... .......... .......... .......... .......... 65%  216K 11m18s
300800K .......... .......... .......... .......... .......... 65%  163K 11m18s
300850K .......... .......... .......... .......... .......... 65%  157K 11m18s
300900K .......... .......... .......... .......... .......... 65%  216K 11m17s
300950K .......... .......... .......... .......... .......... 65%  271K 11m17s
301000K .......... .......... .......... .......... .......... 65%  216K 11m17s
301050K .......... .......... .......... .......... .......... 65%  259K 11m17s
301100K .......... .......... .......... .......... .......... 65%  249K 11m17s
301150K .......... .......... .......... .......... .......... 65%  191K 11m16s
301200K .......... .......... .......... .......... .......... 65%  249K 11m16s
301250K .......... .......... .......... .......... .......... 65%  270K 11m16s
301300K .......... .......... .......... .......... .......... 65%  307K 11m16s
301350K .......... .......... .......... .......... .......... 65%  272K 11m15s
301400K .......... .......... .......... .......... .......... 65%  306K 11m15s
301450K .......... .......... .......... .......... .......... 65%  274K 11m15s
301500K .......... .......... .......... .......... .......... 65%  426K 11m15s
301550K .......... .......... .......... .......... .......... 65%  218K 11m15s
301600K .......... .......... .......... .......... .......... 65%  304K 11m14s
301650K .......... .......... .......... .......... .......... 65%  430K 11m14s
301700K .......... .......... .......... .......... .......... 65%  348K 11m14s
301750K .......... .......... .......... .......... .......... 65%  324K 11m14s
301800K .......... .......... .......... .......... .......... 65%  427K 11m13s
301850K .......... .......... .......... .......... .......... 65%  217K 11m13s
301900K .......... .......... .......... .......... .......... 65%  641K 11m13s
301950K .......... .......... .......... .......... .......... 65%  216K 11m13s
302000K .......... .......... .......... .......... .......... 65%  322K 11m12s
302050K .......... .......... .......... .......... .......... 65%  298K 11m12s
302100K .......... .......... .......... .......... .......... 65%  281K 11m12s
302150K .......... .......... .......... .......... .......... 65%  430K 11m12s
302200K .......... .......... .......... .......... .......... 65%  296K 11m11s
302250K .......... .......... .......... .......... .......... 65%  429K 11m11s
302300K .......... .......... .......... .......... .......... 65%  281K 11m11s
302350K .......... .......... .......... .......... .......... 65%  425K 11m11s
302400K .......... .......... .......... .......... .......... 65%  299K 11m10s
302450K .......... .......... .......... .......... .......... 65%  277K 11m10s
302500K .......... .......... .......... .......... .......... 65%  664K 11m10s
302550K .......... .......... .......... .......... .......... 65%  240K 11m10s
302600K .......... .......... .......... .......... .......... 65%  359K 11m9s
302650K .......... .......... .......... .......... .......... 65%  321K 11m9s
302700K .......... .......... .......... .......... .......... 65%  218K 11m9s
302750K .......... .......... .......... .......... .......... 65%  422K 11m9s
302800K .......... .......... .......... .......... .......... 65%  218K 11m9s
302850K .......... .......... .......... .......... .......... 65%  239K 11m8s
302900K .......... .......... .......... .......... .......... 65%  363K 11m8s
302950K .......... .......... .......... .......... .......... 65%  216K 11m8s
303000K .......... .......... .......... .......... .......... 65%  431K 11m8s
303050K .......... .......... .......... .......... .......... 65%  217K 11m7s
303100K .......... .......... .......... .......... .......... 65%  216K 11m7s
303150K .......... .......... .......... .......... .......... 65%  430K 11m7s
303200K .......... .......... .......... .......... .......... 65%  296K 11m7s
303250K .......... .......... .......... .......... .......... 65%  148K 11m7s
303300K .......... .......... .......... .......... .......... 65%  265K 11m6s
303350K .......... .......... .......... .......... .......... 65%  154K 11m6s
303400K .......... .......... .......... .......... .......... 65%  197K 11m6s
303450K .......... .......... .......... .......... .......... 65%  144K 11m6s
303500K .......... .......... .......... .......... .......... 65%  215K 11m6s
303550K .......... .......... .......... .......... .......... 65%  216K 11m6s
303600K .......... .......... .......... .......... .......... 65%  216K 11m5s
303650K .......... .......... .......... .......... .......... 65%  241K 11m5s
303700K .......... .......... .......... .......... .......... 65%  276K 11m5s
303750K .......... .......... .......... .......... .......... 65%  263K 11m5s
303800K .......... .......... .......... .......... .......... 65%  254K 11m4s
303850K .......... .......... .......... .......... .......... 65%  188K 11m4s
303900K .......... .......... .......... .......... .......... 65%  217K 11m4s
303950K .......... .......... .......... .......... .......... 65%  251K 11m4s
304000K .......... .......... .......... .......... .......... 65%  262K 11m4s
304050K .......... .......... .......... .......... .......... 65%  263K 11m3s
304100K .......... .......... .......... .......... .......... 65%  253K 11m3s
304150K .......... .......... .......... .......... .......... 65%  263K 11m3s
304200K .......... .......... .......... .......... .......... 65%  216K 11m3s
304250K .......... .......... .......... .......... .......... 65%  318K 11m3s
304300K .......... .......... .......... .......... .......... 65%  264K 11m2s
304350K .......... .......... .......... .......... .......... 65%  317K 11m2s
304400K .......... .......... .......... .......... .......... 65%  264K 11m2s
304450K .......... .......... .......... .......... .......... 65%  427K 11m2s
304500K .......... .......... .......... .......... .......... 65%  267K 11m1s
304550K .......... .......... .......... .......... .......... 65%  316K 11m1s
304600K .......... .......... .......... .......... .......... 65%  225K 11m1s
304650K .......... .......... .......... .......... .......... 65%  251K 11m1s
304700K .......... .......... .......... .......... .......... 65%  314K 11m0s
304750K .......... .......... .......... .......... .......... 66%  217K 11m0s
304800K .......... .......... .......... .......... .......... 66%  317K 11m0s
304850K .......... .......... .......... .......... .......... 66%  337K 11m0s
304900K .......... .......... .......... .......... .......... 66%  316K 11m0s
304950K .......... .......... .......... .......... .......... 66%  320K 10m59s
305000K .......... .......... .......... .......... .......... 66%  216K 10m59s
305050K .......... .......... .......... .......... .......... 66%  335K 10m59s
305100K .......... .......... .......... .......... .......... 66%  217K 10m59s
305150K .......... .......... .......... .......... .......... 66%  313K 10m58s
305200K .......... .......... .......... .......... .......... 66%  264K 10m58s
305250K .......... .......... .......... .......... .......... 66%  318K 10m58s
305300K .......... .......... .......... .......... .......... 66%  267K 10m58s
305350K .......... .......... .......... .......... .......... 66%  180K 10m58s
305400K .......... .......... .......... .......... .......... 66%  432K 10m57s
305450K .......... .......... .......... .......... .......... 66%  216K 10m57s
305500K .......... .......... .......... .......... .......... 66%  216K 10m57s
305550K .......... .......... .......... .......... .......... 66%  144K 10m57s
305600K .......... .......... .......... .......... .......... 66%  163K 10m57s
305650K .......... .......... .......... .......... .......... 66%  160K 10m56s
305700K .......... .......... .......... .......... .......... 66%  144K 10m56s
305750K .......... .......... .......... .......... .......... 66%  144K 10m56s
305800K .......... .......... .......... .......... .......... 66%  163K 10m56s
305850K .......... .......... .......... .......... .......... 66%  216K 10m56s
305900K .......... .......... .......... .......... .......... 66%  216K 10m56s
305950K .......... .......... .......... .......... .......... 66%  216K 10m55s
306000K .......... .......... .......... .......... .......... 66%  316K 10m55s
306050K .......... .......... .......... .......... .......... 66%  216K 10m55s
306100K .......... .......... .......... .......... .......... 66%  264K 10m55s
306150K .......... .......... .......... .......... .......... 66%  216K 10m55s
306200K .......... .......... .......... .......... .......... 66%  317K 10m54s
306250K .......... .......... .......... .......... .......... 66%  264K 10m54s
306300K .......... .......... .......... .......... .......... 66%  318K 10m54s
306350K .......... .......... .......... .......... .......... 66%  321K 10m54s
306400K .......... .......... .......... .......... .......... 66%  334K 10m53s
306450K .......... .......... .......... .......... .......... 66%  251K 10m53s
306500K .......... .......... .......... .......... .......... 66%  189K 10m53s
306550K .......... .......... .......... .......... .......... 66%  252K 10m53s
306600K .......... .......... .......... .......... .......... 66%  335K 10m53s
306650K .......... .......... .......... .......... .......... 66%  253K 10m52s
306700K .......... .......... .......... .......... .......... 66%  163K 10m52s
306750K .......... .......... .......... .......... .......... 66%  316K 10m52s
306800K .......... .......... .......... .......... .......... 66%  164K 10m52s
306850K .......... .......... .......... .......... .......... 66%  144K 10m52s
306900K .......... .......... .......... .......... .......... 66%  144K 10m51s
306950K .......... .......... .......... .......... .......... 66%  183K 10m51s
307000K .......... .......... .......... .......... .......... 66%  184K 10m51s
307050K .......... .......... .......... .......... .......... 66%  216K 10m51s
307100K .......... .......... .......... .......... .......... 66%  216K 10m51s
307150K .......... .......... .......... .......... .......... 66%  262K 10m50s
307200K .......... .......... .......... .......... .......... 66%  264K 10m50s
307250K .......... .......... .......... .......... .......... 66%  182K 10m50s
307300K .......... .......... .......... .......... .......... 66%  265K 10m50s
307350K .......... .......... .......... .......... .......... 66%  252K 10m50s
307400K .......... .......... .......... .......... .......... 66%  337K 10m49s
307450K .......... .......... .......... .......... .......... 66%  253K 10m49s
307500K .......... .......... .......... .......... .......... 66%  334K 10m49s
307550K .......... .......... .......... .......... .......... 66%  431K 10m49s
307600K .......... .......... .......... .......... .......... 66%  253K 10m48s
307650K .......... .......... .......... .......... .......... 66%  334K 10m48s
307700K .......... .......... .......... .......... .......... 66%  182K 10m48s
307750K .......... .......... .......... .......... .......... 66%  675K 10m48s
307800K .......... .......... .......... .......... .......... 66%  216K 10m48s
307850K .......... .......... .......... .......... .......... 66%  316K 10m47s
307900K .......... .......... .......... .......... .......... 66%  265K 10m47s
307950K .......... .......... .......... .......... .......... 66%  319K 10m47s
308000K .......... .......... .......... .......... .......... 66%  262K 10m47s
308050K .......... .......... .......... .......... .......... 66%  216K 10m46s
308100K .......... .......... .......... .......... .......... 66%  314K 10m46s
308150K .......... .......... .......... .......... .......... 66%  216K 10m46s
308200K .......... .......... .......... .......... .......... 66%  266K 10m46s
308250K .......... .......... .......... .......... .......... 66%  313K 10m46s
308300K .......... .......... .......... .......... .......... 66%  267K 10m45s
308350K .......... .......... .......... .......... .......... 66%  313K 10m45s
308400K .......... .......... .......... .......... .......... 66%  216K 10m45s
308450K .......... .......... .......... .......... .......... 66%  267K 10m45s
308500K .......... .......... .......... .......... .......... 66%  313K 10m44s
308550K .......... .......... .......... .......... .......... 66%  320K 10m44s
308600K .......... .......... .......... .......... .......... 66%  341K 10m44s
308650K .......... .......... .......... .......... .......... 66%  317K 10m44s
308700K .......... .......... .......... .......... .......... 66%  423K 10m43s
308750K .......... .......... .......... .......... .......... 66%  320K 10m43s
308800K .......... .......... .......... .......... .......... 66%  164K 10m43s
308850K .......... .......... .......... .......... .......... 66%  425K 10m43s
308900K .......... .......... .......... .......... .......... 66%  216K 10m43s
308950K .......... .......... .......... .......... .......... 66%  217K 10m42s
309000K .......... .......... .......... .......... .......... 66%  262K 10m42s
309050K .......... .......... .......... .......... .......... 66%  317K 10m42s
309100K .......... .......... .......... .......... .......... 66%  217K 10m42s
309150K .......... .......... .......... .......... .......... 66%  216K 10m42s
309200K .......... .......... .......... .......... .......... 66%  216K 10m41s
309250K .......... .......... .......... .......... .......... 66%  316K 10m41s
309300K .......... .......... .......... .......... .......... 66%  265K 10m41s
309350K .......... .......... .......... .......... .......... 67%  216K 10m41s
309400K .......... .......... .......... .......... .......... 67%  262K 10m40s
309450K .......... .......... .......... .......... .......... 67%  184K 10m40s
309500K .......... .......... .......... .......... .......... 67%  314K 10m40s
309550K .......... .......... .......... .......... .......... 67%  215K 10m40s
309600K .......... .......... .......... .......... .......... 67%  267K 10m40s
309650K .......... .......... .......... .......... .......... 67%  312K 10m39s
309700K .......... .......... .......... .......... .......... 67%  165K 10m39s
309750K .......... .......... .......... .......... .......... 67%  261K 10m39s
309800K .......... .......... .......... .......... .......... 67%  250K 10m39s
309850K .......... .......... .......... .......... .......... 67%  216K 10m39s
309900K .......... .......... .......... .......... .......... 67%  267K 10m38s
309950K .......... .......... .......... .......... .......... 67%  312K 10m38s
310000K .......... .......... .......... .......... .......... 67%  264K 10m38s
310050K .......... .......... .......... .......... .......... 67%  264K 10m38s
310100K .......... .......... .......... .......... .......... 67%  128K 10m38s
310150K .......... .......... .......... .......... .......... 67%  145K 10m37s
310200K .......... .......... .......... .......... .......... 67%  182K 10m37s
310250K .......... .......... .......... .......... .......... 67%  191K 10m37s
310300K .......... .......... .......... .......... .......... 67%  182K 10m37s
310350K .......... .......... .......... .......... .......... 67%  213K 10m37s
310400K .......... .......... .......... .......... .......... 67%  217K 10m37s
310450K .......... .......... .......... .......... .......... 67%  183K 10m36s
310500K .......... .......... .......... .......... .......... 67%  260K 10m36s
310550K .......... .......... .......... .......... .......... 67%  265K 10m36s
310600K .......... .......... .......... .......... .......... 67%  253K 10m36s
310650K .......... .......... .......... .......... .......... 67%  262K 10m35s
310700K .......... .......... .......... .......... .......... 67%  319K 10m35s
310750K .......... .......... .......... .......... .......... 67%  262K 10m35s
310800K .......... .......... .......... .......... .......... 67%  426K 10m35s
310850K .......... .......... .......... .......... .......... 67%  216K 10m35s
310900K .......... .......... .......... .......... .......... 67%  324K 10m34s
310950K .......... .......... .......... .......... .......... 67%  336K 10m34s
311000K .......... .......... .......... .......... .......... 67%  316K 10m34s
311050K .......... .......... .......... .......... .......... 67%  427K 10m34s
311100K .......... .......... .......... .......... .......... 67%  323K 10m33s
311150K .......... .......... .......... .......... .......... 67%  432K 10m33s
311200K .......... .......... .......... .......... .......... 67%  261K 10m33s
311250K .......... .......... .......... .......... .......... 67%  261K 10m33s
311300K .......... .......... .......... .......... .......... 67%  318K 10m32s
311350K .......... .......... .......... .......... .......... 67%  266K 10m32s
311400K .......... .......... .......... .......... .......... 67%  318K 10m32s
311450K .......... .......... .......... .......... .......... 67%  419K 10m32s
311500K .......... .......... .......... .......... .......... 67%  320K 10m31s
311550K .......... .......... .......... .......... .......... 67%  342K 10m31s
311600K .......... .......... .......... .......... .......... 67%  315K 10m31s
311650K .......... .......... .......... .......... .......... 67%  216K 10m31s
311700K .......... .......... .......... .......... .......... 67%  418K 10m31s
311750K .......... .......... .......... .......... .......... 67%  269K 10m30s
311800K .......... .......... .......... .......... .......... 67%  309K 10m30s
311850K .......... .......... .......... .......... .......... 67%  270K 10m30s
311900K .......... .......... .......... .......... .......... 67%  310K 10m30s
311950K .......... .......... .......... .......... .......... 67%  431K 10m29s
312000K .......... .......... .......... .......... .......... 67%  216K 10m29s
312050K .......... .......... .......... .......... .......... 67%  270K 10m29s
312100K .......... .......... .......... .......... .......... 67%  318K 10m29s
312150K .......... .......... .......... .......... .......... 67%  416K 10m28s
312200K .......... .......... .......... .......... .......... 67%  432K 10m28s
312250K .......... .......... .......... .......... .......... 67%  269K 10m28s
312300K .......... .......... .......... .......... .......... 67%  430K 10m28s
312350K .......... .......... .......... .......... .......... 67%  246K 10m28s
312400K .......... .......... .......... .......... .......... 67%  328K 10m27s
312450K .......... .......... .......... .......... .......... 67%  432K 10m27s
312500K .......... .......... .......... .......... .......... 67%  431K 10m27s
312550K .......... .......... .......... .......... .......... 67%  432K 10m27s
312600K .......... .......... .......... .......... .......... 67%  246K 10m26s
312650K .......... .......... .......... .......... .......... 67%  433K 10m26s
312700K .......... .......... .......... .......... .......... 67%  268K 10m26s
312750K .......... .......... .......... .......... .......... 67%  144K 10m26s
312800K .......... .......... .......... .......... .......... 67%  261K 10m25s
312850K .......... .......... .......... .......... .......... 67%  217K 10m25s
312900K .......... .......... .......... .......... .......... 67%  246K 10m25s
312950K .......... .......... .......... .......... .......... 67%  219K 10m25s
313000K .......... .......... .......... .......... .......... 67%  337K 10m25s
313050K .......... .......... .......... .......... .......... 67%  245K 10m24s
313100K .......... .......... .......... .......... .......... 67%  272K 10m24s
313150K .......... .......... .......... .......... .......... 67%  216K 10m24s
313200K .......... .......... .......... .......... .......... 67%  314K 10m24s
313250K .......... .......... .......... .......... .......... 67%  340K 10m23s
313300K .......... .......... .......... .......... .......... 67%  317K 10m23s
313350K .......... .......... .......... .......... .......... 67%  316K 10m23s
313400K .......... .......... .......... .......... .......... 67%  340K 10m23s
313450K .......... .......... .......... .......... .......... 67%  430K 10m23s
313500K .......... .......... .......... .......... .......... 67%  245K 10m22s
313550K .......... .......... .......... .......... .......... 67%  351K 10m22s
313600K .......... .......... .......... .......... .......... 67%  214K 10m22s
313650K .......... .......... .......... .......... .......... 67%  584K 10m22s
313700K .......... .......... .......... .......... .......... 67%  266K 10m21s
313750K .......... .......... .......... .......... .......... 67%  314K 10m21s
313800K .......... .......... .......... .......... .......... 67%  267K 10m21s
313850K .......... .......... .......... .......... .......... 67%  178K 10m21s
313900K .......... .......... .......... .......... .......... 67%  109K 10m21s
313950K .......... .......... .......... .......... .......... 67%  191K 10m20s
314000K .......... .......... .......... .......... .......... 68%  131K 10m20s
314050K .......... .......... .......... .......... .......... 68%  173K 10m20s
314100K .......... .......... .......... .......... .......... 68%  147K 10m20s
314150K .......... .......... .......... .......... .......... 68%  168K 10m20s
314200K .......... .......... .......... .......... .......... 68%  126K 10m20s
314250K .......... .......... .......... .......... .......... 68% 81.5K 10m20s
314300K .......... .......... .......... .......... .......... 68%  115K 10m20s
314350K .......... .......... .......... .......... .......... 68% 86.3K 10m20s
314400K .......... .......... .......... .......... .......... 68%  144K 10m19s
314450K .......... .......... .......... .......... .......... 68%  133K 10m19s
314500K .......... .......... .......... .......... .......... 68%  128K 10m19s
314550K .......... .......... .......... .......... .......... 68%  158K 10m19s
314600K .......... .......... .......... .......... .......... 68%  163K 10m19s
314650K .......... .......... .......... .......... .......... 68%  166K 10m19s
314700K .......... .......... .......... .......... .......... 68%  184K 10m18s
314750K .......... .......... .......... .......... .......... 68%  262K 10m18s
314800K .......... .......... .......... .......... .......... 68%  216K 10m18s
314850K .......... .......... .......... .......... .......... 68%  215K 10m18s
314900K .......... .......... .......... .......... .......... 68%  115K 10m18s
314950K .......... .......... .......... .......... .......... 68%  192K 10m18s
315000K .......... .......... .......... .......... .......... 68%  180K 10m17s
315050K .......... .......... .......... .......... .......... 68%  120K 10m17s
315100K .......... .......... .......... .......... .......... 68%  181K 10m17s
315150K .......... .......... .......... .......... .......... 68%  216K 10m17s
315200K .......... .......... .......... .......... .......... 68%  216K 10m17s
315250K .......... .......... .......... .......... .......... 68%  216K 10m17s
315300K .......... .......... .......... .......... .......... 68%  216K 10m16s
315350K .......... .......... .......... .......... .......... 68%  216K 10m16s
315400K .......... .......... .......... .......... .......... 68%  216K 10m16s
315450K .......... .......... .......... .......... .......... 68%  267K 10m16s
315500K .......... .......... .......... .......... .......... 68%  313K 10m15s
315550K .......... .......... .......... .......... .......... 68%  310K 10m15s
315600K .......... .......... .......... .......... .......... 68%  269K 10m15s
315650K .......... .......... .......... .......... .......... 68%  318K 10m15s
315700K .......... .......... .......... .......... .......... 68%  264K 10m15s
315750K .......... .......... .......... .......... .......... 68%  431K 10m14s
315800K .......... .......... .......... .......... .......... 68%  220K 10m14s
315850K .......... .......... .......... .......... .......... 68%  417K 10m14s
315900K .......... .......... .......... .......... .......... 68%  431K 10m14s
315950K .......... .......... .......... .......... .......... 68%  320K 10m13s
316000K .......... .......... .......... .......... .......... 68%  431K 10m13s
316050K .......... .......... .......... .......... .......... 68%  269K 10m13s
316100K .......... .......... .......... .......... .......... 68%  432K 10m13s
316150K .......... .......... .......... .......... .......... 68%  417K 10m12s
316200K .......... .......... .......... .......... .......... 68%  319K 10m12s
316250K .......... .......... .......... .......... .......... 68%  432K 10m12s
316300K .......... .......... .......... .......... .......... 68%  427K 10m12s
316350K .......... .......... .......... .......... .......... 68%  432K 10m11s
316400K .......... .......... .......... .......... .......... 68%  432K 10m11s
316450K .......... .......... .......... .......... .......... 68%  433K 10m11s
316500K .......... .......... .......... .......... .......... 68%  434K 10m11s
316550K .......... .......... .......... .......... .......... 68%  429K 10m10s
316600K .......... .......... .......... .......... .......... 68%  436K 10m10s
316650K .......... .......... .......... .......... .......... 68%  672K 10m10s
316700K .......... .......... .......... .......... .......... 68%  573K 10m10s
316750K .......... .......... .......... .......... .......... 68%  672K 10m9s
316800K .......... .......... .......... .......... .......... 68%  452K 10m9s
316850K .......... .......... .......... .......... .......... 68%  688K 10m9s
316900K .......... .......... .......... .......... .......... 68%  312K 10m9s
316950K .......... .......... .......... .......... .......... 68% 91.0M 10m8s
317000K .......... .......... .......... .......... .......... 68%  216K 10m8s
317050K .......... .......... .......... .......... .......... 68%  681K 10m8s
317100K .......... .......... .......... .......... .......... 68% 1.08M 10m7s
317150K .......... .......... .......... .......... .......... 68%  311K 10m7s
317200K .......... .......... .......... .......... .......... 68%  349K 10m7s
317250K .......... .......... .......... .......... .......... 68%  244K 10m7s
317300K .......... .......... .......... .......... .......... 68%  274K 10m7s
317350K .......... .......... .......... .......... .......... 68%  144K 10m6s
317400K .......... .......... .......... .......... .......... 68%  302K 10m6s
317450K .......... .......... .......... .......... .......... 68%  164K 10m6s
317500K .......... .......... .......... .......... .......... 68%  222K 10m6s
317550K .......... .......... .......... .......... .......... 68%  144K 10m6s
317600K .......... .......... .......... .......... .......... 68%  115K 10m6s
317650K .......... .......... .......... .......... .......... 68%  110K 10m5s
317700K .......... .......... .......... .......... .......... 68% 75.3K 10m5s
317750K .......... .......... .......... .......... .......... 68%  108K 10m5s
317800K .......... .......... .......... .......... .......... 68%  144K 10m5s
317850K .......... .......... .......... .......... .......... 68%  144K 10m5s
317900K .......... .......... .......... .......... .......... 68%  181K 10m5s
317950K .......... .......... .......... .......... .......... 68%  144K 10m5s
318000K .......... .......... .......... .......... .......... 68%  216K 10m5s
318050K .......... .......... .......... .......... .......... 68%  144K 10m4s
318100K .......... .......... .......... .......... .......... 68%  144K 10m4s
318150K .......... .......... .......... .......... .......... 68%  163K 10m4s
318200K .......... .......... .......... .......... .......... 68%  144K 10m4s
318250K .......... .......... .......... .......... .......... 68%  184K 10m4s
318300K .......... .......... .......... .......... .......... 68%  163K 10m4s
318350K .......... .......... .......... .......... .......... 68%  216K 10m3s
318400K .......... .......... .......... .......... .......... 68%  144K 10m3s
318450K .......... .......... .......... .......... .......... 68%  119K 10m3s
318500K .......... .......... .......... .......... .......... 68%  144K 10m3s
318550K .......... .......... .......... .......... .......... 68%  108K 10m3s
318600K .......... .......... .......... .......... .......... 69%  107K 10m3s
318650K .......... .......... .......... .......... .......... 69% 98.8K 10m3s
318700K .......... .......... .......... .......... .......... 69%  119K 10m3s
318750K .......... .......... .......... .......... .......... 69% 99.1K 10m2s
318800K .......... .......... .......... .......... .......... 69%  124K 10m2s
318850K .......... .......... .......... .......... .......... 69%  104K 10m2s
318900K .......... .......... .......... .......... .......... 69%  129K 10m2s
318950K .......... .......... .......... .......... .......... 69%  108K 10m2s
319000K .......... .......... .......... .......... .......... 69%  144K 10m2s
319050K .......... .......... .......... .......... .......... 69%  143K 10m2s
319100K .......... .......... .......... .......... .......... 69%  129K 10m2s
319150K .......... .......... .......... .......... .......... 69%  144K 10m1s
319200K .......... .......... .......... .......... .......... 69%  162K 10m1s
319250K .......... .......... .......... .......... .......... 69%  119K 10m1s
319300K .......... .......... .......... .......... .......... 69%  132K 10m1s
319350K .......... .......... .......... .......... .......... 69%  177K 10m1s
319400K .......... .......... .......... .......... .......... 69%  145K 10m1s
319450K .......... .......... .......... .......... .......... 69%  188K 10m1s
319500K .......... .......... .......... .......... .......... 69%  216K 10m0s
319550K .......... .......... .......... .......... .......... 69%  159K 10m0s
319600K .......... .......... .......... .......... .......... 69%  164K 10m0s
319650K .......... .......... .......... .......... .......... 69%  216K 10m0s
319700K .......... .......... .......... .......... .......... 69%  216K 10m0s
319750K .......... .......... .......... .......... .......... 69%  216K 9m59s
319800K .......... .......... .......... .......... .......... 69%  262K 9m59s
319850K .......... .......... .......... .......... .......... 69%  250K 9m59s
319900K .......... .......... .......... .......... .......... 69%  165K 9m59s
319950K .......... .......... .......... .......... .......... 69%  216K 9m59s
320000K .......... .......... .......... .......... .......... 69%  181K 9m58s
320050K .......... .......... .......... .......... .......... 69%  267K 9m58s
320100K .......... .......... .......... .......... .......... 69%  313K 9m58s
320150K .......... .......... .......... .......... .......... 69%  216K 9m58s
320200K .......... .......... .......... .......... .......... 69%  267K 9m58s
320250K .......... .......... .......... .......... .......... 69%  311K 9m57s
320300K .......... .......... .......... .......... .......... 69%  120K 9m57s
320350K .......... .......... .......... .......... .......... 69%  118K 9m57s
320400K .......... .......... .......... .......... .......... 69% 91.6K 9m57s
320450K .......... .......... .......... .......... .......... 69%  143K 9m57s
320500K .......... .......... .......... .......... .......... 69%  189K 9m57s
320550K .......... .......... .......... .......... .......... 69%  144K 9m56s
320600K .......... .......... .......... .......... .......... 69%  159K 9m56s
320650K .......... .......... .......... .......... .......... 69%  189K 9m56s
320700K .......... .......... .......... .......... .......... 69%  183K 9m56s
320750K .......... .......... .......... .......... .......... 69%  118K 9m56s
320800K .......... .......... .......... .......... .......... 69%  184K 9m56s
320850K .......... .......... .......... .......... .......... 69%  216K 9m55s
320900K .......... .......... .......... .......... .......... 69%  185K 9m55s
320950K .......... .......... .......... .......... .......... 69%  144K 9m55s
321000K .......... .......... .......... .......... .......... 69% 94.2K 9m55s
321050K .......... .......... .......... .......... .......... 69%  106K 9m55s
321100K .......... .......... .......... .......... .......... 69%  127K 9m55s
321150K .......... .......... .......... .......... .......... 69%  101K 9m55s
321200K .......... .......... .......... .......... .......... 69%  186K 9m55s
321250K .......... .......... .......... .......... .......... 69%  132K 9m54s
321300K .......... .......... .......... .......... .......... 69% 91.2K 9m54s
321350K .......... .......... .......... .......... .......... 69%  108K 9m54s
321400K .......... .......... .......... .......... .......... 69%  128K 9m54s
321450K .......... .......... .......... .......... .......... 69%  119K 9m54s
321500K .......... .......... .......... .......... .......... 69% 92.7K 9m54s
321550K .......... .......... .......... .......... .......... 69%  144K 9m54s
321600K .......... .......... .......... .......... .......... 69%  144K 9m54s
321650K .......... .......... .......... .......... .......... 69%  185K 9m53s
321700K .......... .......... .......... .......... .......... 69%  162K 9m53s
321750K .......... .......... .......... .......... .......... 69%  215K 9m53s
321800K .......... .......... .......... .......... .......... 69%  216K 9m53s
321850K .......... .......... .......... .......... .......... 69%  216K 9m53s
321900K .......... .......... .......... .......... .......... 69%  216K 9m52s
321950K .......... .......... .......... .......... .......... 69%  216K 9m52s
322000K .......... .......... .......... .......... .......... 69%  254K 9m52s
322050K .......... .......... .......... .......... .......... 69%  216K 9m52s
322100K .......... .......... .......... .......... .......... 69%  163K 9m52s
322150K .......... .......... .......... .......... .......... 69%  163K 9m51s
322200K .......... .......... .......... .......... .......... 69%  144K 9m51s
322250K .......... .......... .......... .......... .......... 69%  144K 9m51s
322300K .......... .......... .......... .......... .......... 69% 98.4K 9m51s
322350K .......... .......... .......... .......... .......... 69%  187K 9m51s
322400K .......... .......... .......... .......... .......... 69% 91.9K 9m51s
322450K .......... .......... .......... .......... .......... 69%  100K 9m51s
322500K .......... .......... .......... .......... .......... 69% 80.0K 9m51s
322550K .......... .......... .......... .......... .......... 69%  108K 9m51s
322600K .......... .......... .......... .......... .......... 69%  108K 9m50s
322650K .......... .......... .......... .......... .......... 69% 93.6K 9m50s
322700K .......... .......... .......... .......... .......... 69% 98.4K 9m50s
322750K .......... .......... .......... .......... .......... 69% 62.8K 9m50s
322800K .......... .......... .......... .......... .......... 69% 72.6K 9m50s
322850K .......... .......... .......... .......... .......... 69% 82.8K 9m50s
322900K .......... .......... .......... .......... .......... 69% 72.0K 9m50s
322950K .......... .......... .......... .......... .......... 69% 58.8K 9m50s
323000K .......... .......... .......... .......... .......... 69% 58.6K 9m50s
323050K .......... .......... .......... .......... .......... 69% 51.6K 9m51s
323100K .......... .......... .......... .......... .......... 69% 89.6K 9m50s
323150K .......... .......... .......... .......... .......... 69%  121K 9m50s
323200K .......... .......... .......... .......... .......... 70%  118K 9m50s
323250K .......... .......... .......... .......... .......... 70%  114K 9m50s
323300K .......... .......... .......... .......... .......... 70%  135K 9m50s
323350K .......... .......... .......... .......... .......... 70%  144K 9m50s
323400K .......... .......... .......... .......... .......... 70%  160K 9m50s
323450K .......... .......... .......... .......... .......... 70%  144K 9m49s
323500K .......... .......... .......... .......... .......... 70%  188K 9m49s
323550K .......... .......... .......... .......... .......... 70%  215K 9m49s
323600K .......... .......... .......... .......... .......... 70%  186K 9m49s
323650K .......... .......... .......... .......... .......... 70%  317K 9m49s
323700K .......... .......... .......... .......... .......... 70%  264K 9m48s
323750K .......... .......... .......... .......... .......... 70%  216K 9m48s
323800K .......... .......... .......... .......... .......... 70%  216K 9m48s
323850K .......... .......... .......... .......... .......... 70%  258K 9m48s
323900K .......... .......... .......... .......... .......... 70%  326K 9m48s
323950K .......... .......... .......... .......... .......... 70%  318K 9m47s
324000K .......... .......... .......... .......... .......... 70%  264K 9m47s
324050K .......... .......... .......... .......... .......... 70%  431K 9m47s
324100K .......... .......... .......... .......... .......... 70%  318K 9m47s
324150K .......... .......... .......... .......... .......... 70%  262K 9m46s
324200K .......... .......... .......... .......... .......... 70%  132K 9m46s
324250K .......... .......... .......... .......... .......... 70%  158K 9m46s
324300K .......... .......... .......... .......... .......... 70%  216K 9m46s
324350K .......... .......... .......... .......... .......... 70%  158K 9m46s
324400K .......... .......... .......... .......... .......... 70%  164K 9m46s
324450K .......... .......... .......... .......... .......... 70%  144K 9m45s
324500K .......... .......... .......... .......... .......... 70%  216K 9m45s
324550K .......... .......... .......... .......... .......... 70%  182K 9m45s
324600K .......... .......... .......... .......... .......... 70%  119K 9m45s
324650K .......... .......... .......... .......... .......... 70%  183K 9m45s
324700K .......... .......... .......... .......... .......... 70%  216K 9m44s
324750K .......... .......... .......... .......... .......... 70%  144K 9m44s
324800K .......... .......... .......... .......... .......... 70%  165K 9m44s
324850K .......... .......... .......... .......... .......... 70%  182K 9m44s
324900K .......... .......... .......... .......... .......... 70%  164K 9m44s
324950K .......... .......... .......... .......... .......... 70%  164K 9m44s
325000K .......... .......... .......... .......... .......... 70%  215K 9m43s
325050K .......... .......... .......... .......... .......... 70%  181K 9m43s
325100K .......... .......... .......... .......... .......... 70%  215K 9m43s
325150K .......... .......... .......... .......... .......... 70%  269K 9m43s
325200K .......... .......... .......... .......... .......... 70%  180K 9m43s
325250K .......... .......... .......... .......... .......... 70%  184K 9m42s
325300K .......... .......... .......... .......... .......... 70%  216K 9m42s
325350K .......... .......... .......... .......... .......... 70%  191K 9m42s
325400K .......... .......... .......... .......... .......... 70%  248K 9m42s
325450K .......... .......... .......... .......... .......... 70%  216K 9m42s
325500K .......... .......... .......... .......... .......... 70%  262K 9m41s
325550K .......... .......... .......... .......... .......... 70%  269K 9m41s
325600K .......... .......... .......... .......... .......... 70%  248K 9m41s
325650K .......... .......... .......... .......... .......... 70%  263K 9m41s
325700K .......... .......... .......... .......... .......... 70%  216K 9m40s
325750K .......... .......... .......... .......... .......... 70%  318K 9m40s
325800K .......... .......... .......... .......... .......... 70%  263K 9m40s
325850K .......... .......... .......... .......... .......... 70%  320K 9m40s
325900K .......... .......... .......... .......... .......... 70%  428K 9m40s
325950K .......... .......... .......... .......... .......... 70%  262K 9m39s
326000K .......... .......... .......... .......... .......... 70%  319K 9m39s
326050K .......... .......... .......... .......... .......... 70%  430K 9m39s
326100K .......... .......... .......... .......... .......... 70%  261K 9m39s
326150K .......... .......... .......... .......... .......... 70%  432K 9m38s
326200K .......... .......... .......... .......... .......... 70%  323K 9m38s
326250K .......... .......... .......... .......... .......... 70%  431K 9m38s
326300K .......... .......... .......... .......... .......... 70%  430K 9m38s
326350K .......... .......... .......... .......... .......... 70%  345K 9m37s
326400K .......... .......... .......... .......... .......... 70%  432K 9m37s
326450K .......... .......... .......... .......... .......... 70%  216K 9m37s
326500K .......... .......... .......... .......... .......... 70%  575K 9m37s
326550K .......... .......... .......... .......... .......... 70%  217K 9m36s
326600K .......... .......... .......... .......... .......... 70%  431K 9m36s
326650K .......... .......... .......... .......... .......... 70%  429K 9m36s
326700K .......... .......... .......... .......... .......... 70%  346K 9m36s
326750K .......... .......... .......... .......... .......... 70%  248K 9m35s
326800K .......... .......... .......... .......... .......... 70%  431K 9m35s
326850K .......... .......... .......... .......... .......... 70%  216K 9m35s
326900K .......... .......... .......... .......... .......... 70%  433K 9m35s
326950K .......... .......... .......... .......... .......... 70%  342K 9m34s
327000K .......... .......... .......... .......... .......... 70%  248K 9m34s
327050K .......... .......... .......... .......... .......... 70%  345K 9m34s
327100K .......... .......... .......... .......... .......... 70%  314K 9m34s
327150K .......... .......... .......... .......... .......... 70%  312K 9m34s
327200K .......... .......... .......... .......... .......... 70%  347K 9m33s
327250K .......... .......... .......... .......... .......... 70%  245K 9m33s
327300K .......... .......... .......... .......... .......... 70%  269K 9m33s
327350K .......... .......... .......... .......... .......... 70%  318K 9m33s
327400K .......... .......... .......... .......... .......... 70%  413K 9m32s
327450K .......... .......... .......... .......... .......... 70%  346K 9m32s
327500K .......... .......... .......... .......... .......... 70%  245K 9m32s
327550K .......... .......... .......... .......... .......... 70%  218K 9m32s
327600K .......... .......... .......... .......... .......... 70%  347K 9m31s
327650K .......... .......... .......... .......... .......... 70%  244K 9m31s
327700K .......... .......... .......... .......... .......... 70%  270K 9m31s
327750K .......... .......... .......... .......... .......... 70%  314K 9m31s
327800K .......... .......... .......... .......... .......... 70%  427K 9m31s
327850K .......... .......... .......... .......... .......... 71%  350K 9m30s
327900K .......... .......... .......... .......... .......... 71% 9.24K 9m32s
327950K .......... .......... .......... .......... .......... 71%  431K 9m32s
328000K .......... .......... .......... .......... .......... 71%  215K 9m32s
328050K .......... .......... .......... .......... .......... 71%  426K 9m32s
328100K .......... .......... .......... .......... .......... 71%  430K 9m31s
328150K .......... .......... .......... .......... .......... 71%  217K 9m31s
328200K .......... .......... .......... .......... .......... 71%  427K 9m31s
328250K .......... .......... .......... .......... .......... 71%  431K 9m31s
328300K .......... .......... .......... .......... .......... 71%  431K 9m30s
328350K .......... .......... .......... .......... .......... 71%  255K 9m30s
328400K .......... .......... .......... .......... .......... 71%  336K 9m30s
328450K .......... .......... .......... .......... .......... 71%  423K 9m30s
328500K .......... .......... .......... .......... .......... 71%  432K 9m29s
328550K .......... .......... .......... .......... .......... 71%  432K 9m29s
328600K .......... .......... .......... .......... .......... 71%  326K 9m29s
328650K .......... .......... .......... .......... .......... 71%  259K 9m29s
328700K .......... .......... .......... .......... .......... 71%  436K 9m28s
328750K .......... .......... .......... .......... .......... 71%  427K 9m28s
328800K .......... .......... .......... .......... .......... 71%  322K 9m28s
328850K .......... .......... .......... .......... .......... 71%  262K 9m28s
328900K .......... .......... .......... .......... .......... 71%  320K 9m27s
328950K .......... .......... .......... .......... .......... 71%  432K 9m27s
329000K .......... .......... .......... .......... .......... 71%  317K 9m27s
329050K .......... .......... .......... .......... .......... 71%  336K 9m27s
329100K .......... .......... .......... .......... .......... 71%  431K 9m26s
329150K .......... .......... .......... .......... .......... 71%  432K 9m26s
329200K .......... .......... .......... .......... .......... 71%  432K 9m26s
329250K .......... .......... .......... .......... .......... 71%  425K 9m26s
329300K .......... .......... .......... .......... .......... 71%  431K 9m25s
329350K .......... .......... .......... .......... .......... 71%  432K 9m25s
329400K .......... .......... .......... .......... .......... 71%  326K 9m25s
329450K .......... .......... .......... .......... .......... 71%  432K 9m25s
329500K .......... .......... .......... .......... .......... 71%  431K 9m24s
329550K .......... .......... .......... .......... .......... 71%  432K 9m24s
329600K .......... .......... .......... .......... .......... 71%  432K 9m24s
329650K .......... .......... .......... .......... .......... 71%  262K 9m24s
329700K .......... .......... .......... .......... .......... 71%  431K 9m23s
329750K .......... .......... .......... .......... .......... 71%  422K 9m23s
329800K .......... .......... .......... .......... .......... 71%  428K 9m23s
329850K .......... .......... .......... .......... .......... 71%  219K 9m23s
329900K .......... .......... .......... .......... .......... 71%  430K 9m22s
329950K .......... .......... .......... .......... .......... 71%  432K 9m22s
330000K .......... .......... .......... .......... .......... 71%  253K 9m22s
330050K .......... .......... .......... .......... .......... 71%  216K 9m22s
330100K .......... .......... .......... .......... .......... 71%  332K 9m22s
330150K .......... .......... .......... .......... .......... 71%  319K 9m21s
330200K .......... .......... .......... .......... .......... 71%  262K 9m21s
330250K .......... .......... .......... .......... .......... 71%  425K 9m21s
330300K .......... .......... .......... .......... .......... 71%  257K 9m21s
330350K .......... .......... .......... .......... .......... 71%  328K 9m20s
330400K .......... .......... .......... .......... .......... 71%  254K 9m20s
330450K .......... .......... .......... .......... .......... 71%  332K 9m20s
330500K .......... .......... .......... .......... .......... 71%  323K 9m20s
330550K .......... .......... .......... .......... .......... 71%  322K 9m19s
330600K .......... .......... .......... .......... .......... 71%  431K 9m19s
330650K .......... .......... .......... .......... .......... 71%  332K 9m19s
330700K .......... .......... .......... .......... .......... 71%  426K 9m19s
330750K .......... .......... .......... .......... .......... 71%  322K 9m18s
330800K .......... .......... .......... .......... .......... 71%  184K 9m18s
330850K .......... .......... .......... .......... .......... 71%  432K 9m18s
330900K .......... .......... .......... .......... .......... 71%  329K 9m18s
330950K .......... .......... .......... .......... .......... 71%  256K 9m18s
331000K .......... .......... .......... .......... .......... 71%  334K 9m17s
331050K .......... .......... .......... .......... .......... 71%  427K 9m17s
331100K .......... .......... .......... .......... .......... 71%  214K 9m17s
331150K .......... .......... .......... .......... .......... 71%  438K 9m17s
331200K .......... .......... .......... .......... .......... 71%  181K 9m16s
331250K .......... .......... .......... .......... .......... 71%  165K 9m16s
331300K .......... .......... .......... .......... .......... 71%  144K 9m16s
331350K .......... .......... .......... .......... .......... 71%  144K 9m16s
331400K .......... .......... .......... .......... .......... 71%  181K 9m16s
331450K .......... .......... .......... .......... .......... 71%  166K 9m16s
331500K .......... .......... .......... .......... .......... 71%  216K 9m15s
331550K .......... .......... .......... .......... .......... 71%  216K 9m15s
331600K .......... .......... .......... .......... .......... 71%  216K 9m15s
331650K .......... .......... .......... .......... .......... 71%  144K 9m15s
331700K .......... .......... .......... .......... .......... 71%  241K 9m15s
331750K .......... .......... .......... .......... .......... 71%  270K 9m14s
331800K .......... .......... .......... .......... .......... 71%  266K 9m14s
331850K .......... .......... .......... .......... .......... 71%  243K 9m14s
331900K .......... .......... .......... .......... .......... 71%  274K 9m14s
331950K .......... .......... .......... .......... .......... 71%  304K 9m13s
332000K .......... .......... .......... .......... .......... 71%  195K 9m13s
332050K .......... .......... .......... .......... .......... 71%  242K 9m13s
332100K .......... .......... .......... .......... .......... 71%  274K 9m13s
332150K .......... .......... .......... .......... .......... 71%  217K 9m13s
332200K .......... .......... .......... .......... .......... 71%  421K 9m12s
332250K .......... .......... .......... .......... .......... 71%  219K 9m12s
332300K .......... .......... .......... .......... .......... 71%  423K 9m12s
332350K .......... .......... .......... .......... .......... 71%  266K 9m12s
332400K .......... .......... .......... .......... .......... 71%  319K 9m11s
332450K .......... .......... .......... .......... .......... 72%  216K 9m11s
332500K .......... .......... .......... .......... .......... 72%  303K 9m11s
332550K .......... .......... .......... .......... .......... 72%  354K 9m11s
332600K .......... .......... .......... .......... .......... 72%  319K 9m11s
332650K .......... .......... .......... .......... .......... 72%  304K 9m10s
332700K .......... .......... .......... .......... .......... 72%  353K 9m10s
332750K .......... .......... .......... .......... .......... 72%  318K 9m10s
332800K .......... .......... .......... .......... .......... 72%  257K 9m10s
332850K .......... .......... .......... .......... .......... 72%  318K 9m9s
332900K .......... .......... .......... .......... .......... 72%  432K 9m9s
332950K .......... .......... .......... .......... .......... 72%  431K 9m9s
333000K .......... .......... .......... .......... .......... 72%  316K 9m9s
333050K .......... .......... .......... .......... .......... 72%  419K 9m8s
333100K .......... .......... .......... .......... .......... 72%  349K 9m8s
333150K .......... .......... .......... .......... .......... 72%  432K 9m8s
333200K .......... .......... .......... .......... .......... 72%  318K 9m8s
333250K .......... .......... .......... .......... .......... 72%  432K 9m7s
333300K .......... .......... .......... .......... .......... 72%  432K 9m7s
333350K .......... .......... .......... .......... .......... 72%  432K 9m7s
333400K .......... .......... .......... .......... .......... 72%  432K 9m7s
333450K .......... .......... .......... .......... .......... 72%  433K 9m6s
333500K .......... .......... .......... .......... .......... 72%  432K 9m6s
333550K .......... .......... .......... .......... .......... 72%  433K 9m6s
333600K .......... .......... .......... .......... .......... 72%  431K 9m6s
333650K .......... .......... .......... .......... .......... 72%  433K 9m5s
333700K .......... .......... .......... .......... .......... 72%  432K 9m5s
333750K .......... .......... .......... .......... .......... 72%  671K 9m5s
333800K .......... .......... .......... .......... .......... 72%  434K 9m5s
333850K .......... .......... .......... .......... .......... 72%  561K 9m4s
333900K .......... .......... .......... .......... .......... 72%  459K 9m4s
333950K .......... .......... .......... .......... .......... 72%  403K 9m4s
334000K .......... .......... .......... .......... .......... 72%  467K 9m4s
334050K .......... .......... .......... .......... .......... 72%  433K 9m3s
334100K .......... .......... .......... .......... .......... 72%  652K 9m3s
334150K .......... .......... .......... .......... .......... 72%  432K 9m3s
334200K .......... .......... .......... .......... .......... 72%  691K 9m3s
334250K .......... .......... .......... .......... .......... 72%  606K 9m2s
334300K .......... .......... .......... .......... .......... 72%  333K 9m2s
334350K .......... .......... .......... .......... .......... 72%  434K 9m2s
334400K .......... .......... .......... .......... .......... 72%  432K 9m2s
334450K .......... .......... .......... .......... .......... 72%  432K 9m1s
334500K .......... .......... .......... .......... .......... 72%  431K 9m1s
334550K .......... .......... .......... .......... .......... 72%  431K 9m1s
334600K .......... .......... .......... .......... .......... 72%  558K 9m1s
334650K .......... .......... .......... .......... .......... 72%  448K 9m0s
334700K .......... .......... .......... .......... .......... 72%  340K 9m0s
334750K .......... .......... .......... .......... .......... 72%  565K 9m0s
334800K .......... .......... .......... .......... .......... 72%  456K 9m0s
334850K .......... .......... .......... .......... .......... 72%  432K 8m59s
334900K .......... .......... .......... .......... .......... 72%  433K 8m59s
334950K .......... .......... .......... .......... .......... 72%  430K 8m59s
335000K .......... .......... .......... .......... .......... 72%  434K 8m59s
335050K .......... .......... .......... .......... .......... 72%  432K 8m58s
335100K .......... .......... .......... .......... .......... 72%  333K 8m58s
335150K .......... .......... .......... .......... .......... 72%  320K 8m58s
335200K .......... .......... .......... .......... .......... 72%  432K 8m58s
335250K .......... .......... .......... .......... .......... 72%  432K 8m57s
335300K .......... .......... .......... .......... .......... 72%  432K 8m57s
335350K .......... .......... .......... .......... .......... 72%  419K 8m57s
335400K .......... .......... .......... .......... .......... 72%  446K 8m57s
335450K .......... .......... .......... .......... .......... 72%  432K 8m56s
335500K .......... .......... .......... .......... .......... 72%  320K 8m56s
335550K .......... .......... .......... .......... .......... 72%  432K 8m56s
335600K .......... .......... .......... .......... .......... 72%  432K 8m56s
335650K .......... .......... .......... .......... .......... 72%  432K 8m55s
335700K .......... .......... .......... .......... .......... 72%  432K 8m55s
335750K .......... .......... .......... .......... .......... 72%  432K 8m55s
335800K .......... .......... .......... .......... .......... 72%  332K 8m55s
335850K .......... .......... .......... .......... .......... 72%  433K 8m54s
335900K .......... .......... .......... .......... .......... 72%  318K 8m54s
335950K .......... .......... .......... .......... .......... 72%  320K 8m54s
336000K .......... .......... .......... .......... .......... 72%  432K 8m54s
336050K .......... .......... .......... .......... .......... 72%  428K 8m53s
336100K .......... .......... .......... .......... .......... 72%  432K 8m53s
336150K .......... .......... .......... .......... .......... 72%  432K 8m53s
336200K .......... .......... .......... .......... .......... 72%  432K 8m53s
336250K .......... .......... .......... .......... .......... 72%  335K 8m52s
336300K .......... .......... .......... .......... .......... 72%  432K 8m52s
336350K .......... .......... .......... .......... .......... 72%  432K 8m52s
336400K .......... .......... .......... .......... .......... 72%  432K 8m52s
336450K .......... .......... .......... .......... .......... 72%  601K 8m51s
336500K .......... .......... .......... .......... .......... 72%  218K 8m51s
336550K .......... .......... .......... .......... .......... 72% 42.8M 8m51s
336600K .......... .......... .......... .......... .......... 72%  329K 8m51s
336650K .......... .......... .......... .......... .......... 72%  258K 8m51s
336700K .......... .......... .......... .......... .......... 72%  423K 8m50s
336750K .......... .......... .......... .......... .......... 72%  333K 8m50s
336800K .......... .......... .......... .......... .......... 72%  256K 8m50s
336850K .......... .......... .......... .......... .......... 72%  257K 8m50s
336900K .......... .......... .......... .......... .......... 72%  328K 8m49s
336950K .......... .......... .......... .......... .......... 72%  327K 8m49s
337000K .......... .......... .......... .......... .......... 72%  219K 8m49s
337050K .......... .......... .......... .......... .......... 73%  254K 8m49s
337100K .......... .......... .......... .......... .......... 73%  216K 8m49s
337150K .......... .......... .......... .......... .......... 73%  216K 8m48s
337200K .......... .......... .......... .......... .......... 73%  184K 8m48s
337250K .......... .......... .......... .......... .......... 73%  184K 8m48s
337300K .......... .......... .......... .......... .......... 73%  215K 8m48s
337350K .......... .......... .......... .......... .......... 73%  184K 8m48s
337400K .......... .......... .......... .......... .......... 73%  129K 8m47s
337450K .......... .......... .......... .......... .......... 73%  180K 8m47s
337500K .......... .......... .......... .......... .......... 73%  216K 8m47s
337550K .......... .......... .......... .......... .......... 73%  189K 8m47s
337600K .......... .......... .......... .......... .......... 73%  216K 8m47s
337650K .......... .......... .......... .......... .......... 73%  216K 8m46s
337700K .......... .......... .......... .......... .......... 73%  252K 8m46s
337750K .......... .......... .......... .......... .......... 73%  144K 8m46s
337800K .......... .......... .......... .......... .......... 73%  335K 8m46s
337850K .......... .......... .......... .......... .......... 73%  252K 8m46s
337900K .......... .......... .......... .......... .......... 73%  216K 8m45s
337950K .......... .......... .......... .......... .......... 73%  336K 8m45s
338000K .......... .......... .......... .......... .......... 73%  252K 8m45s
338050K .......... .......... .......... .......... .......... 73%  336K 8m45s
338100K .......... .......... .......... .......... .......... 73%  253K 8m44s
338150K .......... .......... .......... .......... .......... 73%  335K 8m44s
338200K .......... .......... .......... .......... .......... 73%  253K 8m44s
338250K .......... .......... .......... .......... .......... 73%  431K 8m44s
338300K .......... .......... .......... .......... .......... 73%  337K 8m44s
338350K .......... .......... .......... .......... .......... 73%  429K 8m43s
338400K .......... .......... .......... .......... .......... 73%  253K 8m43s
338450K .......... .......... .......... .......... .......... 73%  426K 8m43s
338500K .......... .......... .......... .......... .......... 73%  340K 8m43s
338550K .......... .......... .......... .......... .......... 73%  428K 8m42s
338600K .......... .......... .......... .......... .......... 73%  332K 8m42s
338650K .......... .......... .......... .......... .......... 73%  432K 8m42s
338700K .......... .......... .......... .......... .......... 73%  304K 8m42s
338750K .......... .......... .......... .......... .......... 73%  431K 8m41s
338800K .......... .......... .......... .......... .......... 73%  432K 8m41s
338850K .......... .......... .......... .......... .......... 73%  432K 8m41s
338900K .......... .......... .......... .......... .......... 73%  341K 8m41s
338950K .......... .......... .......... .......... .......... 73%  433K 8m40s
339000K .......... .......... .......... .......... .......... 73%  433K 8m40s
339050K .......... .......... .......... .......... .......... 73%  582K 8m40s
339100K .......... .......... .......... .......... .......... 73%  433K 8m40s
339150K .......... .......... .......... .......... .......... 73%  216K 8m39s
339200K .......... .......... .......... .......... .......... 73% 85.7M 8m39s
339250K .......... .......... .......... .......... .......... 73%  431K 8m39s
339300K .......... .......... .......... .......... .......... 73%  217K 8m39s
339350K .......... .......... .......... .......... .......... 73%  216K 8m38s
339400K .......... .......... .......... .......... .......... 73%  271K 8m38s
339450K .......... .......... .......... .......... .......... 73%  180K 8m38s
339500K .......... .......... .......... .......... .......... 73%  216K 8m38s
339550K .......... .......... .......... .......... .......... 73%  215K 8m38s
339600K .......... .......... .......... .......... .......... 73%  167K 8m37s
339650K .......... .......... .......... .......... .......... 73%  142K 8m37s
339700K .......... .......... .......... .......... .......... 73%  144K 8m37s
339750K .......... .......... .......... .......... .......... 73%  108K 8m37s
339800K .......... .......... .......... .......... .......... 73%  216K 8m37s
339850K .......... .......... .......... .......... .......... 73%  144K 8m37s
339900K .......... .......... .......... .......... .......... 73%  216K 8m36s
339950K .......... .......... .......... .......... .......... 73%  216K 8m36s
340000K .......... .......... .......... .......... .......... 73%  216K 8m36s
340050K .......... .......... .......... .......... .......... 73%  216K 8m36s
340100K .......... .......... .......... .......... .......... 73%  164K 8m36s
340150K .......... .......... .......... .......... .......... 73%  249K 8m35s
340200K .......... .......... .......... .......... .......... 73%  119K 8m35s
340250K .......... .......... .......... .......... .......... 73% 99.1K 8m35s
340300K .......... .......... .......... .......... .......... 73%  144K 8m35s
340350K .......... .......... .......... .......... .......... 73% 71.9K 8m35s
340400K .......... .......... .......... .......... .......... 73%  144K 8m35s
340450K .......... .......... .......... .......... .......... 73% 79.8K 8m35s
340500K .......... .......... .......... .......... .......... 73%  108K 8m35s
340550K .......... .......... .......... .......... .......... 73%  124K 8m35s
340600K .......... .......... .......... .......... .......... 73%  173K 8m34s
340650K .......... .......... .......... .......... .......... 73%  168K 8m34s
340700K .......... .......... .......... .......... .......... 73%  179K 8m34s
340750K .......... .......... .......... .......... .......... 73%  144K 8m34s
340800K .......... .......... .......... .......... .......... 73%  216K 8m34s
340850K .......... .......... .......... .......... .......... 73%  273K 8m33s
340900K .......... .......... .......... .......... .......... 73%  225K 8m33s
340950K .......... .......... .......... .......... .......... 73%  233K 8m33s
341000K .......... .......... .......... .......... .......... 73%  263K 8m33s
341050K .......... .......... .......... .......... .......... 73%  288K 8m33s
341100K .......... .......... .......... .......... .......... 73%  126K 8m32s
341150K .......... .......... .......... .......... .......... 73%  432K 8m32s
341200K .......... .......... .......... .......... .......... 73%  275K 8m32s
341250K .......... .......... .......... .......... .......... 73%  234K 8m32s
341300K .......... .......... .......... .......... .......... 73%  216K 8m31s
341350K .......... .......... .......... .......... .......... 73%  162K 8m31s
341400K .......... .......... .......... .......... .......... 73%  508K 8m31s
341450K .......... .......... .......... .......... .......... 73%  216K 8m31s
341500K .......... .......... .......... .......... .......... 73%  173K 8m31s
341550K .......... .......... .......... .......... .......... 73%  216K 8m30s
341600K .......... .......... .......... .......... .......... 73%  262K 8m30s
341650K .......... .......... .......... .......... .......... 73%  233K 8m30s
341700K .......... .......... .......... .......... .......... 74%  288K 8m30s
341750K .......... .......... .......... .......... .......... 74%  184K 8m30s
341800K .......... .......... .......... .......... .......... 74%  260K 8m29s
341850K .......... .......... .......... .......... .......... 74%  216K 8m29s
341900K .......... .......... .......... .......... .......... 74%  172K 8m29s
341950K .......... .......... .......... .......... .......... 74%  290K 8m29s
342000K .......... .......... .......... .......... .......... 74%  189K 8m29s
342050K .......... .......... .......... .......... .......... 74%  250K 8m28s
342100K .......... .......... .......... .......... .......... 74%  172K 8m28s
342150K .......... .......... .......... .......... .......... 74%  216K 8m28s
342200K .......... .......... .......... .......... .......... 74%  216K 8m28s
342250K .......... .......... .......... .......... .......... 74%  152K 8m28s
342300K .......... .......... .......... .......... .......... 74%  262K 8m27s
342350K .......... .......... .......... .......... .......... 74%  263K 8m27s
342400K .......... .......... .......... .......... .......... 74%  214K 8m27s
342450K .......... .......... .......... .......... .......... 74%  150K 8m27s
342500K .......... .......... .......... .......... .......... 74%  143K 8m27s
342550K .......... .......... .......... .......... .......... 74%  152K 8m26s
342600K .......... .......... .......... .......... .......... 74%  189K 8m26s
342650K .......... .......... .......... .......... .......... 74%  144K 8m26s
342700K .......... .......... .......... .......... .......... 74%  216K 8m26s
342750K .......... .......... .......... .......... .......... 74%  216K 8m26s
342800K .......... .......... .......... .......... .......... 74%  216K 8m25s
342850K .......... .......... .......... .......... .......... 74%  232K 8m25s
342900K .......... .......... .......... .......... .......... 74%  292K 8m25s
342950K .......... .......... .......... .......... .......... 74%  261K 8m25s
343000K .......... .......... .......... .......... .......... 74%  232K 8m25s
343050K .......... .......... .......... .......... .......... 74%  231K 8m24s
343100K .......... .......... .......... .......... .......... 74%  341K 8m24s
343150K .......... .......... .......... .......... .......... 74%  431K 8m24s
343200K .......... .......... .......... .......... .......... 74%  230K 8m24s
343250K .......... .......... .......... .......... .......... 74%  382K 8m23s
343300K .......... .......... .......... .......... .......... 74%  429K 8m23s
343350K .......... .......... .......... .......... .......... 74%  247K 8m23s
343400K .......... .......... .......... .......... .......... 74%  346K 8m23s
343450K .......... .......... .......... .......... .......... 74%  307K 8m23s
343500K .......... .......... .......... .......... .......... 74%  322K 8m22s
343550K .......... .......... .......... .......... .......... 74%  382K 8m22s
343600K .......... .......... .......... .......... .......... 74%  432K 8m22s
343650K .......... .......... .......... .......... .......... 74%  385K 8m22s
343700K .......... .......... .......... .......... .......... 74%  432K 8m21s
343750K .......... .......... .......... .......... .......... 74%  431K 8m21s
343800K .......... .......... .......... .......... .......... 74%  308K 8m21s
343850K .......... .......... .......... .......... .......... 74%  432K 8m21s
343900K .......... .......... .......... .......... .......... 74%  432K 8m20s
343950K .......... .......... .......... .......... .......... 74%  433K 8m20s
344000K .......... .......... .......... .......... .......... 74%  432K 8m20s
344050K .......... .......... .......... .......... .......... 74%  459K 8m20s
344100K .......... .......... .......... .......... .......... 74%  661K 8m19s
344150K .......... .......... .......... .......... .......... 74%  321K 8m19s
344200K .......... .......... .......... .......... .......... 74%  662K 8m19s
344250K .......... .......... .......... .......... .......... 74%  574K 8m19s
344300K .......... .......... .......... .......... .......... 74%  727K 8m18s
344350K .......... .......... .......... .......... .......... 74%  659K 8m18s
344400K .......... .......... .......... .......... .......... 74%  576K 8m18s
344450K .......... .......... .......... .......... .......... 74%  729K 8m18s
344500K .......... .......... .......... .......... .......... 74%  810K 8m17s
344550K .......... .......... .......... .......... .......... 74%  495K 8m17s
344600K .......... .......... .......... .......... .......... 74%  712K 8m17s
344650K .......... .......... .......... .......... .......... 74%  304K 8m17s
344700K .......... .......... .......... .......... .......... 74%  126M 8m16s
344750K .......... .......... .......... .......... .......... 74%  735K 8m16s
344800K .......... .......... .......... .......... .......... 74%  795K 8m16s
344850K .......... .......... .......... .......... .......... 74%  489K 8m16s
344900K .......... .......... .......... .......... .......... 74%  734K 8m15s
344950K .......... .......... .......... .......... .......... 74%  301K 8m15s
345000K .......... .......... .......... .......... .......... 74%  759K 8m15s
345050K .......... .......... .......... .......... .......... 74%  673K 8m14s
345100K .......... .......... .......... .......... .......... 74%  432K 8m14s
345150K .......... .......... .......... .......... .......... 74%  483K 8m14s
345200K .......... .......... .......... .......... .......... 74%  477K 8m14s
345250K .......... .......... .......... .......... .......... 74%  441K 8m14s
345300K .......... .......... .......... .......... .......... 74%  424K 8m13s
345350K .......... .......... .......... .......... .......... 74%  441K 8m13s
345400K .......... .......... .......... .......... .......... 74%  661K 8m13s
345450K .......... .......... .......... .......... .......... 74%  466K 8m13s
345500K .......... .......... .......... .......... .......... 74%  434K 8m12s
345550K .......... .......... .......... .......... .......... 74%  674K 8m12s
345600K .......... .......... .......... .......... .......... 74%  542K 8m12s
345650K .......... .......... .......... .......... .......... 74%  440K 8m12s
345700K .......... .......... .......... .......... .......... 74%  431K 8m11s
345750K .......... .......... .......... .......... .......... 74%  660K 8m11s
345800K .......... .......... .......... .......... .......... 74%  466K 8m11s
345850K .......... .......... .......... .......... .......... 74%  435K 8m11s
345900K .......... .......... .......... .......... .......... 74%  981K 8m10s
345950K .......... .......... .......... .......... .......... 74%  263K 8m10s
346000K .......... .......... .......... .......... .......... 74%  461K 8m10s
346050K .......... .......... .......... .......... .......... 74% 1.01M 8m10s
346100K .......... .......... .......... .......... .......... 74%  273K 8m9s
346150K .......... .......... .......... .......... .......... 74%  432K 8m9s
346200K .......... .......... .......... .......... .......... 74%  432K 8m9s
346250K .......... .......... .......... .......... .......... 74%  431K 8m9s
346300K .......... .......... .......... .......... .......... 75%  434K 8m8s
346350K .......... .......... .......... .......... .......... 75%  669K 8m8s
346400K .......... .......... .......... .......... .......... 75%  433K 8m8s
346450K .......... .......... .......... .......... .......... 75%  319K 8m8s
346500K .......... .......... .......... .......... .......... 75%  668K 8m7s
346550K .......... .......... .......... .......... .......... 75%  532K 8m7s
346600K .......... .......... .......... .......... .......... 75%  449K 8m7s
346650K .......... .......... .......... .......... .......... 75%  433K 8m7s
346700K .......... .......... .......... .......... .......... 75%  660K 8m6s
346750K .......... .......... .......... .......... .......... 75%  461K 8m6s
346800K .......... .......... .......... .......... .......... 75%  679K 8m6s
346850K .......... .......... .......... .......... .......... 75%  319K 8m6s
346900K .......... .......... .......... .......... .......... 75%  950K 8m5s
346950K .......... .......... .......... .......... .......... 75%  448K 8m5s
347000K .......... .......... .......... .......... .......... 75%  435K 8m5s
347050K .......... .......... .......... .......... .......... 75%  725K 8m5s
347100K .......... .......... .......... .......... .......... 75%  681K 8m4s
347150K .......... .......... .......... .......... .......... 75%  555K 8m4s
347200K .......... .......... .......... .......... .......... 75%  420K 8m4s
347250K .......... .......... .......... .......... .......... 75%  446K 8m4s
347300K .......... .......... .......... .......... .......... 75%  436K 8m3s
347350K .......... .......... .......... .......... .......... 75%  724K 8m3s
347400K .......... .......... .......... .......... .......... 75%  682K 8m3s
347450K .......... .......... .......... .......... .......... 75%  318K 8m3s
347500K .......... .......... .......... .......... .......... 75%  262K 8m2s
347550K .......... .......... .......... .......... .......... 75% 1.19M 8m2s
347600K .......... .......... .......... .......... .......... 75%  214K 8m2s
347650K .......... .......... .......... .......... .......... 75%  299K 8m2s
347700K .......... .......... .......... .......... .......... 75%  281K 8m1s
347750K .......... .......... .......... .......... .......... 75%  302K 8m1s
347800K .......... .......... .......... .......... .......... 75%  418K 8m1s
347850K .......... .......... .......... .......... .......... 75%  278K 8m1s
347900K .......... .......... .......... .......... .......... 75%  306K 8m1s
347950K .......... .......... .......... .......... .......... 75%  418K 8m0s
348000K .......... .......... .......... .......... .......... 75%  216K 8m0s
348050K .......... .......... .......... .......... .......... 75%  363K 8m0s
348100K .......... .......... .......... .......... .......... 75%  313K 8m0s
348150K .......... .......... .......... .......... .......... 75%  418K 7m59s
348200K .......... .......... .......... .......... .......... 75%  309K 7m59s
348250K .......... .......... .......... .......... .......... 75%  432K 7m59s
348300K .......... .......... .......... .......... .......... 75%  426K 7m59s
348350K .......... .......... .......... .......... .......... 75%  277K 7m58s
348400K .......... .......... .......... .......... .......... 75%  421K 7m58s
348450K .......... .......... .......... .......... .......... 75%  309K 7m58s
348500K .......... .......... .......... .......... .......... 75%  432K 7m58s
348550K .......... .......... .......... .......... .......... 75%  432K 7m58s
348600K .......... .......... .......... .......... .......... 75%  432K 7m57s
348650K .......... .......... .......... .......... .......... 75%  432K 7m57s
348700K .......... .......... .......... .......... .......... 75%  433K 7m57s
348750K .......... .......... .......... .......... .......... 75%  279K 7m57s
348800K .......... .......... .......... .......... .......... 75%  422K 7m56s
348850K .......... .......... .......... .......... .......... 75%  301K 7m56s
348900K .......... .......... .......... .......... .......... 75%  431K 7m56s
348950K .......... .......... .......... .......... .......... 75%  428K 7m56s
349000K .......... .......... .......... .......... .......... 75%  283K 7m55s
349050K .......... .......... .......... .......... .......... 75%  432K 7m55s
349100K .......... .......... .......... .......... .......... 75%  432K 7m55s
349150K .......... .......... .......... .......... .......... 75%  295K 7m55s
349200K .......... .......... .......... .......... .......... 75%  281K 7m54s
349250K .......... .......... .......... .......... .......... 75%  404K 7m54s
349300K .......... .......... .......... .......... .......... 75%  246K 7m54s
349350K .......... .......... .......... .......... .......... 75%  354K 7m54s
349400K .......... .......... .......... .......... .......... 75%  429K 7m54s
349450K .......... .......... .......... .......... .......... 75%  306K 7m53s
349500K .......... .......... .......... .......... .......... 75%  269K 7m53s
349550K .......... .......... .......... .......... .......... 75%  312K 7m53s
349600K .......... .......... .......... .......... .......... 75%  312K 7m53s
349650K .......... .......... .......... .......... .......... 75%  371K 7m52s
349700K .......... .......... .......... .......... .......... 75%  216K 7m52s
349750K .......... .......... .......... .......... .......... 75%  946K 7m52s
349800K .......... .......... .......... .......... .......... 75%  280K 7m52s
349850K .......... .......... .......... .......... .......... 75%  293K 7m52s
349900K .......... .......... .......... .......... .......... 75%  267K 7m51s
349950K .......... .......... .......... .......... .......... 75%  312K 7m51s
350000K .......... .......... .......... .......... .......... 75%  316K 7m51s
350050K .......... .......... .......... .......... .......... 75%  353K 7m51s
350100K .......... .......... .......... .......... .......... 75%  422K 7m50s
350150K .......... .......... .......... .......... .......... 75%  313K 7m50s
350200K .......... .......... .......... .......... .......... 75%  431K 7m50s
350250K .......... .......... .......... .......... .......... 75%  267K 7m50s
350300K .......... .......... .......... .......... .......... 75%  225K 7m49s
350350K .......... .......... .......... .......... .......... 75%  397K 7m49s
350400K .......... .......... .......... .......... .......... 75%  247K 7m49s
350450K .......... .......... .......... .......... .......... 75%  349K 7m49s
350500K .......... .......... .......... .......... .......... 75%  318K 7m49s
350550K .......... .......... .......... .......... .......... 75%  312K 7m48s
350600K .......... .......... .......... .......... .......... 75%  367K 7m48s
350650K .......... .......... .......... .......... .......... 75%  300K 7m48s
350700K .......... .......... .......... .......... .......... 75%  320K 7m48s
350750K .......... .......... .......... .......... .......... 75%  418K 7m47s
350800K .......... .......... .......... .......... .......... 75%  365K 7m47s
350850K .......... .......... .......... .......... .......... 75%  404K 7m47s
350900K .......... .......... .......... .......... .......... 76%  428K 7m47s
350950K .......... .......... .......... .......... .......... 76%  319K 7m46s
351000K .......... .......... .......... .......... .......... 76%  321K 7m46s
351050K .......... .......... .......... .......... .......... 76%  336K 7m46s
351100K .......... .......... .......... .......... .......... 76%  427K 7m46s
351150K .......... .......... .......... .......... .......... 76%  219K 7m46s
351200K .......... .......... .......... .......... .......... 76%  588K 7m45s
351250K .......... .......... .......... .......... .......... 76%  333K 7m45s
351300K .......... .......... .......... .......... .......... 76%  253K 7m45s
351350K .......... .......... .......... .......... .......... 76%  356K 7m45s
351400K .......... .......... .......... .......... .......... 76%  242K 7m44s
351450K .......... .......... .......... .......... .......... 76%  431K 7m44s
351500K .......... .......... .......... .......... .......... 76%  421K 7m44s
351550K .......... .......... .......... .......... .......... 76%  347K 7m44s
351600K .......... .......... .......... .......... .......... 76%  424K 7m43s
351650K .......... .......... .......... .......... .......... 76%  254K 7m43s
351700K .......... .......... .......... .......... .......... 76%  431K 7m43s
351750K .......... .......... .......... .......... .......... 76%  432K 7m43s
351800K .......... .......... .......... .......... .......... 76%  418K 7m43s
351850K .......... .......... .......... .......... .......... 76%  366K 7m42s
351900K .......... .......... .......... .......... .......... 76%  399K 7m42s
351950K .......... .......... .......... .......... .......... 76%  253K 7m42s
352000K .......... .......... .......... .......... .......... 76%  335K 7m42s
352050K .......... .......... .......... .......... .......... 76%  252K 7m41s
352100K .......... .......... .......... .......... .......... 76%  409K 7m41s
352150K .......... .......... .......... .......... .......... 76%  431K 7m41s
352200K .......... .......... .......... .......... .......... 76%  221K 7m41s
352250K .......... .......... .......... .......... .......... 76%  412K 7m41s
352300K .......... .......... .......... .......... .......... 76%  221K 7m40s
352350K .......... .......... .......... .......... .......... 76%  344K 7m40s
352400K .......... .......... .......... .......... .......... 76%  248K 7m40s
352450K .......... .......... .......... .......... .......... 76%  417K 7m40s
352500K .......... .......... .......... .......... .......... 76%  220K 7m39s
352550K .......... .......... .......... .......... .......... 76%  326K 7m39s
352600K .......... .......... .......... .......... .......... 76%  258K 7m39s
352650K .......... .......... .......... .......... .......... 76%  418K 7m39s
352700K .......... .......... .......... .......... .......... 76%  264K 7m39s
352750K .......... .......... .......... .......... .......... 76%  325K 7m38s
352800K .......... .......... .......... .......... .......... 76%  419K 7m38s
352850K .......... .......... .......... .......... .......... 76%  428K 7m38s
352900K .......... .......... .......... .......... .......... 76%  337K 7m38s
352950K .......... .......... .......... .......... .......... 76%  258K 7m37s
353000K .......... .......... .......... .......... .......... 76%  419K 7m37s
353050K .......... .......... .......... .......... .......... 76%  432K 7m37s
353100K .......... .......... .......... .......... .......... 76%  431K 7m37s
353150K .......... .......... .......... .......... .......... 76%  336K 7m36s
353200K .......... .......... .......... .......... .......... 76%  431K 7m36s
353250K .......... .......... .......... .......... .......... 76%  432K 7m36s
353300K .......... .......... .......... .......... .......... 76%  432K 7m36s
353350K .......... .......... .......... .......... .......... 76%  257K 7m35s
353400K .......... .......... .......... .......... .......... 76%  432K 7m35s
353450K .......... .......... .......... .......... .......... 76%  422K 7m35s
353500K .......... .......... .......... .......... .......... 76%  422K 7m35s
353550K .......... .......... .......... .......... .......... 76% 1.42M 7m35s
353600K .......... .......... .......... .......... .......... 76%  432K 7m34s
353650K .......... .......... .......... .......... .......... 76%  253K 7m34s
353700K .......... .......... .......... .......... .......... 76%  413K 7m34s
353750K .......... .......... .......... .......... .......... 76%  346K 7m34s
353800K .......... .......... .......... .......... .......... 76%  254K 7m33s
353850K .......... .......... .......... .......... .......... 76%  432K 7m33s
353900K .......... .......... .......... .......... .......... 76%  432K 7m33s
353950K .......... .......... .......... .......... .......... 76%  432K 7m33s
354000K .......... .......... .......... .......... .......... 76%  432K 7m32s
354050K .......... .......... .......... .......... .......... 76%  432K 7m32s
354100K .......... .......... .......... .......... .......... 76%  410K 7m32s
354150K .......... .......... .......... .......... .......... 76%  433K 7m32s
354200K .......... .......... .......... .......... .......... 76%  433K 7m31s
354250K .......... .......... .......... .......... .......... 76%  440K 7m31s
354300K .......... .......... .......... .......... .......... 76%  443K 7m31s
354350K .......... .......... .......... .......... .......... 76%  433K 7m31s
354400K .......... .......... .......... .......... .......... 76%  434K 7m31s
354450K .......... .......... .......... .......... .......... 76%  428K 7m30s
354500K .......... .......... .......... .......... .......... 76%  434K 7m30s
354550K .......... .......... .......... .......... .......... 76%  434K 7m30s
354600K .......... .......... .......... .......... .......... 76%  432K 7m30s
354650K .......... .......... .......... .......... .......... 76%  260K 7m29s
354700K .......... .......... .......... .......... .......... 76% 1.23M 7m29s
354750K .......... .......... .......... .......... .......... 76%  411K 7m29s
354800K .......... .......... .......... .......... .......... 76%  219K 7m29s
354850K .......... .......... .......... .......... .......... 76%  264K 7m28s
354900K .......... .......... .......... .......... .......... 76%  262K 7m28s
354950K .......... .......... .......... .......... .......... 76%  319K 7m28s
355000K .......... .......... .......... .......... .......... 76%  263K 7m28s
355050K .......... .......... .......... .......... .......... 76%  319K 7m28s
355100K .......... .......... .......... .......... .......... 76%  263K 7m27s
355150K .......... .......... .......... .......... .......... 76%  184K 7m27s
355200K .......... .......... .......... .......... .......... 76%  658K 7m27s
355250K .......... .......... .......... .......... .......... 76%  159K 7m27s
355300K .......... .......... .......... .......... .......... 76%  267K 7m26s
355350K .......... .......... .......... .......... .......... 76%  311K 7m26s
355400K .......... .......... .......... .......... .......... 76%  267K 7m26s
355450K .......... .......... .......... .......... .......... 76%  313K 7m26s
355500K .......... .......... .......... .......... .......... 76%  165K 7m26s
355550K .......... .......... .......... .......... .......... 77%  433K 7m25s
355600K .......... .......... .......... .......... .......... 77%  143K 7m25s
355650K .......... .......... .......... .......... .......... 77%  218K 7m25s
355700K .......... .......... .......... .......... .......... 77%  216K 7m25s
355750K .......... .......... .......... .......... .......... 77%  216K 7m25s
355800K .......... .......... .......... .......... .......... 77%  216K 7m24s
355850K .......... .......... .......... .......... .......... 77%  182K 7m24s
355900K .......... .......... .......... .......... .......... 77%  267K 7m24s
355950K .......... .......... .......... .......... .......... 77%  144K 7m24s
356000K .......... .......... .......... .......... .......... 77%  153K 7m24s
356050K .......... .......... .......... .......... .......... 77%  136K 7m24s
356100K .......... .......... .......... .......... .......... 77%  125K 7m23s
356150K .......... .......... .......... .......... .......... 77%  170K 7m23s
356200K .......... .......... .......... .......... .......... 77%  153K 7m23s
356250K .......... .......... .......... .......... .......... 77%  197K 7m23s
356300K .......... .......... .......... .......... .......... 77%  216K 7m23s
356350K .......... .......... .......... .......... .......... 77%  216K 7m22s
356400K .......... .......... .......... .......... .......... 77%  174K 7m22s
356450K .......... .......... .......... .......... .......... 77%  216K 7m22s
356500K .......... .......... .......... .......... .......... 77%  286K 7m22s
356550K .......... .......... .......... .......... .......... 77%  290K 7m22s
356600K .......... .......... .......... .......... .......... 77%  231K 7m21s
356650K .......... .......... .......... .......... .......... 77%  383K 7m21s
356700K .......... .......... .......... .......... .......... 77%  231K 7m21s
356750K .......... .......... .......... .......... .......... 77%  264K 7m21s
356800K .......... .......... .......... .......... .......... 77%  317K 7m20s
356850K .......... .......... .......... .......... .......... 77%  384K 7m20s
356900K .......... .......... .......... .......... .......... 77%  287K 7m20s
356950K .......... .......... .......... .......... .......... 77%  316K 7m20s
357000K .......... .......... .......... .......... .......... 77%  383K 7m20s
357050K .......... .......... .......... .......... .......... 77%  429K 7m19s
357100K .......... .......... .......... .......... .......... 77%  215K 7m19s
357150K .......... .......... .......... .......... .......... 77%  231K 7m19s
357200K .......... .......... .......... .......... .......... 77%  299K 7m19s
357250K .......... .......... .......... .......... .......... 77%  170K 7m19s
357300K .......... .......... .......... .......... .......... 77%  936K 7m18s
357350K .......... .......... .......... .......... .......... 77%  216K 7m18s
357400K .......... .......... .......... .......... .......... 77%  277K 7m18s
357450K .......... .......... .......... .......... .......... 77%  264K 7m18s
357500K .......... .......... .......... .......... .......... 77%  184K 7m17s
357550K .......... .......... .......... .......... .......... 77%  295K 7m17s
357600K .......... .......... .......... .......... .......... 77%  279K 7m17s
357650K .......... .......... .......... .......... .......... 77%  297K 7m17s
357700K .......... .......... .......... .......... .......... 77%  280K 7m17s
357750K .......... .......... .......... .......... .......... 77%  298K 7m16s
357800K .......... .......... .......... .......... .......... 77%  281K 7m16s
357850K .......... .......... .......... .......... .......... 77%  427K 7m16s
357900K .......... .......... .......... .......... .......... 77%  217K 7m16s
357950K .......... .......... .......... .......... .......... 77%  429K 7m15s
358000K .......... .......... .......... .......... .......... 77%  298K 7m15s
358050K .......... .......... .......... .......... .......... 77%  432K 7m15s
358100K .......... .......... .......... .......... .......... 77%  216K 7m15s
358150K .......... .......... .......... .......... .......... 77%  754K 7m15s
358200K .......... .......... .......... .......... .......... 77%  258K 7m14s
358250K .......... .......... .......... .......... .......... 77%  326K 7m14s
358300K .......... .......... .......... .......... .......... 77%  259K 7m14s
358350K .......... .......... .......... .......... .......... 77%  325K 7m14s
358400K .......... .......... .......... .......... .......... 77%  302K 7m13s
358450K .......... .......... .......... .......... .......... 77%  342K 7m13s
358500K .......... .......... .......... .......... .......... 77%  218K 7m13s
358550K .......... .......... .......... .......... .......... 77%  433K 7m13s
358600K .......... .......... .......... .......... .......... 77%  245K 7m13s
358650K .......... .......... .......... .......... .......... 77%  255K 7m12s
358700K .......... .......... .......... .......... .......... 77%  281K 7m12s
358750K .......... .......... .......... .......... .......... 77%  296K 7m12s
358800K .......... .......... .......... .......... .......... 77%  330K 7m12s
358850K .......... .......... .......... .......... .......... 77%  276K 7m11s
358900K .......... .......... .......... .......... .......... 77%  302K 7m11s
358950K .......... .......... .......... .......... .......... 77%  350K 7m11s
359000K .......... .......... .......... .......... .......... 77%  245K 7m11s
359050K .......... .......... .......... .......... .......... 77%  276K 7m11s
359100K .......... .......... .......... .......... .......... 77%  430K 7m10s
359150K .......... .......... .......... .......... .......... 77%  302K 7m10s
359200K .......... .......... .......... .......... .......... 77%  431K 7m10s
359250K .......... .......... .......... .......... .......... 77%  429K 7m10s
359300K .......... .......... .......... .......... .......... 77%  275K 7m9s
359350K .......... .......... .......... .......... .......... 77%  305K 7m9s
359400K .......... .......... .......... .......... .......... 77%  431K 7m9s
359450K .......... .......... .......... .......... .......... 77%  432K 7m9s
359500K .......... .......... .......... .......... .......... 77%  432K 7m8s
359550K .......... .......... .......... .......... .......... 77%  432K 7m8s
359600K .......... .......... .......... .......... .......... 77%  216K 7m8s
359650K .......... .......... .......... .......... .......... 77% 87.3M 7m8s
359700K .......... .......... .......... .......... .......... 77%  250K 7m8s
359750K .......... .......... .......... .......... .......... 77%  216K 7m7s
359800K .......... .......... .......... .......... .......... 77%  432K 7m7s
359850K .......... .......... .......... .......... .......... 77%  342K 7m7s
359900K .......... .......... .......... .......... .......... 77%  431K 7m7s
359950K .......... .......... .......... .......... .......... 77%  428K 7m6s
360000K .......... .......... .......... .......... .......... 77%  320K 7m6s
360050K .......... .......... .......... .......... .......... 77%  432K 7m6s
360100K .......... .......... .......... .......... .......... 77%  315K 7m6s
360150K .......... .......... .......... .......... .......... 78%  341K 7m5s
360200K .......... .......... .......... .......... .......... 78%  432K 7m5s
360250K .......... .......... .......... .......... .......... 78%  432K 7m5s
360300K .......... .......... .......... .......... .......... 78%  432K 7m5s
360350K .......... .......... .......... .......... .......... 78%  431K 7m5s
360400K .......... .......... .......... .......... .......... 78%  432K 7m4s
360450K .......... .......... .......... .......... .......... 78%  432K 7m4s
360500K .......... .......... .......... .......... .......... 78%  317K 7m4s
360550K .......... .......... .......... .......... .......... 78%  425K 7m4s
360600K .......... .......... .......... .......... .......... 78%  431K 7m3s
360650K .......... .......... .......... .......... .......... 78%  324K 7m3s
360700K .......... .......... .......... .......... .......... 78%  651K 7m3s
360750K .......... .......... .......... .......... .......... 78%  324K 7m3s
360800K .......... .......... .......... .......... .......... 78%  651K 7m2s
360850K .......... .......... .......... .......... .......... 78%  314K 7m2s
360900K .......... .......... .......... .......... .......... 78%  265K 7m2s
360950K .......... .......... .......... .......... .......... 78%  323K 7m2s
361000K .......... .......... .......... .......... .......... 78%  419K 7m2s
361050K .......... .......... .......... .......... .......... 78%  347K 7m1s
361100K .......... .......... .......... .......... .......... 78%  432K 7m1s
361150K .......... .......... .......... .......... .......... 78%  432K 7m1s
361200K .......... .......... .......... .......... .......... 78%  432K 7m1s
361250K .......... .......... .......... .......... .......... 78%  317K 7m0s
361300K .......... .......... .......... .......... .......... 78%  318K 7m0s
361350K .......... .......... .......... .......... .......... 78%  655K 7m0s
361400K .......... .......... .......... .......... .......... 78%  432K 7m0s
361450K .......... .......... .......... .......... .......... 78%  432K 6m59s
361500K .......... .......... .......... .......... .......... 78%  432K 6m59s
361550K .......... .......... .......... .......... .......... 78%  432K 6m59s
361600K .......... .......... .......... .......... .......... 78%  315K 6m59s
361650K .......... .......... .......... .......... .......... 78%  345K 6m59s
361700K .......... .......... .......... .......... .......... 78%  313K 6m58s
361750K .......... .......... .......... .......... .......... 78%  431K 6m58s
361800K .......... .......... .......... .......... .......... 78%  319K 6m58s
361850K .......... .......... .......... .......... .......... 78%  432K 6m58s
361900K .......... .......... .......... .......... .......... 78%  346K 6m57s
361950K .......... .......... .......... .......... .......... 78%  429K 6m57s
362000K .......... .......... .......... .......... .......... 78%  430K 6m57s
362050K .......... .......... .......... .......... .......... 78%  307K 6m57s
362100K .......... .......... .......... .......... .......... 78%  432K 6m56s
362150K .......... .......... .......... .......... .......... 78%  432K 6m56s
362200K .......... .......... .......... .......... .......... 78%  430K 6m56s
362250K .......... .......... .......... .......... .......... 78%  319K 6m56s
362300K .......... .......... .......... .......... .......... 78%  264K 6m56s
362350K .......... .......... .......... .......... .......... 78%  431K 6m55s
362400K .......... .......... .......... .......... .......... 78%  217K 6m55s
362450K .......... .......... .......... .......... .......... 78%  430K 6m55s
362500K .......... .......... .......... .......... .......... 78%  432K 6m55s
362550K .......... .......... .......... .......... .......... 78%  319K 6m54s
362600K .......... .......... .......... .......... .......... 78%  354K 6m54s
362650K .......... .......... .......... .......... .......... 78%  305K 6m54s
362700K .......... .......... .......... .......... .......... 78%  432K 6m54s
362750K .......... .......... .......... .......... .......... 78%  432K 6m54s
362800K .......... .......... .......... .......... .......... 78%  274K 6m53s
362850K .......... .......... .......... .......... .......... 78%  316K 6m53s
362900K .......... .......... .......... .......... .......... 78%  406K 6m53s
362950K .......... .......... .......... .......... .......... 78%  319K 6m53s
363000K .......... .......... .......... .......... .......... 78%  163K 6m52s
363050K .......... .......... .......... .......... .......... 78%  453K 6m52s
363100K .......... .......... .......... .......... .......... 78%  264K 6m52s
363150K .......... .......... .......... .......... .......... 78%  304K 6m52s
363200K .......... .......... .......... .......... .......... 78%  146K 6m52s
363250K .......... .......... .......... .......... .......... 78%  211K 6m51s
363300K .......... .......... .......... .......... .......... 78%  216K 6m51s
363350K .......... .......... .......... .......... .......... 78%  216K 6m51s
363400K .......... .......... .......... .......... .......... 78%  144K 6m51s
363450K .......... .......... .......... .......... .......... 78%  216K 6m51s
363500K .......... .......... .......... .......... .......... 78%  160K 6m50s
363550K .......... .......... .......... .......... .......... 78%  163K 6m50s
363600K .......... .......... .......... .......... .......... 78%  216K 6m50s
363650K .......... .......... .......... .......... .......... 78%  216K 6m50s
363700K .......... .......... .......... .......... .......... 78%  216K 6m50s
363750K .......... .......... .......... .......... .......... 78%  263K 6m49s
363800K .......... .......... .......... .......... .......... 78%  220K 6m49s
363850K .......... .......... .......... .......... .......... 78%  248K 6m49s
363900K .......... .......... .......... .......... .......... 78%  328K 6m49s
363950K .......... .......... .......... .......... .......... 78%  184K 6m49s
364000K .......... .......... .......... .......... .......... 78%  265K 6m48s
364050K .......... .......... .......... .......... .......... 78%  316K 6m48s
364100K .......... .......... .......... .......... .......... 78%  322K 6m48s
364150K .......... .......... .......... .......... .......... 78%  330K 6m48s
364200K .......... .......... .......... .......... .......... 78%  321K 6m47s
364250K .......... .......... .......... .......... .......... 78%  321K 6m47s
364300K .......... .......... .......... .......... .......... 78%  330K 6m47s
364350K .......... .......... .......... .......... .......... 78%  256K 6m47s
364400K .......... .......... .......... .......... .......... 78%  335K 6m47s
364450K .......... .......... .......... .......... .......... 78%  425K 6m46s
364500K .......... .......... .......... .......... .......... 78%  321K 6m46s
364550K .......... .......... .......... .......... .......... 78%  430K 6m46s
364600K .......... .......... .......... .......... .......... 78%  261K 6m46s
364650K .......... .......... .......... .......... .......... 78%  322K 6m45s
364700K .......... .......... .......... .......... .......... 78%  216K 6m45s
364750K .......... .......... .......... .......... .......... 79%  432K 6m45s
364800K .......... .......... .......... .......... .......... 79%  216K 6m45s
364850K .......... .......... .......... .......... .......... 79%  428K 6m45s
364900K .......... .......... .......... .......... .......... 79%  215K 6m44s
364950K .......... .......... .......... .......... .......... 79%  210K 6m44s
365000K .......... .......... .......... .......... .......... 79%  430K 6m44s
365050K .......... .......... .......... .......... .......... 79%  216K 6m44s
365100K .......... .......... .......... .......... .......... 79%  216K 6m44s
365150K .......... .......... .......... .......... .......... 79%  430K 6m43s
365200K .......... .......... .......... .......... .......... 79%  271K 6m43s
365250K .......... .......... .......... .......... .......... 79%  307K 6m43s
365300K .......... .......... .......... .......... .......... 79%  431K 6m43s
365350K .......... .......... .......... .......... .......... 79%  270K 6m42s
365400K .......... .......... .......... .......... .......... 79%  309K 6m42s
365450K .......... .......... .......... .......... .......... 79%  230K 6m42s
365500K .......... .......... .......... .......... .......... 79%  382K 6m42s
365550K .......... .......... .......... .......... .......... 79%  216K 6m42s
365600K .......... .......... .......... .......... .......... 79%  271K 6m41s
365650K .......... .......... .......... .......... .......... 79%  309K 6m41s
365700K .......... .......... .......... .......... .......... 79%  425K 6m41s
365750K .......... .......... .......... .......... .......... 79%  231K 6m41s
365800K .......... .......... .......... .......... .......... 79%  250K 6m40s
365850K .......... .......... .......... .......... .......... 79%  190K 6m40s
365900K .......... .......... .......... .......... .......... 79%  247K 6m40s
365950K .......... .......... .......... .......... .......... 79%  311K 6m40s
366000K .......... .......... .......... .......... .......... 79%  268K 6m40s
366050K .......... .......... .......... .......... .......... 79%  311K 6m39s
366100K .......... .......... .......... .......... .......... 79%  268K 6m39s
366150K .......... .......... .......... .......... .......... 79%  181K 6m39s
366200K .......... .......... .......... .......... .......... 79%  432K 6m39s
366250K .......... .......... .......... .......... .......... 79%  129K 6m39s
366300K .......... .......... .......... .......... .......... 79%  171K 6m38s
366350K .......... .......... .......... .......... .......... 79%  204K 6m38s
366400K .......... .......... .......... .......... .......... 79%  150K 6m38s
366450K .......... .......... .......... .......... .......... 79%  144K 6m38s
366500K .......... .......... .......... .......... .......... 79%  173K 6m38s
366550K .......... .......... .......... .......... .......... 79%  123K 6m38s
366600K .......... .......... .......... .......... .......... 79%  104K 6m37s
366650K .......... .......... .......... .......... .......... 79%  144K 6m37s
366700K .......... .......... .......... .......... .......... 79%  158K 6m37s
366750K .......... .......... .......... .......... .......... 79%  164K 6m37s
366800K .......... .......... .......... .......... .......... 79%  213K 6m37s
366850K .......... .......... .......... .......... .......... 79%  184K 6m36s
366900K .......... .......... .......... .......... .......... 79%  261K 6m36s
366950K .......... .......... .......... .......... .......... 79%  219K 6m36s
367000K .......... .......... .......... .......... .......... 79%  182K 6m36s
367050K .......... .......... .......... .......... .......... 79%  266K 6m36s
367100K .......... .......... .......... .......... .......... 79%  259K 6m35s
367150K .......... .......... .......... .......... .......... 79%  317K 6m35s
367200K .......... .......... .......... .......... .......... 79%  264K 6m35s
367250K .......... .......... .......... .......... .......... 79%  325K 6m35s
367300K .......... .......... .......... .......... .......... 79%  314K 6m35s
367350K .......... .......... .......... .......... .......... 79%  216K 6m34s
367400K .......... .......... .......... .......... .......... 79%  259K 6m34s
367450K .......... .......... .......... .......... .......... 79%  219K 6m34s
367500K .......... .......... .......... .......... .......... 79%  259K 6m34s
367550K .......... .......... .......... .......... .......... 79%  317K 6m34s
367600K .......... .......... .......... .......... .......... 79%  322K 6m33s
367650K .......... .......... .......... .......... .......... 79%  331K 6m33s
367700K .......... .......... .......... .......... .......... 79%  257K 6m33s
367750K .......... .......... .......... .......... .......... 79%  258K 6m33s
367800K .......... .......... .......... .......... .......... 79%  325K 6m32s
367850K .......... .......... .......... .......... .......... 79%  329K 6m32s
367900K .......... .......... .......... .......... .......... 79%  318K 6m32s
367950K .......... .......... .......... .......... .......... 79%  320K 6m32s
368000K .......... .......... .......... .......... .......... 79%  336K 6m32s
368050K .......... .......... .......... .......... .......... 79%  319K 6m31s
368100K .......... .......... .......... .......... .......... 79%  325K 6m31s
368150K .......... .......... .......... .......... .......... 79%  260K 6m31s
368200K .......... .......... .......... .......... .......... 79%  429K 6m31s
368250K .......... .......... .......... .......... .......... 79%  428K 6m30s
368300K .......... .......... .......... .......... .......... 79%  327K 6m30s
368350K .......... .......... .......... .......... .......... 79%  432K 6m30s
368400K .......... .......... .......... .......... .......... 79%  421K 6m30s
368450K .......... .......... .......... .......... .......... 79%  333K 6m29s
368500K .......... .......... .......... .......... .......... 79%  431K 6m29s
368550K .......... .......... .......... .......... .......... 79%  321K 6m29s
368600K .......... .......... .......... .......... .......... 79%  431K 6m29s
368650K .......... .......... .......... .......... .......... 79%  432K 6m29s
368700K .......... .......... .......... .......... .......... 79%  261K 6m28s
368750K .......... .......... .......... .......... .......... 79%  604K 6m28s
368800K .......... .......... .......... .......... .......... 79%  337K 6m28s
368850K .......... .......... .......... .......... .......... 79%  316K 6m28s
368900K .......... .......... .......... .......... .......... 79%  164K 6m27s
368950K .......... .......... .......... .......... .......... 79% 1.15M 6m27s
369000K .......... .......... .......... .......... .......... 79%  265K 6m27s
369050K .......... .......... .......... .......... .......... 79%  310K 6m27s
369100K .......... .......... .......... .......... .......... 79%  165K 6m27s
369150K .......... .......... .......... .......... .......... 79%  590K 6m26s
369200K .......... .......... .......... .......... .......... 79%  216K 6m26s
369250K .......... .......... .......... .......... .......... 79%  216K 6m26s
369300K .......... .......... .......... .......... .......... 79%  190K 6m26s
369350K .......... .......... .......... .......... .......... 79%  251K 6m26s
369400K .......... .......... .......... .......... .......... 80%  189K 6m25s
369450K .......... .......... .......... .......... .......... 80%  216K 6m25s
369500K .......... .......... .......... .......... .......... 80%  216K 6m25s
369550K .......... .......... .......... .......... .......... 80%  216K 6m25s
369600K .......... .......... .......... .......... .......... 80%  247K 6m25s
369650K .......... .......... .......... .......... .......... 80%  144K 6m24s
369700K .......... .......... .......... .......... .......... 80%  118K 6m24s
369750K .......... .......... .......... .......... .......... 80%  433K 6m24s
369800K .......... .......... .......... .......... .......... 80%  129K 6m24s
369850K .......... .......... .......... .......... .......... 80%  144K 6m24s
369900K .......... .......... .......... .......... .......... 80%  144K 6m23s
369950K .......... .......... .......... .......... .......... 80%  159K 6m23s
370000K .......... .......... .......... .......... .......... 80%  189K 6m23s
370050K .......... .......... .......... .......... .......... 80%  144K 6m23s
370100K .......... .......... .......... .......... .......... 80%  216K 6m23s
370150K .......... .......... .......... .......... .......... 80%  251K 6m23s
370200K .......... .......... .......... .......... .......... 80%  215K 6m22s
370250K .......... .......... .......... .......... .......... 80%  161K 6m22s
370300K .......... .......... .......... .......... .......... 80%  216K 6m22s
370350K .......... .......... .......... .......... .......... 80%  216K 6m22s
370400K .......... .......... .......... .......... .......... 80%  249K 6m21s
370450K .......... .......... .......... .......... .......... 80%  191K 6m21s
370500K .......... .......... .......... .......... .......... 80%  160K 6m21s
370550K .......... .......... .......... .......... .......... 80%  330K 6m21s
370600K .......... .......... .......... .......... .......... 80%  216K 6m21s
370650K .......... .......... .......... .......... .......... 80%  216K 6m20s
370700K .......... .......... .......... .......... .......... 80%  216K 6m20s
370750K .......... .......... .......... .......... .......... 80%  215K 6m20s
370800K .......... .......... .......... .......... .......... 80%  216K 6m20s
370850K .......... .......... .......... .......... .......... 80%  216K 6m20s
370900K .......... .......... .......... .......... .......... 80%  254K 6m19s
370950K .......... .......... .......... .......... .......... 80%  328K 6m19s
371000K .......... .......... .......... .......... .......... 80%  216K 6m19s
371050K .......... .......... .......... .......... .......... 80%  431K 6m19s
371100K .......... .......... .......... .......... .......... 80%  216K 6m19s
371150K .......... .......... .......... .......... .......... 80%  432K 6m18s
371200K .......... .......... .......... .......... .......... 80%  216K 6m18s
371250K .......... .......... .......... .......... .......... 80%  321K 6m18s
371300K .......... .......... .......... .......... .......... 80%  322K 6m18s
371350K .......... .......... .......... .......... .......... 80%  328K 6m18s
371400K .......... .......... .......... .......... .......... 80%  432K 6m17s
371450K .......... .......... .......... .......... .......... 80%  322K 6m17s
371500K .......... .......... .......... .......... .......... 80%  322K 6m17s
371550K .......... .......... .......... .......... .......... 80%  329K 6m17s
371600K .......... .......... .......... .......... .......... 80%  255K 6m16s
371650K .......... .......... .......... .......... .......... 80%  329K 6m16s
371700K .......... .......... .......... .......... .......... 80%  257K 6m16s
371750K .......... .......... .......... .......... .......... 80%  330K 6m16s
371800K .......... .......... .......... .......... .......... 80%  320K 6m16s
371850K .......... .......... .......... .......... .......... 80%  431K 6m15s
371900K .......... .......... .......... .......... .......... 80%  321K 6m15s
371950K .......... .......... .......... .......... .......... 80%  261K 6m15s
372000K .......... .......... .......... .......... .......... 80%  430K 6m15s
372050K .......... .......... .......... .......... .......... 80%  317K 6m14s
372100K .......... .......... .......... .......... .......... 80%  432K 6m14s
372150K .......... .......... .......... .......... .......... 80%  329K 6m14s
372200K .......... .......... .......... .......... .......... 80%  432K 6m14s
372250K .......... .......... .......... .......... .......... 80% 69.4K 6m14s
372300K .......... .......... .......... .......... .......... 80%  319K 6m13s
372350K .......... .......... .......... .......... .......... 80%  263K 6m13s
372400K .......... .......... .......... .......... .......... 80%  427K 6m13s
372450K .......... .......... .......... .......... .......... 80%  432K 6m13s
372500K .......... .......... .......... .......... .......... 80%  216K 6m13s
372550K .......... .......... .......... .......... .......... 80%  432K 6m12s
372600K .......... .......... .......... .......... .......... 80%  216K 6m12s
372650K .......... .......... .......... .......... .......... 80%  432K 6m12s
372700K .......... .......... .......... .......... .......... 80%  318K 6m12s
372750K .......... .......... .......... .......... .......... 80%  266K 6m11s
372800K .......... .......... .......... .......... .......... 80%  425K 6m11s
372850K .......... .......... .......... .......... .......... 80%  432K 6m11s
372900K .......... .......... .......... .......... .......... 80%  431K 6m11s
372950K .......... .......... .......... .......... .......... 80%  317K 6m11s
373000K .......... .......... .......... .......... .......... 80%  316K 6m10s
373050K .......... .......... .......... .......... .......... 80%  344K 6m10s
373100K .......... .......... .......... .......... .......... 80%  425K 6m10s
373150K .......... .......... .......... .......... .......... 80%  432K 6m10s
373200K .......... .......... .......... .......... .......... 80%  216K 6m9s
373250K .......... .......... .......... .......... .......... 80%  317K 6m9s
373300K .......... .......... .......... .......... .......... 80%  264K 6m9s
373350K .......... .......... .......... .......... .......... 80%  319K 6m9s
373400K .......... .......... .......... .......... .......... 80%  317K 6m9s
373450K .......... .......... .......... .......... .......... 80%  261K 6m8s
373500K .......... .......... .......... .......... .......... 80%  265K 6m8s
373550K .......... .......... .......... .......... .......... 80%  217K 6m8s
373600K .......... .......... .......... .......... .......... 80%  214K 6m8s
373650K .......... .......... .......... .......... .......... 80%  182K 6m8s
373700K .......... .......... .......... .......... .......... 80%  216K 6m7s
373750K .......... .......... .......... .......... .......... 80%  216K 6m7s
373800K .......... .......... .......... .......... .......... 80%  216K 6m7s
373850K .......... .......... .......... .......... .......... 80%  215K 6m7s
373900K .......... .......... .......... .......... .......... 80%  261K 6m6s
373950K .......... .......... .......... .......... .......... 80%  182K 6m6s
374000K .......... .......... .......... .......... .......... 81%  314K 6m6s
374050K .......... .......... .......... .......... .......... 81%  266K 6m6s
374100K .......... .......... .......... .......... .......... 81%  315K 6m6s
374150K .......... .......... .......... .......... .......... 81%  265K 6m5s
374200K .......... .......... .......... .......... .......... 81%  316K 6m5s
374250K .......... .......... .......... .......... .......... 81%  431K 6m5s
374300K .......... .......... .......... .......... .......... 81%  265K 6m5s
374350K .......... .......... .......... .......... .......... 81%  267K 6m5s
374400K .......... .......... .......... .......... .......... 81%  313K 6m4s
374450K .......... .......... .......... .......... .......... 81%  431K 6m4s
374500K .......... .......... .......... .......... .......... 81%  315K 6m4s
374550K .......... .......... .......... .......... .......... 81%  432K 6m4s
374600K .......... .......... .......... .......... .......... 81%  432K 6m3s
374650K .......... .......... .......... .......... .......... 81%  347K 6m3s
374700K .......... .......... .......... .......... .......... 81%  314K 6m3s
374750K .......... .......... .......... .......... .......... 81%  315K 6m3s
374800K .......... .......... .......... .......... .......... 81%  432K 6m3s
374850K .......... .......... .......... .......... .......... 81%  432K 6m2s
374900K .......... .......... .......... .......... .......... 81%  265K 6m2s
374950K .......... .......... .......... .......... .......... 81%  432K 6m2s
375000K .......... .......... .......... .......... .......... 81%  432K 6m2s
375050K .......... .......... .......... .......... .......... 81%  318K 6m1s
375100K .......... .......... .......... .......... .......... 81%  264K 6m1s
375150K .......... .......... .......... .......... .......... 81%  432K 6m1s
375200K .......... .......... .......... .......... .......... 81%  319K 6m1s
375250K .......... .......... .......... .......... .......... 81%  423K 6m0s
375300K .......... .......... .......... .......... .......... 81%  320K 6m0s
375350K .......... .......... .......... .......... .......... 81%  341K 6m0s
375400K .......... .......... .......... .......... .......... 81%  432K 6m0s
375450K .......... .......... .......... .......... .......... 81%  432K 6m0s
375500K .......... .......... .......... .......... .......... 81%  424K 5m59s
375550K .......... .......... .......... .......... .......... 81%  432K 5m59s
375600K .......... .......... .......... .......... .......... 81%  325K 5m59s
375650K .......... .......... .......... .......... .......... 81%  260K 5m59s
375700K .......... .......... .......... .......... .......... 81%  437K 5m58s
375750K .......... .......... .......... .......... .......... 81%  317K 5m58s
375800K .......... .......... .......... .......... .......... 81%  422K 5m58s
375850K .......... .......... .......... .......... .......... 81%  218K 5m58s
375900K .......... .......... .......... .......... .......... 81%  424K 5m58s
375950K .......... .......... .......... .......... .......... 81%  320K 5m57s
376000K .......... .......... .......... .......... .......... 81%  432K 5m57s
376050K .......... .......... .......... .......... .......... 81%  429K 5m57s
376100K .......... .......... .......... .......... .......... 81%  432K 5m57s
376150K .......... .......... .......... .......... .......... 81%  216K 5m56s
376200K .......... .......... .......... .......... .......... 81%  432K 5m56s
376250K .......... .......... .......... .......... .......... 81%  211K 5m56s
376300K .......... .......... .......... .......... .......... 81%  408K 5m56s
376350K .......... .......... .......... .......... .......... 81%  279K 5m56s
376400K .......... .......... .......... .......... .......... 81%  297K 5m55s
376450K .......... .......... .......... .......... .......... 81%  420K 5m55s
376500K .......... .......... .......... .......... .......... 81%  363K 5m55s
376550K .......... .......... .......... .......... .......... 81%  326K 5m55s
376600K .......... .......... .......... .......... .......... 81%  432K 5m54s
376650K .......... .......... .......... .......... .......... 81%  216K 5m54s
376700K .......... .......... .......... .......... .......... 81%  289K 5m54s
376750K .......... .......... .......... .......... .......... 81%  446K 5m54s
376800K .......... .......... .......... .......... .......... 81%  280K 5m54s
376850K .......... .......... .......... .......... .......... 81%  297K 5m53s
376900K .......... .......... .......... .......... .......... 81%  355K 5m53s
376950K .......... .......... .......... .......... .......... 81%  326K 5m53s
377000K .......... .......... .......... .......... .......... 81%  258K 5m53s
377050K .......... .......... .......... .......... .......... 81%  325K 5m53s
377100K .......... .......... .......... .......... .......... 81%  318K 5m52s
377150K .......... .......... .......... .......... .......... 81%  394K 5m52s
377200K .......... .......... .......... .......... .......... 81%  419K 5m52s
377250K .......... .......... .......... .......... .......... 81%  364K 5m52s
377300K .......... .......... .......... .......... .......... 81%  216K 5m51s
377350K .......... .......... .......... .......... .......... 81%  538K 5m51s
377400K .......... .......... .......... .......... .......... 81%  215K 5m51s
377450K .......... .......... .......... .......... .......... 81%  356K 5m51s
377500K .......... .......... .......... .......... .......... 81%  241K 5m51s
377550K .......... .......... .......... .......... .......... 81%  424K 5m50s
377600K .......... .......... .......... .......... .......... 81%  231K 5m50s
377650K .......... .......... .......... .......... .......... 81%  326K 5m50s
377700K .......... .......... .......... .......... .......... 81%  257K 5m50s
377750K .......... .......... .......... .......... .......... 81%  258K 5m49s
377800K .......... .......... .......... .......... .......... 81%  186K 5m49s
377850K .......... .......... .......... .......... .......... 81%  382K 5m49s
377900K .......... .......... .......... .......... .......... 81%  230K 5m49s
377950K .......... .......... .......... .......... .......... 81%  216K 5m49s
378000K .......... .......... .......... .......... .......... 81%  185K 5m48s
378050K .......... .......... .......... .......... .......... 81%  154K 5m48s
378100K .......... .......... .......... .......... .......... 81%  195K 5m48s
378150K .......... .......... .......... .......... .......... 81%  144K 5m48s
378200K .......... .......... .......... .......... .......... 81%  216K 5m48s
378250K .......... .......... .......... .......... .......... 81%  216K 5m47s
378300K .......... .......... .......... .......... .......... 81%  240K 5m47s
378350K .......... .......... .......... .......... .......... 81%  281K 5m47s
378400K .......... .......... .......... .......... .......... 81%  258K 5m47s
378450K .......... .......... .......... .......... .......... 81%  186K 5m47s
378500K .......... .......... .......... .......... .......... 81%  258K 5m46s
378550K .......... .......... .......... .......... .......... 81%  325K 5m46s
378600K .......... .......... .......... .......... .......... 81%  296K 5m46s
378650K .......... .......... .......... .......... .......... 82%  280K 5m46s
378700K .......... .......... .......... .......... .......... 82%  432K 5m46s
378750K .......... .......... .......... .......... .......... 82%  259K 5m45s
378800K .......... .......... .......... .......... .......... 82%  325K 5m45s
378850K .......... .......... .......... .......... .......... 82%  296K 5m45s
378900K .......... .......... .......... .......... .......... 82%  281K 5m45s
378950K .......... .......... .......... .......... .......... 82%  429K 5m44s
379000K .......... .......... .......... .......... .......... 82%  429K 5m44s
379050K .......... .......... .......... .......... .......... 82%  432K 5m44s
379100K .......... .......... .......... .......... .......... 82%  432K 5m44s
379150K .......... .......... .......... .......... .......... 82%  303K 5m44s
379200K .......... .......... .......... .......... .......... 82%  272K 5m43s
379250K .......... .......... .......... .......... .......... 82%  432K 5m43s
379300K .......... .......... .......... .......... .......... 82%  215K 5m43s
379350K .......... .......... .......... .......... .......... 82%  131M 5m43s
379400K .......... .......... .......... .......... .......... 82%  302K 5m42s
379450K .......... .......... .......... .......... .......... 82%  276K 5m42s
379500K .......... .......... .......... .......... .......... 82%  429K 5m42s
379550K .......... .......... .......... .......... .......... 82%  303K 5m42s
379600K .......... .......... .......... .......... .......... 82%  276K 5m42s
379650K .......... .......... .......... .......... .......... 82%  431K 5m41s
379700K .......... .......... .......... .......... .......... 82%  319K 5m41s
379750K .......... .......... .......... .......... .......... 82%  432K 5m41s
379800K .......... .......... .......... .......... .......... 82%  403K 5m41s
379850K .......... .......... .......... .......... .......... 82%  432K 5m40s
379900K .......... .......... .......... .......... .......... 82%  352K 5m40s
379950K .......... .......... .......... .......... .......... 82%  432K 5m40s
380000K .......... .......... .......... .......... .......... 82%  324K 5m40s
380050K .......... .......... .......... .......... .......... 82%  432K 5m40s
380100K .......... .......... .......... .......... .......... 82%  432K 5m39s
380150K .......... .......... .......... .......... .......... 82%  259K 5m39s
380200K .......... .......... .......... .......... .......... 82%  619K 5m39s
380250K .......... .......... .......... .......... .......... 82%  263K 5m39s
380300K .......... .......... .......... .......... .......... 82%  431K 5m38s
380350K .......... .......... .......... .......... .......... 82%  216K 5m38s
380400K .......... .......... .......... .......... .......... 82%  431K 5m38s
380450K .......... .......... .......... .......... .......... 82%  322K 5m38s
380500K .......... .......... .......... .......... .......... 82%  431K 5m38s
380550K .......... .......... .......... .......... .......... 82%  432K 5m37s
380600K .......... .......... .......... .......... .......... 82%  427K 5m37s
380650K .......... .......... .......... .......... .......... 82%  432K 5m37s
380700K .......... .......... .......... .......... .......... 82%  432K 5m37s
380750K .......... .......... .......... .......... .......... 82%  263K 5m36s
380800K .......... .......... .......... .......... .......... 82%  432K 5m36s
380850K .......... .......... .......... .......... .......... 82%  258K 5m36s
380900K .......... .......... .......... .......... .......... 82%  639K 5m36s
380950K .......... .......... .......... .......... .......... 82%  327K 5m36s
381000K .......... .......... .......... .......... .......... 82%  258K 5m35s
381050K .......... .......... .......... .......... .......... 82%  432K 5m35s
381100K .......... .......... .......... .......... .......... 82%  261K 5m35s
381150K .......... .......... .......... .......... .......... 82%  322K 5m35s
381200K .......... .......... .......... .......... .......... 82%  432K 5m34s
381250K .......... .......... .......... .......... .......... 82%  431K 5m34s
381300K .......... .......... .......... .......... .......... 82%  432K 5m34s
381350K .......... .......... .......... .......... .......... 82%  432K 5m34s
381400K .......... .......... .......... .......... .......... 82%  216K 5m34s
381450K .......... .......... .......... .......... .......... 82%  659K 5m33s
381500K .......... .......... .......... .......... .......... 82%  216K 5m33s
381550K .......... .......... .......... .......... .......... 82%  318K 5m33s
381600K .......... .......... .......... .......... .......... 82%  216K 5m33s
381650K .......... .......... .......... .......... .......... 82%  184K 5m33s
381700K .......... .......... .......... .......... .......... 82%  187K 5m32s
381750K .......... .......... .......... .......... .......... 82%  216K 5m32s
381800K .......... .......... .......... .......... .......... 82%  184K 5m32s
381850K .......... .......... .......... .......... .......... 82%  216K 5m32s
381900K .......... .......... .......... .......... .......... 82%  163K 5m32s
381950K .......... .......... .......... .......... .......... 82%  255K 5m31s
382000K .......... .......... .......... .......... .......... 82%  261K 5m31s
382050K .......... .......... .......... .......... .......... 82%  262K 5m31s
382100K .......... .......... .......... .......... .......... 82%  255K 5m31s
382150K .......... .......... .......... .......... .......... 82%  330K 5m30s
382200K .......... .......... .......... .......... .......... 82%  256K 5m30s
382250K .......... .......... .......... .......... .......... 82%  260K 5m30s
382300K .......... .......... .......... .......... .......... 82%  190K 5m30s
382350K .......... .......... .......... .......... .......... 82%  433K 5m30s
382400K .......... .......... .......... .......... .......... 82%  248K 5m29s
382450K .......... .......... .......... .......... .......... 82%  261K 5m29s
382500K .......... .......... .......... .......... .......... 82%  258K 5m29s
382550K .......... .......... .......... .......... .......... 82%  326K 5m29s
382600K .......... .......... .......... .......... .......... 82%  321K 5m29s
382650K .......... .......... .......... .......... .......... 82%  216K 5m28s
382700K .......... .......... .......... .......... .......... 82%  322K 5m28s
382750K .......... .......... .......... .......... .......... 82%  330K 5m28s
382800K .......... .......... .......... .......... .......... 82%  255K 5m28s
382850K .......... .......... .......... .......... .......... 82%  260K 5m28s
382900K .......... .......... .......... .......... .......... 82%  262K 5m27s
382950K .......... .......... .......... .......... .......... 82%  320K 5m27s
383000K .......... .......... .......... .......... .......... 82%  262K 5m27s
383050K .......... .......... .......... .......... .......... 82%  216K 5m27s
383100K .......... .......... .......... .......... .......... 82%  321K 5m26s
383150K .......... .......... .......... .......... .......... 82%  324K 5m26s
383200K .......... .......... .......... .......... .......... 82%  328K 5m26s
383250K .......... .......... .......... .......... .......... 83%  320K 5m26s
383300K .......... .......... .......... .......... .......... 83%  323K 5m26s
383350K .......... .......... .......... .......... .......... 83%  260K 5m25s
383400K .......... .......... .......... .......... .......... 83%  214K 5m25s
383450K .......... .......... .......... .......... .......... 83%  323K 5m25s
383500K .......... .......... .......... .......... .......... 83%  259K 5m25s
383550K .......... .......... .......... .......... .......... 83%  217K 5m25s
383600K .......... .......... .......... .......... .......... 83%  430K 5m24s
383650K .......... .......... .......... .......... .......... 83%  323K 5m24s
383700K .......... .......... .......... .......... .......... 83%  260K 5m24s
383750K .......... .......... .......... .......... .......... 83%  432K 5m24s
383800K .......... .......... .......... .......... .......... 83%  216K 5m23s
383850K .......... .......... .......... .......... .......... 83%  323K 5m23s
383900K .......... .......... .......... .......... .......... 83%  261K 5m23s
383950K .......... .......... .......... .......... .......... 83%  429K 5m23s
384000K .......... .......... .......... .......... .......... 83%  323K 5m23s
384050K .......... .......... .......... .......... .......... 83%  261K 5m22s
384100K .......... .......... .......... .......... .......... 83%  430K 5m22s
384150K .......... .......... .......... .......... .......... 83%  324K 5m22s
384200K .......... .......... .......... .......... .......... 83%  162K 5m22s
384250K .......... .......... .......... .......... .......... 83%  430K 5m22s
384300K .......... .......... .......... .......... .......... 83%  216K 5m21s
384350K .......... .......... .......... .......... .......... 83%  431K 5m21s
384400K .......... .......... .......... .......... .......... 83%  322K 5m21s
384450K .......... .......... .......... .......... .......... 83%  261K 5m21s
384500K .......... .......... .......... .......... .......... 83%  431K 5m20s
384550K .......... .......... .......... .......... .......... 83%  216K 5m20s
384600K .......... .......... .......... .......... .......... 83%  431K 5m20s
384650K .......... .......... .......... .......... .......... 83%  431K 5m20s
384700K .......... .......... .......... .......... .......... 83%  322K 5m20s
384750K .......... .......... .......... .......... .......... 83%  261K 5m19s
384800K .......... .......... .......... .......... .......... 83%  432K 5m19s
384850K .......... .......... .......... .......... .......... 83%  430K 5m19s
384900K .......... .......... .......... .......... .......... 83%  323K 5m19s
384950K .......... .......... .......... .......... .......... 83%  260K 5m18s
385000K .......... .......... .......... .......... .......... 83%  432K 5m18s
385050K .......... .......... .......... .......... .......... 83%  432K 5m18s
385100K .......... .......... .......... .......... .......... 83%  323K 5m18s
385150K .......... .......... .......... .......... .......... 83%  432K 5m18s
385200K .......... .......... .......... .......... .......... 83%  432K 5m17s
385250K .......... .......... .......... .......... .......... 83%  317K 5m17s
385300K .......... .......... .......... .......... .......... 83%  335K 5m17s
385350K .......... .......... .......... .......... .......... 83%  431K 5m17s
385400K .......... .......... .......... .......... .......... 83%  432K 5m16s
385450K .......... .......... .......... .......... .......... 83%  431K 5m16s
385500K .......... .......... .......... .......... .......... 83%  432K 5m16s
385550K .......... .......... .......... .......... .......... 83%  432K 5m16s
385600K .......... .......... .......... .......... .......... 83%  434K 5m16s
385650K .......... .......... .......... .......... .......... 83%  609K 5m15s
385700K .......... .......... .......... .......... .......... 83%  333K 5m15s
385750K .......... .......... .......... .......... .......... 83%  433K 5m15s
385800K .......... .......... .......... .......... .......... 83%  613K 5m15s
385850K .......... .......... .......... .......... .......... 83%  438K 5m14s
385900K .......... .......... .......... .......... .......... 83%  653K 5m14s
385950K .......... .......... .......... .......... .......... 83%  433K 5m14s
386000K .......... .......... .......... .......... .......... 83%  661K 5m14s
386050K .......... .......... .......... .......... .......... 83%  217K 5m14s
386100K .......... .......... .......... .......... .......... 83% 1.17M 5m13s
386150K .......... .......... .......... .......... .......... 83%  432K 5m13s
386200K .......... .......... .......... .......... .......... 83%  323K 5m13s
386250K .......... .......... .......... .......... .......... 83%  432K 5m13s
386300K .......... .......... .......... .......... .......... 83%  432K 5m12s
386350K .......... .......... .......... .......... .......... 83%  328K 5m12s
386400K .......... .......... .......... .......... .......... 83%  434K 5m12s
386450K .......... .......... .......... .......... .......... 83%  251K 5m12s
386500K .......... .......... .......... .......... .......... 83%  276K 5m12s
386550K .......... .......... .......... .......... .......... 83%  251K 5m11s
386600K .......... .......... .......... .......... .......... 83%  216K 5m11s
386650K .......... .......... .......... .......... .......... 83%  254K 5m11s
386700K .......... .......... .......... .......... .......... 83%  333K 5m11s
386750K .......... .......... .......... .......... .......... 83%  158K 5m11s
386800K .......... .......... .......... .......... .......... 83%  333K 5m10s
386850K .......... .......... .......... .......... .......... 83%  108K 5m10s
386900K .......... .......... .......... .......... .......... 83%  144K 5m10s
386950K .......... .......... .......... .......... .......... 83%  144K 5m10s
387000K .......... .......... .......... .......... .......... 83%  215K 5m10s
387050K .......... .......... .......... .......... .......... 83%  184K 5m9s
387100K .......... .......... .......... .......... .......... 83%  215K 5m9s
387150K .......... .......... .......... .......... .......... 83%  184K 5m9s
387200K .......... .......... .......... .......... .......... 83%  163K 5m9s
387250K .......... .......... .......... .......... .......... 83%  144K 5m9s
387300K .......... .......... .......... .......... .......... 83%  216K 5m8s
387350K .......... .......... .......... .......... .......... 83%  216K 5m8s
387400K .......... .......... .......... .......... .......... 83%  216K 5m8s
387450K .......... .......... .......... .......... .......... 83%  215K 5m8s
387500K .......... .......... .......... .......... .......... 83%  216K 5m8s
387550K .......... .......... .......... .......... .......... 83%  216K 5m7s
387600K .......... .......... .......... .......... .......... 83%  216K 5m7s
387650K .......... .......... .......... .......... .......... 83%  321K 5m7s
387700K .......... .......... .......... .......... .......... 83%  261K 5m7s
387750K .......... .......... .......... .......... .......... 83%  217K 5m7s
387800K .......... .......... .......... .......... .......... 83%  429K 5m6s
387850K .......... .......... .......... .......... .......... 84%  321K 5m6s
387900K .......... .......... .......... .......... .......... 84%  262K 5m6s
387950K .......... .......... .......... .......... .......... 84%  431K 5m6s
388000K .......... .......... .......... .......... .......... 84%  216K 5m5s
388050K .......... .......... .......... .......... .......... 84%  432K 5m5s
388100K .......... .......... .......... .......... .......... 84%  321K 5m5s
388150K .......... .......... .......... .......... .......... 84%  320K 5m5s
388200K .......... .......... .......... .......... .......... 84%  333K 5m5s
388250K .......... .......... .......... .......... .......... 84%  431K 5m4s
388300K .......... .......... .......... .......... .......... 84%  432K 5m4s
388350K .......... .......... .......... .......... .......... 84%  321K 5m4s
388400K .......... .......... .......... .......... .......... 84%  319K 5m4s
388450K .......... .......... .......... .......... .......... 84%  430K 5m4s
388500K .......... .......... .......... .......... .......... 84%  426K 5m3s
388550K .......... .......... .......... .......... .......... 84%  432K 5m3s
388600K .......... .......... .......... .......... .......... 84%  432K 5m3s
388650K .......... .......... .......... .......... .......... 84%  432K 5m3s
388700K .......... .......... .......... .......... .......... 84%  332K 5m2s
388750K .......... .......... .......... .......... .......... 84%  317K 5m2s
388800K .......... .......... .......... .......... .......... 84%  265K 5m2s
388850K .......... .......... .......... .......... .......... 84%  431K 5m2s
388900K .......... .......... .......... .......... .......... 84%  429K 5m2s
388950K .......... .......... .......... .......... .......... 84%  318K 5m1s
389000K .......... .......... .......... .......... .......... 84%  323K 5m1s
389050K .......... .......... .......... .......... .......... 84%  432K 5m1s
389100K .......... .......... .......... .......... .......... 84%  432K 5m1s
389150K .......... .......... .......... .......... .......... 84%  333K 5m0s
389200K .......... .......... .......... .......... .......... 84%  432K 5m0s
389250K .......... .......... .......... .......... .......... 84%  432K 5m0s
389300K .......... .......... .......... .......... .......... 84%  432K 5m0s
389350K .......... .......... .......... .......... .......... 84%  432K 5m0s
389400K .......... .......... .......... .......... .......... 84%  433K 4m59s
389450K .......... .......... .......... .......... .......... 84%  432K 4m59s
389500K .......... .......... .......... .......... .......... 84%  252K 4m59s
389550K .......... .......... .......... .......... .......... 84%  329K 4m59s
389600K .......... .......... .......... .......... .......... 84%  321K 4m58s
389650K .......... .......... .......... .......... .......... 84%  323K 4m58s
389700K .......... .......... .......... .......... .......... 84%  431K 4m58s
389750K .......... .......... .......... .......... .......... 84%  323K 4m58s
389800K .......... .......... .......... .......... .......... 84%  432K 4m58s
389850K .......... .......... .......... .......... .......... 84%  431K 4m57s
389900K .......... .......... .......... .......... .......... 84%  313K 4m57s
389950K .......... .......... .......... .......... .......... 84%  338K 4m57s
390000K .......... .......... .......... .......... .......... 84%  432K 4m57s
390050K .......... .......... .......... .......... .......... 84%  432K 4m56s
390100K .......... .......... .......... .......... .......... 84%  431K 4m56s
390150K .......... .......... .......... .......... .......... 84%  433K 4m56s
390200K .......... .......... .......... .......... .......... 84%  432K 4m56s
390250K .......... .......... .......... .......... .......... 84%  433K 4m56s
390300K .......... .......... .......... .......... .......... 84%  324K 4m55s
390350K .......... .......... .......... .......... .......... 84%  432K 4m55s
390400K .......... .......... .......... .......... .......... 84%  432K 4m55s
390450K .......... .......... .......... .......... .......... 84%  432K 4m55s
390500K .......... .......... .......... .......... .......... 84%  432K 4m54s
390550K .......... .......... .......... .......... .......... 84%  433K 4m54s
390600K .......... .......... .......... .......... .......... 84%  642K 4m54s
390650K .......... .......... .......... .......... .......... 84%  324K 4m54s
390700K .......... .......... .......... .......... .......... 84%  429K 4m54s
390750K .......... .......... .......... .......... .......... 84%  433K 4m53s
390800K .......... .......... .......... .......... .......... 84%  434K 4m53s
390850K .......... .......... .......... .......... .......... 84%  433K 4m53s
390900K .......... .......... .......... .......... .......... 84%  629K 4m53s
390950K .......... .......... .......... .......... .......... 84%  610K 4m52s
391000K .......... .......... .......... .......... .......... 84%  452K 4m52s
391050K .......... .......... .......... .......... .......... 84%  414K 4m52s
391100K .......... .......... .......... .......... .......... 84%  434K 4m52s
391150K .......... .......... .......... .......... .......... 84%  688K 4m52s
391200K .......... .......... .......... .......... .......... 84%  437K 4m51s
391250K .......... .......... .......... .......... .......... 84%  434K 4m51s
391300K .......... .......... .......... .......... .......... 84%  634K 4m51s
391350K .......... .......... .......... .......... .......... 84%  607K 4m51s
391400K .......... .......... .......... .......... .......... 84%  432K 4m50s
391450K .......... .......... .......... .......... .......... 84%  452K 4m50s
391500K .......... .......... .......... .......... .......... 84%  651K 4m50s
391550K .......... .......... .......... .......... .......... 84%  258K 4m50s
391600K .......... .......... .......... .......... .......... 84% 1.30M 4m49s
391650K .......... .......... .......... .......... .......... 84%  427K 4m49s
391700K .......... .......... .......... .......... .......... 84%  432K 4m49s
391750K .......... .......... .......... .......... .......... 84%  432K 4m49s
391800K .......... .......... .......... .......... .......... 84%  323K 4m49s
391850K .......... .......... .......... .......... .......... 84%  433K 4m48s
391900K .......... .......... .......... .......... .......... 84%  648K 4m48s
391950K .......... .......... .......... .......... .......... 84%  432K 4m48s
392000K .......... .......... .......... .......... .......... 84%  654K 4m48s
392050K .......... .......... .......... .......... .......... 84%  432K 4m47s
392100K .......... .......... .......... .......... .......... 84%  601K 4m47s
392150K .......... .......... .......... .......... .......... 84%  451K 4m47s
392200K .......... .......... .......... .......... .......... 84%  430K 4m47s
392250K .......... .......... .......... .......... .......... 84%  434K 4m47s
392300K .......... .......... .......... .......... .......... 84%  637K 4m46s
392350K .......... .......... .......... .......... .......... 84%  324K 4m46s
392400K .......... .......... .......... .......... .......... 84%  632K 4m46s
392450K .......... .......... .......... .......... .......... 84%  215K 4m46s
392500K .......... .......... .......... .......... .......... 85% 1.14M 4m45s
392550K .......... .......... .......... .......... .......... 85%  150K 4m45s
392600K .......... .......... .......... .......... .......... 85%  208K 4m45s
392650K .......... .......... .......... .......... .......... 85%  211K 4m45s
392700K .......... .......... .......... .......... .......... 85%  216K 4m45s
392750K .......... .......... .......... .......... .......... 85%  216K 4m44s
392800K .......... .......... .......... .......... .......... 85%  222K 4m44s
392850K .......... .......... .......... .......... .......... 85%  307K 4m44s
392900K .......... .......... .......... .......... .......... 85%  217K 4m44s
392950K .......... .......... .......... .......... .......... 85%  144K 4m44s
393000K .......... .......... .......... .......... .......... 85%  214K 4m43s
393050K .......... .......... .......... .......... .......... 85%  218K 4m43s
393100K .......... .......... .......... .......... .......... 85%  222K 4m43s
393150K .......... .......... .......... .......... .......... 85%  177K 4m43s
393200K .......... .......... .......... .......... .......... 85%  192K 4m43s
393250K .......... .......... .......... .......... .......... 85%  157K 4m43s
393300K .......... .......... .......... .......... .......... 85%  164K 4m42s
393350K .......... .......... .......... .......... .......... 85%  144K 4m42s
393400K .......... .......... .......... .......... .......... 85%  216K 4m42s
393450K .......... .......... .......... .......... .......... 85%  183K 4m42s
393500K .......... .......... .......... .......... .......... 85%  191K 4m42s
393550K .......... .......... .......... .......... .......... 85%  247K 4m41s
393600K .......... .......... .......... .......... .......... 85%  216K 4m41s
393650K .......... .......... .......... .......... .......... 85%  264K 4m41s
393700K .......... .......... .......... .......... .......... 85%  183K 4m41s
393750K .......... .......... .......... .......... .......... 85%  265K 4m41s
393800K .......... .......... .......... .......... .......... 85%  267K 4m40s
393850K .......... .......... .......... .......... .......... 85%  313K 4m40s
393900K .......... .......... .......... .......... .......... 85%  266K 4m40s
393950K .......... .......... .......... .......... .......... 85%  410K 4m40s
394000K .......... .......... .......... .......... .......... 85%  255K 4m39s
394050K .......... .......... .......... .......... .......... 85%  333K 4m39s
394100K .......... .......... .......... .......... .......... 85%  222K 4m39s
394150K .......... .......... .......... .......... .......... 85%  410K 4m39s
394200K .......... .......... .......... .......... .......... 85%  430K 4m39s
394250K .......... .......... .......... .......... .......... 85%  256K 4m38s
394300K .......... .......... .......... .......... .......... 85%  431K 4m38s
394350K .......... .......... .......... .......... .......... 85%  346K 4m38s
394400K .......... .......... .......... .......... .......... 85%  430K 4m38s
394450K .......... .......... .......... .......... .......... 85%  412K 4m38s
394500K .......... .......... .......... .......... .......... 85%  255K 4m37s
394550K .......... .......... .......... .......... .......... 85%  432K 4m37s
394600K .......... .......... .......... .......... .......... 85%  432K 4m37s
394650K .......... .......... .......... .......... .......... 85%  216K 4m37s
394700K .......... .......... .......... .......... .......... 85% 1.62M 4m36s
394750K .......... .......... .......... .......... .......... 85%  308K 4m36s
394800K .......... .......... .......... .......... .......... 85%  321K 4m36s
394850K .......... .......... .......... .......... .......... 85%  261K 4m36s
394900K .......... .......... .......... .......... .......... 85%  320K 4m36s
394950K .......... .......... .......... .......... .......... 85%  192K 4m35s
395000K .......... .......... .......... .......... .......... 85%  245K 4m35s
395050K .......... .......... .......... .......... .......... 85%  162K 4m35s
395100K .......... .......... .......... .......... .......... 85%  215K 4m35s
395150K .......... .......... .......... .......... .......... 85%  216K 4m35s
395200K .......... .......... .......... .......... .......... 85%  216K 4m34s
395250K .......... .......... .......... .......... .......... 85%  182K 4m34s
395300K .......... .......... .......... .......... .......... 85%  265K 4m34s
395350K .......... .......... .......... .......... .......... 85%  252K 4m34s
395400K .......... .......... .......... .......... .......... 85%  260K 4m34s
395450K .......... .......... .......... .......... .......... 85%  322K 4m33s
395500K .......... .......... .......... .......... .......... 85%  260K 4m33s
395550K .......... .......... .......... .......... .......... 85%  322K 4m33s
395600K .......... .......... .......... .......... .......... 85%  216K 4m33s
395650K .......... .......... .......... .......... .......... 85%  337K 4m32s
395700K .......... .......... .......... .......... .......... 85%  314K 4m32s
395750K .......... .......... .......... .......... .......... 85%  431K 4m32s
395800K .......... .......... .......... .......... .......... 85%  267K 4m32s
395850K .......... .......... .......... .......... .......... 85%  432K 4m32s
395900K .......... .......... .......... .......... .......... 85%  317K 4m31s
395950K .......... .......... .......... .......... .......... 85%  427K 4m31s
396000K .......... .......... .......... .......... .......... 85%  264K 4m31s
396050K .......... .......... .......... .......... .......... 85%  425K 4m31s
396100K .......... .......... .......... .......... .......... 85%  425K 4m31s
396150K .......... .......... .......... .......... .......... 85%  419K 4m30s
396200K .......... .......... .......... .......... .......... 85%  323K 4m30s
396250K .......... .......... .......... .......... .......... 85%  431K 4m30s
396300K .......... .......... .......... .......... .......... 85%  422K 4m30s
396350K .......... .......... .......... .......... .......... 85%  443K 4m29s
396400K .......... .......... .......... .......... .......... 85%  316K 4m29s
396450K .......... .......... .......... .......... .......... 85%  432K 4m29s
396500K .......... .......... .......... .......... .......... 85%  432K 4m29s
396550K .......... .......... .......... .......... .......... 85%  432K 4m29s
396600K .......... .......... .......... .......... .......... 85%  432K 4m28s
396650K .......... .......... .......... .......... .......... 85%  686K 4m28s
396700K .......... .......... .......... .......... .......... 85%  432K 4m28s
396750K .......... .......... .......... .......... .......... 85%  315K 4m28s
396800K .......... .......... .......... .......... .......... 85%  691K 4m27s
396850K .......... .......... .......... .......... .......... 85%  650K 4m27s
396900K .......... .......... .......... .......... .......... 85%  433K 4m27s
396950K .......... .......... .......... .......... .......... 85%  433K 4m27s
397000K .......... .......... .......... .......... .......... 85%  606K 4m27s
397050K .......... .......... .......... .......... .......... 85% 1.45M 4m26s
397100K .......... .......... .......... .......... .......... 86%  434K 4m26s
397150K .......... .......... .......... .......... .......... 86%  432K 4m26s
397200K .......... .......... .......... .......... .......... 86% 1.24M 4m26s
397250K .......... .......... .......... .......... .......... 86%  653K 4m25s
397300K .......... .......... .......... .......... .......... 86%  607K 4m25s
397350K .......... .......... .......... .......... .......... 86% 1.46M 4m25s
397400K .......... .......... .......... .......... .......... 86%  321K 4m25s
397450K .......... .......... .......... .......... .......... 86%  653K 4m25s
397500K .......... .......... .......... .......... .......... 86% 1.30M 4m24s
397550K .......... .......... .......... .......... .......... 86%  335K 4m24s
397600K .......... .......... .......... .......... .......... 86%  588K 4m24s
397650K .......... .......... .......... .......... .......... 86%  320K 4m24s
397700K .......... .......... .......... .......... .......... 86%  329K 4m23s
397750K .......... .......... .......... .......... .......... 86%  432K 4m23s
397800K .......... .......... .......... .......... .......... 86%  432K 4m23s
397850K .......... .......... .......... .......... .......... 86%  432K 4m23s
397900K .......... .......... .......... .......... .......... 86%  432K 4m23s
397950K .......... .......... .......... .......... .......... 86%  432K 4m22s
398000K .......... .......... .......... .......... .......... 86%  432K 4m22s
398050K .......... .......... .......... .......... .......... 86%  432K 4m22s
398100K .......... .......... .......... .......... .......... 86%  433K 4m22s
398150K .......... .......... .......... .......... .......... 86%  323K 4m21s
398200K .......... .......... .......... .......... .......... 86%  645K 4m21s
398250K .......... .......... .......... .......... .......... 86%  432K 4m21s
398300K .......... .......... .......... .......... .......... 86%  216K 4m21s
398350K .......... .......... .......... .......... .......... 86%  431K 4m21s
398400K .......... .......... .......... .......... .......... 86%  432K 4m20s
398450K .......... .......... .......... .......... .......... 86%  432K 4m20s
398500K .......... .......... .......... .......... .......... 86%  215K 4m20s
398550K .......... .......... .......... .......... .......... 86%  624K 4m20s
398600K .......... .......... .......... .......... .......... 86%  331K 4m19s
398650K .......... .......... .......... .......... .......... 86%  216K 4m19s
398700K .......... .......... .......... .......... .......... 86%  253K 4m19s
398750K .......... .......... .......... .......... .......... 86%  264K 4m19s
398800K .......... .......... .......... .......... .......... 86%  256K 4m19s
398850K .......... .......... .......... .......... .......... 86%  217K 4m18s
398900K .......... .......... .......... .......... .......... 86%  325K 4m18s
398950K .......... .......... .......... .......... .......... 86%  257K 4m18s
399000K .......... .......... .......... .......... .......... 86%  257K 4m18s
399050K .......... .......... .......... .......... .......... 86%  166K 4m18s
399100K .......... .......... .......... .......... .......... 86%  308K 4m17s
399150K .......... .......... .......... .......... .......... 86%  187K 4m17s
399200K .......... .......... .......... .......... .......... 86%  186K 4m17s
399250K .......... .......... .......... .......... .......... 86%  161K 4m17s
399300K .......... .......... .......... .......... .......... 86%  216K 4m17s
399350K .......... .......... .......... .......... .......... 86%  186K 4m16s
399400K .......... .......... .......... .......... .......... 86%  215K 4m16s
399450K .......... .......... .......... .......... .......... 86%  162K 4m16s
399500K .......... .......... .......... .......... .......... 86%  254K 4m16s
399550K .......... .......... .......... .......... .......... 86%  265K 4m16s
399600K .......... .......... .......... .......... .......... 86%  217K 4m15s
399650K .......... .......... .......... .......... .......... 86%  312K 4m15s
399700K .......... .......... .......... .......... .......... 86%  263K 4m15s
399750K .......... .......... .......... .......... .......... 86%  319K 4m15s
399800K .......... .......... .......... .......... .......... 86%  260K 4m15s
399850K .......... .......... .......... .......... .......... 86%  262K 4m14s
399900K .......... .......... .......... .......... .......... 86%  319K 4m14s
399950K .......... .......... .......... .......... .......... 86%  432K 4m14s
400000K .......... .......... .......... .......... .......... 86%  263K 4m14s
400050K .......... .......... .......... .......... .......... 86%  432K 4m14s
400100K .......... .......... .......... .......... .......... 86%  319K 4m13s
400150K .......... .......... .......... .......... .......... 86%  325K 4m13s
400200K .......... .......... .......... .......... .......... 86%  329K 4m13s
400250K .......... .......... .......... .......... .......... 86%  432K 4m13s
400300K .......... .......... .......... .......... .......... 86%  264K 4m12s
400350K .......... .......... .......... .......... .......... 86%  316K 4m12s
400400K .......... .......... .......... .......... .......... 86%  319K 4m12s
400450K .......... .......... .......... .......... .......... 86%  263K 4m12s
400500K .......... .......... .......... .......... .......... 86%  324K 4m12s
400550K .......... .......... .......... .......... .......... 86%  322K 4m11s
400600K .......... .......... .......... .......... .......... 86%  327K 4m11s
400650K .......... .......... .......... .......... .......... 86%  319K 4m11s
400700K .......... .......... .......... .......... .......... 86%  327K 4m11s
400750K .......... .......... .......... .......... .......... 86%  432K 4m11s
400800K .......... .......... .......... .......... .......... 86%  431K 4m10s
400850K .......... .......... .......... .......... .......... 86%  430K 4m10s
400900K .......... .......... .......... .......... .......... 86%  329K 4m10s
400950K .......... .......... .......... .......... .......... 86%  254K 4m10s
401000K .......... .......... .......... .......... .......... 86%  250K 4m9s
401050K .......... .......... .......... .......... .......... 86%  319K 4m9s
401100K .......... .......... .......... .......... .......... 86%  191K 4m9s
401150K .......... .......... .......... .......... .......... 86%  249K 4m9s
401200K .......... .......... .......... .......... .......... 86%  219K 4m9s
401250K .......... .......... .......... .......... .......... 86%  161K 4m8s
401300K .......... .......... .......... .......... .......... 86%  184K 4m8s
401350K .......... .......... .......... .......... .......... 86% 92.9K 4m8s
401400K .......... .......... .......... .......... .......... 86%  144K 4m8s
401450K .......... .......... .......... .......... .......... 86%  165K 4m8s
401500K .......... .......... .......... .......... .......... 86%  181K 4m8s
401550K .......... .......... .......... .......... .......... 86%  132K 4m7s
401600K .......... .......... .......... .......... .......... 86%  139K 4m7s
401650K .......... .......... .......... .......... .......... 86%  163K 4m7s
401700K .......... .......... .......... .......... .......... 87%  129K 4m7s
401750K .......... .......... .......... .......... .......... 87%  108K 4m7s
401800K .......... .......... .......... .......... .......... 87%  163K 4m6s
401850K .......... .......... .......... .......... .......... 87%  216K 4m6s
401900K .......... .......... .......... .......... .......... 87%  184K 4m6s
401950K .......... .......... .......... .......... .......... 87%  192K 4m6s
402000K .......... .......... .......... .......... .......... 87%  247K 4m6s
402050K .......... .......... .......... .......... .......... 87%  216K 4m5s
402100K .......... .......... .......... .......... .......... 87%  216K 4m5s
402150K .......... .......... .......... .......... .......... 87%  216K 4m5s
402200K .......... .......... .......... .......... .......... 87%  183K 4m5s
402250K .......... .......... .......... .......... .......... 87%  216K 4m5s
402300K .......... .......... .......... .......... .......... 87%  262K 4m4s
402350K .......... .......... .......... .......... .......... 87%  261K 4m4s
402400K .......... .......... .......... .......... .......... 87%  218K 4m4s
402450K .......... .......... .......... .......... .......... 87%  318K 4m4s
402500K .......... .......... .......... .......... .......... 87%  216K 4m4s
402550K .......... .......... .......... .......... .......... 87%  261K 4m3s
402600K .......... .......... .......... .......... .......... 87%  320K 4m3s
402650K .......... .......... .......... .......... .......... 87%  217K 4m3s
402700K .......... .......... .......... .......... .......... 87%  428K 4m3s
402750K .......... .......... .......... .......... .......... 87%  265K 4m3s
402800K .......... .......... .......... .......... .......... 87%  318K 4m2s
402850K .......... .......... .......... .......... .......... 87%  216K 4m2s
402900K .......... .......... .......... .......... .......... 87%  429K 4m2s
402950K .......... .......... .......... .......... .......... 87%  223K 4m2s
403000K .......... .......... .......... .......... .......... 87%  403K 4m2s
403050K .......... .......... .......... .......... .......... 87%  216K 4m1s
403100K .......... .......... .......... .......... .......... 87%  318K 4m1s
403150K .......... .......... .......... .......... .......... 87%  266K 4m1s
403200K .......... .......... .......... .......... .......... 87%  311K 4m1s
403250K .......... .......... .......... .......... .......... 87%  163K 4m1s
403300K .......... .......... .......... .......... .......... 87%  216K 4m0s
403350K .......... .......... .......... .......... .......... 87%  261K 4m0s
403400K .......... .......... .......... .......... .......... 87%  321K 4m0s
403450K .......... .......... .......... .......... .......... 87%  216K 4m0s
403500K .......... .......... .......... .......... .......... 87%  261K 3m59s
403550K .......... .......... .......... .......... .......... 87%  216K 3m59s
403600K .......... .......... .......... .......... .......... 87%  319K 3m59s
403650K .......... .......... .......... .......... .......... 87%  146K 3m59s
403700K .......... .......... .......... .......... .......... 87%  212K 3m59s
403750K .......... .......... .......... .......... .......... 87%  216K 3m58s
403800K .......... .......... .......... .......... .......... 87%  164K 3m58s
403850K .......... .......... .......... .......... .......... 87%  216K 3m58s
403900K .......... .......... .......... .......... .......... 87%  216K 3m58s
403950K .......... .......... .......... .......... .......... 87%  252K 3m58s
404000K .......... .......... .......... .......... .......... 87%  161K 3m57s
404050K .......... .......... .......... .......... .......... 87%  264K 3m57s
404100K .......... .......... .......... .......... .......... 87%  314K 3m57s
404150K .......... .......... .......... .......... .......... 87%  226K 3m57s
404200K .......... .......... .......... .......... .......... 87%  299K 3m57s
404250K .......... .......... .......... .......... .......... 87%  216K 3m56s
404300K .......... .......... .......... .......... .......... 87%  216K 3m56s
404350K .......... .......... .......... .......... .......... 87%  168K 3m56s
404400K .......... .......... .......... .......... .......... 87%  155K 3m56s
404450K .......... .......... .......... .......... .......... 87%  187K 3m56s
404500K .......... .......... .......... .......... .......... 87%  216K 3m55s
404550K .......... .......... .......... .......... .......... 87%  216K 3m55s
404600K .......... .......... .......... .......... .......... 87%  216K 3m55s
404650K .......... .......... .......... .......... .......... 87%  216K 3m55s
404700K .......... .......... .......... .......... .......... 87%  431K 3m55s
404750K .......... .......... .......... .......... .......... 87%  216K 3m54s
404800K .......... .......... .......... .......... .......... 87%  216K 3m54s
404850K .......... .......... .......... .......... .......... 87%  256K 3m54s
404900K .......... .......... .......... .......... .......... 87%  329K 3m54s
404950K .......... .......... .......... .......... .......... 87%  322K 3m54s
405000K .......... .......... .......... .......... .......... 87%  261K 3m53s
405050K .......... .......... .......... .......... .......... 87%  432K 3m53s
405100K .......... .......... .......... .......... .......... 87%  322K 3m53s
405150K .......... .......... .......... .......... .......... 87%  216K 3m53s
405200K .......... .......... .......... .......... .......... 87%  431K 3m53s
405250K .......... .......... .......... .......... .......... 87%  216K 3m52s
405300K .......... .......... .......... .......... .......... 87%  433K 3m52s
405350K .......... .......... .......... .......... .......... 87%  259K 3m52s
405400K .......... .......... .......... .......... .......... 87%  254K 3m52s
405450K .......... .......... .......... .......... .......... 87%  213K 3m52s
405500K .......... .......... .......... .......... .......... 87%  215K 3m51s
405550K .......... .......... .......... .......... .......... 87%  167K 3m51s
405600K .......... .......... .......... .......... .......... 87%  258K 3m51s
405650K .......... .......... .......... .......... .......... 87%  321K 3m51s
405700K .......... .......... .......... .......... .......... 87%  218K 3m50s
405750K .......... .......... .......... .......... .......... 87%  162K 3m50s
405800K .......... .......... .......... .......... .......... 87%  432K 3m50s
405850K .......... .......... .......... .......... .......... 87%  185K 3m50s
405900K .......... .......... .......... .......... .......... 87%  214K 3m50s
405950K .......... .......... .......... .......... .......... 87%  211K 3m49s
406000K .......... .......... .......... .......... .......... 87%  263K 3m49s
406050K .......... .......... .......... .......... .......... 87%  317K 3m49s
406100K .......... .......... .......... .......... .......... 87%  217K 3m49s
406150K .......... .......... .......... .......... .......... 87%  321K 3m49s
406200K .......... .......... .......... .......... .......... 87%  261K 3m48s
406250K .......... .......... .......... .......... .......... 87%  315K 3m48s
406300K .......... .......... .......... .......... .......... 87%  215K 3m48s
406350K .......... .......... .......... .......... .......... 88%  216K 3m48s
406400K .......... .......... .......... .......... .......... 88%  266K 3m48s
406450K .......... .......... .......... .......... .......... 88%  184K 3m47s
406500K .......... .......... .......... .......... .......... 88%  163K 3m47s
406550K .......... .......... .......... .......... .......... 88%  215K 3m47s
406600K .......... .......... .......... .......... .......... 88%  216K 3m47s
406650K .......... .......... .......... .......... .......... 88%  184K 3m47s
406700K .......... .......... .......... .......... .......... 88%  162K 3m46s
406750K .......... .......... .......... .......... .......... 88%  215K 3m46s
406800K .......... .......... .......... .......... .......... 88%  182K 3m46s
406850K .......... .......... .......... .......... .......... 88%  264K 3m46s
406900K .......... .......... .......... .......... .......... 88%  215K 3m46s
406950K .......... .......... .......... .......... .......... 88%  216K 3m45s
407000K .......... .......... .......... .......... .......... 88%  217K 3m45s
407050K .......... .......... .......... .......... .......... 88%  215K 3m45s
407100K .......... .......... .......... .......... .......... 88%  216K 3m45s
407150K .......... .......... .......... .......... .......... 88%  184K 3m45s
407200K .......... .......... .......... .......... .......... 88%  184K 3m44s
407250K .......... .......... .......... .......... .......... 88%  216K 3m44s
407300K .......... .......... .......... .......... .......... 88%  261K 3m44s
407350K .......... .......... .......... .......... .......... 88%  216K 3m44s
407400K .......... .......... .......... .......... .......... 88%  261K 3m44s
407450K .......... .......... .......... .......... .......... 88%  144K 3m43s
407500K .......... .......... .......... .......... .......... 88%  215K 3m43s
407550K .......... .......... .......... .......... .......... 88%  216K 3m43s
407600K .......... .......... .......... .......... .......... 88%  144K 3m43s
407650K .......... .......... .......... .......... .......... 88%  190K 3m43s
407700K .......... .......... .......... .......... .......... 88%  209K 3m42s
407750K .......... .......... .......... .......... .......... 88%  147K 3m42s
407800K .......... .......... .......... .......... .......... 88%  208K 3m42s
407850K .......... .......... .......... .......... .......... 88%  108K 3m42s
407900K .......... .......... .......... .......... .......... 88%  162K 3m42s
407950K .......... .......... .......... .......... .......... 88%  216K 3m41s
408000K .......... .......... .......... .......... .......... 88%  130K 3m41s
408050K .......... .......... .......... .......... .......... 88%  161K 3m41s
408100K .......... .......... .......... .......... .......... 88%  186K 3m41s
408150K .......... .......... .......... .......... .......... 88%  184K 3m41s
408200K .......... .......... .......... .......... .......... 88% 94.1K 3m41s
408250K .......... .......... .......... .......... .......... 88%  108K 3m40s
408300K .......... .......... .......... .......... .......... 88%  129K 3m40s
408350K .......... .......... .......... .......... .......... 88%  144K 3m40s
408400K .......... .......... .......... .......... .......... 88%  163K 3m40s
408450K .......... .......... .......... .......... .......... 88%  184K 3m40s
408500K .......... .......... .......... .......... .......... 88%  183K 3m39s
408550K .......... .......... .......... .......... .......... 88%  216K 3m39s
408600K .......... .......... .......... .......... .......... 88%  164K 3m39s
408650K .......... .......... .......... .......... .......... 88%  216K 3m39s
408700K .......... .......... .......... .......... .......... 88%  315K 3m39s
408750K .......... .......... .......... .......... .......... 88%  264K 3m38s
408800K .......... .......... .......... .......... .......... 88%  262K 3m38s
408850K .......... .......... .......... .......... .......... 88%  252K 3m38s
408900K .......... .......... .......... .......... .......... 88%  336K 3m38s
408950K .......... .......... .......... .......... .......... 88%  216K 3m38s
409000K .......... .......... .......... .......... .......... 88%  320K 3m37s
409050K .......... .......... .......... .......... .......... 88%  316K 3m37s
409100K .......... .......... .......... .......... .......... 88%  337K 3m37s
409150K .......... .......... .......... .......... .......... 88%  319K 3m37s
409200K .......... .......... .......... .......... .......... 88%  432K 3m36s
409250K .......... .......... .......... .......... .......... 88%  317K 3m36s
409300K .......... .......... .......... .......... .......... 88%  338K 3m36s
409350K .......... .......... .......... .......... .......... 88%  183K 3m36s
409400K .......... .......... .......... .......... .......... 88%  669K 3m36s
409450K .......... .......... .......... .......... .......... 88%  316K 3m35s
409500K .......... .......... .......... .......... .......... 88%  183K 3m35s
409550K .......... .......... .......... .......... .......... 88%  218K 3m35s
409600K .......... .......... .......... .......... .......... 88%  216K 3m35s
409650K .......... .......... .......... .......... .......... 88%  262K 3m35s
409700K .......... .......... .......... .......... .......... 88%  259K 3m34s
409750K .......... .......... .......... .......... .......... 88%  185K 3m34s
409800K .......... .......... .......... .......... .......... 88%  259K 3m34s
409850K .......... .......... .......... .......... .......... 88%  325K 3m34s
409900K .......... .......... .......... .......... .......... 88%  259K 3m34s
409950K .......... .......... .......... .......... .......... 88%  325K 3m33s
410000K .......... .......... .......... .......... .......... 88%  259K 3m33s
410050K .......... .......... .......... .......... .......... 88%  326K 3m33s
410100K .......... .......... .......... .......... .......... 88%  259K 3m33s
410150K .......... .......... .......... .......... .......... 88%  325K 3m33s
410200K .......... .......... .......... .......... .......... 88%  431K 3m32s
410250K .......... .......... .......... .......... .......... 88%  317K 3m32s
410300K .......... .......... .......... .......... .......... 88%  329K 3m32s
410350K .......... .......... .......... .......... .......... 88%  431K 3m32s
410400K .......... .......... .......... .......... .......... 88%  432K 3m31s
410450K .......... .......... .......... .......... .......... 88%  327K 3m31s
410500K .......... .......... .......... .......... .......... 88%  317K 3m31s
410550K .......... .......... .......... .......... .......... 88%  329K 3m31s
410600K .......... .......... .......... .......... .......... 88%  432K 3m31s
410650K .......... .......... .......... .......... .......... 88%  431K 3m30s
410700K .......... .......... .......... .......... .......... 88%  432K 3m30s
410750K .......... .......... .......... .......... .......... 88%  215K 3m30s
410800K .......... .......... .......... .......... .......... 88% 1.29M 3m30s
410850K .......... .......... .......... .......... .......... 88%  216K 3m30s
410900K .......... .......... .......... .......... .......... 88%  258K 3m29s
410950K .......... .......... .......... .......... .......... 89%  251K 3m29s
411000K .......... .......... .......... .......... .......... 89%  270K 3m29s
411050K .......... .......... .......... .......... .......... 89%  258K 3m29s
411100K .......... .......... .......... .......... .......... 89%  251K 3m28s
411150K .......... .......... .......... .......... .......... 89%  270K 3m28s
411200K .......... .......... .......... .......... .......... 89%  308K 3m28s
411250K .......... .......... .......... .......... .......... 89%  216K 3m28s
411300K .......... .......... .......... .......... .......... 89%  338K 3m28s
411350K .......... .......... .......... .......... .......... 89%  252K 3m27s
411400K .......... .......... .......... .......... .......... 89%  338K 3m27s
411450K .......... .......... .......... .......... .......... 89%  251K 3m27s
411500K .......... .......... .......... .......... .......... 89%  268K 3m27s
411550K .......... .......... .......... .......... .......... 89%  258K 3m27s
411600K .......... .......... .......... .......... .......... 89%  325K 3m26s
411650K .......... .......... .......... .......... .......... 89%  216K 3m26s
411700K .......... .......... .......... .......... .......... 89%  311K 3m26s
411750K .......... .......... .......... .......... .......... 89%  268K 3m26s
411800K .......... .......... .......... .......... .......... 89%  432K 3m26s
411850K .......... .......... .......... .......... .......... 89%  259K 3m25s
411900K .......... .......... .......... .......... .......... 89%  252K 3m25s
411950K .......... .......... .......... .......... .......... 89%  189K 3m25s
412000K .......... .......... .......... .......... .......... 89%  159K 3m25s
412050K .......... .......... .......... .......... .......... 89% 93.4K 3m25s
412100K .......... .......... .......... .......... .......... 89%  144K 3m24s
412150K .......... .......... .......... .......... .......... 89%  182K 3m24s
412200K .......... .......... .......... .......... .......... 89%  164K 3m24s
412250K .......... .......... .......... .......... .......... 89%  182K 3m24s
412300K .......... .......... .......... .......... .......... 89%  144K 3m24s
412350K .......... .......... .......... .......... .......... 89%  216K 3m23s
412400K .......... .......... .......... .......... .......... 89%  132K 3m23s
412450K .......... .......... .......... .......... .......... 89%  180K 3m23s
412500K .......... .......... .......... .......... .......... 89%  186K 3m23s
412550K .......... .......... .......... .......... .......... 89%  216K 3m23s
412600K .......... .......... .......... .......... .......... 89%  216K 3m22s
412650K .......... .......... .......... .......... .......... 89%  258K 3m22s
412700K .......... .......... .......... .......... .......... 89%  326K 3m22s
412750K .......... .......... .......... .......... .......... 89%  216K 3m22s
412800K .......... .......... .......... .......... .......... 89%  216K 3m22s
412850K .......... .......... .......... .......... .......... 89%  216K 3m21s
412900K .......... .......... .......... .......... .......... 89%  336K 3m21s
412950K .......... .......... .......... .......... .......... 89%  250K 3m21s
413000K .......... .......... .......... .......... .......... 89%  216K 3m21s
413050K .......... .......... .......... .......... .......... 89%  216K 3m21s
413100K .......... .......... .......... .......... .......... 89%  216K 3m20s
413150K .......... .......... .......... .......... .......... 89%  216K 3m20s
413200K .......... .......... .......... .......... .......... 89%  431K 3m20s
413250K .......... .......... .......... .......... .......... 89%  261K 3m20s
413300K .......... .......... .......... .......... .......... 89%  322K 3m20s
413350K .......... .......... .......... .......... .......... 89%  341K 3m19s
413400K .......... .......... .......... .......... .......... 89%  249K 3m19s
413450K .......... .......... .......... .......... .......... 89%  432K 3m19s
413500K .......... .......... .......... .......... .......... 89%  216K 3m19s
413550K .......... .......... .......... .......... .......... 89%  261K 3m18s
413600K .......... .......... .......... .......... .......... 89%  322K 3m18s
413650K .......... .......... .......... .......... .......... 89%  432K 3m18s
413700K .......... .......... .......... .......... .......... 89%  261K 3m18s
413750K .......... .......... .......... .......... .......... 89%  322K 3m18s
413800K .......... .......... .......... .......... .......... 89%  432K 3m17s
413850K .......... .......... .......... .......... .......... 89%  431K 3m17s
413900K .......... .......... .......... .......... .......... 89%  432K 3m17s
413950K .......... .......... .......... .......... .......... 89%  215K 3m17s
414000K .......... .......... .......... .......... .......... 89%  259K 3m17s
414050K .......... .......... .......... .......... .......... 89%  325K 3m16s
414100K .......... .......... .......... .......... .......... 89%  260K 3m16s
414150K .......... .......... .......... .......... .......... 89%  323K 3m16s
414200K .......... .......... .......... .......... .......... 89%  432K 3m16s
414250K .......... .......... .......... .......... .......... 89%  432K 3m16s
414300K .......... .......... .......... .......... .......... 89%  216K 3m15s
414350K .......... .......... .......... .......... .......... 89%  432K 3m15s
414400K .......... .......... .......... .......... .......... 89%  432K 3m15s
414450K .......... .......... .......... .......... .......... 89%  339K 3m15s
414500K .......... .......... .......... .......... .......... 89%  432K 3m14s
414550K .......... .......... .......... .......... .......... 89%  432K 3m14s
414600K .......... .......... .......... .......... .......... 89%  307K 3m14s
414650K .......... .......... .......... .......... .......... 89%  328K 3m14s
414700K .......... .......... .......... .......... .......... 89%  432K 3m14s
414750K .......... .......... .......... .......... .......... 89%  340K 3m13s
414800K .......... .......... .......... .......... .......... 89%  432K 3m13s
414850K .......... .......... .......... .......... .......... 89%  432K 3m13s
414900K .......... .......... .......... .......... .......... 89%  310K 3m13s
414950K .......... .......... .......... .......... .......... 89%  432K 3m13s
415000K .......... .......... .......... .......... .......... 89%  432K 3m12s
415050K .......... .......... .......... .......... .......... 89%  432K 3m12s
415100K .......... .......... .......... .......... .......... 89%  325K 3m12s
415150K .......... .......... .......... .......... .......... 89%  432K 3m12s
415200K .......... .......... .......... .......... .......... 89%  432K 3m11s
415250K .......... .......... .......... .......... .......... 89%  432K 3m11s
415300K .......... .......... .......... .......... .......... 89%  427K 3m11s
415350K .......... .......... .......... .......... .......... 89%  432K 3m11s
415400K .......... .......... .......... .......... .......... 89%  433K 3m11s
415450K .......... .......... .......... .......... .......... 89%  431K 3m10s
415500K .......... .......... .......... .......... .......... 89%  432K 3m10s
415550K .......... .......... .......... .......... .......... 90%  428K 3m10s
415600K .......... .......... .......... .......... .......... 90%  434K 3m10s
415650K .......... .......... .......... .......... .......... 90%  336K 3m10s
415700K .......... .......... .......... .......... .......... 90%  432K 3m9s
415750K .......... .......... .......... .......... .......... 90%  322K 3m9s
415800K .......... .......... .......... .......... .......... 90%  432K 3m9s
415850K .......... .......... .......... .......... .......... 90%  209K 3m9s
415900K .......... .......... .......... .......... .......... 90%  722K 3m8s
415950K .......... .......... .......... .......... .......... 90%  323K 3m8s
416000K .......... .......... .......... .......... .......... 90%  315K 3m8s
416050K .......... .......... .......... .......... .......... 90%  335K 3m8s
416100K .......... .......... .......... .......... .......... 90%  432K 3m8s
416150K .......... .......... .......... .......... .......... 90%  310K 3m7s
416200K .......... .......... .......... .......... .......... 90%  270K 3m7s
416250K .......... .......... .......... .......... .......... 90%  184K 3m7s
416300K .......... .......... .......... .......... .......... 90%  662K 3m7s
416350K .......... .......... .......... .......... .......... 90%  308K 3m7s
416400K .......... .......... .......... .......... .......... 90%  271K 3m6s
416450K .......... .......... .......... .......... .......... 90%  307K 3m6s
416500K .......... .......... .......... .......... .......... 90%  271K 3m6s
416550K .......... .......... .......... .......... .......... 90%  432K 3m6s
416600K .......... .......... .......... .......... .......... 90%  216K 3m5s
416650K .......... .......... .......... .......... .......... 90%  432K 3m5s
416700K .......... .......... .......... .......... .......... 90%  304K 3m5s
416750K .......... .......... .......... .......... .......... 90%  272K 3m5s
416800K .......... .......... .......... .......... .......... 90%  305K 3m5s
416850K .......... .......... .......... .......... .......... 90%  272K 3m4s
416900K .......... .......... .......... .......... .......... 90%  179K 3m4s
416950K .......... .......... .......... .......... .......... 90%  433K 3m4s
417000K .......... .......... .......... .......... .......... 90%  166K 3m4s
417050K .......... .......... .......... .......... .......... 90%  253K 3m4s
417100K .......... .......... .......... .......... .......... 90%  262K 3m3s
417150K .......... .......... .......... .......... .......... 90%  263K 3m3s
417200K .......... .......... .......... .......... .......... 90%  253K 3m3s
417250K .......... .......... .......... .......... .......... 90%  262K 3m3s
417300K .......... .......... .......... .......... .......... 90%  264K 3m3s
417350K .......... .......... .......... .......... .......... 90%  216K 3m2s
417400K .......... .......... .......... .......... .......... 90%  318K 3m2s
417450K .......... .......... .......... .......... .......... 90%  413K 3m2s
417500K .......... .......... .......... .......... .......... 90%  270K 3m2s
417550K .......... .......... .......... .......... .......... 90%  320K 3m2s
417600K .......... .......... .......... .......... .......... 90%  412K 3m1s
417650K .......... .......... .......... .......... .......... 90%  332K 3m1s
417700K .......... .......... .......... .......... .......... 90%  333K 3m1s
417750K .......... .......... .......... .......... .......... 90%  308K 3m1s
417800K .......... .......... .......... .......... .......... 90%  332K 3m0s
417850K .......... .......... .......... .......... .......... 90%  432K 3m0s
417900K .......... .......... .......... .......... .......... 90%  333K 3m0s
417950K .......... .......... .......... .......... .......... 90%  432K 3m0s
418000K .......... .......... .......... .......... .......... 90%  432K 3m0s
418050K .......... .......... .......... .......... .......... 90%  431K 2m59s
418100K .......... .......... .......... .......... .......... 90%  431K 2m59s
418150K .......... .......... .......... .......... .......... 90%  309K 2m59s
418200K .......... .......... .......... .......... .......... 90%  432K 2m59s
418250K .......... .......... .......... .......... .......... 90%  333K 2m59s
418300K .......... .......... .......... .......... .......... 90%  615K 2m58s
418350K .......... .......... .......... .......... .......... 90%  455K 2m58s
418400K .......... .......... .......... .......... .......... 90%  432K 2m58s
418450K .......... .......... .......... .......... .......... 90%  432K 2m58s
418500K .......... .......... .......... .......... .......... 90%  320K 2m57s
418550K .......... .......... .......... .......... .......... 90%  616K 2m57s
418600K .......... .......... .......... .......... .......... 90%  455K 2m57s
418650K .......... .......... .......... .......... .......... 90%  433K 2m57s
418700K .......... .......... .......... .......... .......... 90%  656K 2m57s
418750K .......... .......... .......... .......... .......... 90%  435K 2m56s
418800K .......... .......... .......... .......... .......... 90%  612K 2m56s
418850K .......... .......... .......... .......... .......... 90%  432K 2m56s
418900K .......... .......... .......... .......... .......... 90% 25.4K 2m56s
418950K .......... .......... .......... .......... .......... 90%  431K 2m56s
419000K .......... .......... .......... .......... .......... 90%  433K 2m56s
419050K .......... .......... .......... .......... .......... 90%  433K 2m55s
419100K .......... .......... .......... .......... .......... 90%  433K 2m55s
419150K .......... .......... .......... .......... .......... 90% 1.19M 2m55s
419200K .......... .......... .......... .......... .......... 90%  667K 2m55s
419250K .......... .......... .......... .......... .......... 90%  319K 2m54s
419300K .......... .......... .......... .......... .......... 90%  662K 2m54s
419350K .......... .......... .......... .......... .......... 90%  432K 2m54s
419400K .......... .......... .......... .......... .......... 90%  319K 2m54s
419450K .......... .......... .......... .......... .......... 90%  431K 2m54s
419500K .......... .......... .......... .......... .......... 90%  262K 2m53s
419550K .......... .......... .......... .......... .......... 90%  432K 2m53s
419600K .......... .......... .......... .......... .......... 90%  431K 2m53s
419650K .......... .......... .......... .......... .......... 90%  215K 2m53s
419700K .......... .......... .......... .......... .......... 90%  255K 2m53s
419750K .......... .......... .......... .......... .......... 90%  331K 2m52s
419800K .......... .......... .......... .......... .......... 90%  254K 2m52s
419850K .......... .......... .......... .......... .......... 90%  332K 2m52s
419900K .......... .......... .......... .......... .......... 90%  254K 2m52s
419950K .......... .......... .......... .......... .......... 90%  332K 2m52s
420000K .......... .......... .......... .......... .......... 90%  315K 2m51s
420050K .......... .......... .......... .......... .......... 90%  265K 2m51s
420100K .......... .......... .......... .......... .......... 90%  315K 2m51s
420150K .......... .......... .......... .......... .......... 90%  324K 2m51s
420200K .......... .......... .......... .......... .......... 91%  217K 2m50s
420250K .......... .......... .......... .......... .......... 91%  260K 2m50s
420300K .......... .......... .......... .......... .......... 91%  316K 2m50s
420350K .......... .......... .......... .......... .......... 91%  338K 2m50s
420400K .......... .......... .......... .......... .......... 91%  216K 2m50s
420450K .......... .......... .......... .......... .......... 91%  317K 2m49s
420500K .......... .......... .......... .......... .......... 91%  424K 2m49s
420550K .......... .......... .......... .......... .......... 91%  317K 2m49s
420600K .......... .......... .......... .......... .......... 91%  267K 2m49s
420650K .......... .......... .......... .......... .......... 91%  432K 2m49s
420700K .......... .......... .......... .......... .......... 91%  424K 2m48s
420750K .......... .......... .......... .......... .......... 91%  184K 2m48s
420800K .......... .......... .......... .......... .......... 91%  428K 2m48s
420850K .......... .......... .......... .......... .......... 91%  145K 2m48s
420900K .......... .......... .......... .......... .......... 91%  432K 2m48s
420950K .......... .......... .......... .......... .......... 91%  214K 2m47s
421000K .......... .......... .......... .......... .......... 91%  216K 2m47s
421050K .......... .......... .......... .......... .......... 91%  216K 2m47s
421100K .......... .......... .......... .......... .......... 91%  215K 2m47s
421150K .......... .......... .......... .......... .......... 91%  265K 2m47s
421200K .......... .......... .......... .......... .......... 91%  182K 2m46s
421250K .......... .......... .......... .......... .......... 91%  266K 2m46s
421300K .......... .......... .......... .......... .......... 91%  251K 2m46s
421350K .......... .......... .......... .......... .......... 91%  337K 2m46s
421400K .......... .......... .......... .......... .......... 91%  315K 2m45s
421450K .......... .......... .......... .......... .......... 91%  267K 2m45s
421500K .......... .......... .......... .......... .......... 91%  314K 2m45s
421550K .......... .......... .......... .......... .......... 91%  215K 2m45s
421600K .......... .......... .......... .......... .......... 91%  216K 2m45s
421650K .......... .......... .......... .......... .......... 91%  164K 2m44s
421700K .......... .......... .......... .......... .......... 91%  215K 2m44s
421750K .......... .......... .......... .......... .......... 91%  184K 2m44s
421800K .......... .......... .......... .......... .......... 91%  215K 2m44s
421850K .......... .......... .......... .......... .......... 91%  216K 2m44s
421900K .......... .......... .......... .......... .......... 91%  262K 2m43s
421950K .......... .......... .......... .......... .......... 91%  157K 2m43s
422000K .......... .......... .......... .......... .......... 91%  346K 2m43s
422050K .......... .......... .......... .......... .......... 91%  247K 2m43s
422100K .......... .......... .......... .......... .......... 91%  271K 2m43s
422150K .......... .......... .......... .......... .......... 91%  308K 2m42s
422200K .......... .......... .......... .......... .......... 91%  346K 2m42s
422250K .......... .......... .......... .......... .......... 91%  247K 2m42s
422300K .......... .......... .......... .......... .......... 91%  270K 2m42s
422350K .......... .......... .......... .......... .......... 91%  308K 2m42s
422400K .......... .......... .......... .......... .......... 91%  343K 2m41s
422450K .......... .......... .......... .......... .......... 91%  338K 2m41s
422500K .......... .......... .......... .......... .......... 91%  249K 2m41s
422550K .......... .......... .......... .......... .......... 91%  322K 2m41s
422600K .......... .......... .......... .......... .......... 91%  225K 2m41s
422650K .......... .......... .......... .......... .......... 91%  397K 2m40s
422700K .......... .......... .......... .......... .......... 91%  216K 2m40s
422750K .......... .......... .......... .......... .......... 91%  431K 2m40s
422800K .......... .......... .......... .......... .......... 91%  261K 2m40s
422850K .......... .......... .......... .......... .......... 91%  216K 2m40s
422900K .......... .......... .......... .......... .......... 91%  432K 2m39s
422950K .......... .......... .......... .......... .......... 91%  248K 2m39s
423000K .......... .......... .......... .......... .......... 91%  216K 2m39s
423050K .......... .......... .......... .......... .......... 91%  166K 2m39s
423100K .......... .......... .......... .......... .......... 91%  163K 2m39s
423150K .......... .......... .......... .......... .......... 91%  215K 2m38s
423200K .......... .......... .......... .......... .......... 91%  158K 2m38s
423250K .......... .......... .......... .......... .......... 91%  120K 2m38s
423300K .......... .......... .......... .......... .......... 91%  144K 2m38s
423350K .......... .......... .......... .......... .......... 91%  144K 2m38s
423400K .......... .......... .......... .......... .......... 91%  144K 2m37s
423450K .......... .......... .......... .......... .......... 91%  127K 2m37s
423500K .......... .......... .......... .......... .......... 91%  216K 2m37s
423550K .......... .......... .......... .......... .......... 91%  184K 2m37s
423600K .......... .......... .......... .......... .......... 91%  163K 2m37s
423650K .......... .......... .......... .......... .......... 91%  165K 2m36s
423700K .......... .......... .......... .......... .......... 91%  180K 2m36s
423750K .......... .......... .......... .......... .......... 91%  183K 2m36s
423800K .......... .......... .......... .......... .......... 91%  216K 2m36s
423850K .......... .......... .......... .......... .......... 91%  164K 2m36s
423900K .......... .......... .......... .......... .......... 91%  216K 2m35s
423950K .......... .......... .......... .......... .......... 91%  216K 2m35s
424000K .......... .......... .......... .......... .......... 91%  183K 2m35s
424050K .......... .......... .......... .......... .......... 91%  216K 2m35s
424100K .......... .......... .......... .......... .......... 91%  216K 2m35s
424150K .......... .......... .......... .......... .......... 91%  216K 2m34s
424200K .......... .......... .......... .......... .......... 91%  148K 2m34s
424250K .......... .......... .......... .......... .......... 91%  208K 2m34s
424300K .......... .......... .......... .......... .......... 91%  170K 2m34s
424350K .......... .......... .......... .......... .......... 91%  205K 2m34s
424400K .......... .......... .......... .......... .......... 91%  216K 2m33s
424450K .......... .......... .......... .......... .......... 91%  216K 2m33s
424500K .......... .......... .......... .......... .......... 91%  216K 2m33s
424550K .......... .......... .......... .......... .......... 91%  222K 2m33s
424600K .......... .......... .......... .......... .......... 91%  210K 2m33s
424650K .......... .......... .......... .......... .......... 91%  216K 2m32s
424700K .......... .......... .......... .......... .......... 91%  171K 2m32s
424750K .......... .......... .......... .......... .......... 91%  216K 2m32s
424800K .......... .......... .......... .......... .......... 92%  238K 2m32s
424850K .......... .......... .......... .......... .......... 92%  260K 2m32s
424900K .......... .......... .......... .......... .......... 92%  224K 2m31s
424950K .......... .......... .......... .......... .......... 92%  271K 2m31s
425000K .......... .......... .......... .......... .......... 92%  180K 2m31s
425050K .......... .......... .......... .......... .......... 92%  306K 2m31s
425100K .......... .......... .......... .......... .......... 92%  270K 2m31s
425150K .......... .......... .......... .......... .......... 92%  126K 2m30s
425200K .......... .......... .......... .......... .......... 92%  730K 2m30s
425250K .......... .......... .......... .......... .......... 92%  216K 2m30s
425300K .......... .......... .......... .......... .......... 92%  216K 2m30s
425350K .......... .......... .......... .......... .......... 92%  216K 2m29s
425400K .......... .......... .......... .......... .......... 92%  223K 2m29s
425450K .......... .......... .......... .......... .......... 92%  296K 2m29s
425500K .......... .......... .......... .......... .......... 92%  281K 2m29s
425550K .......... .......... .......... .......... .......... 92%  295K 2m29s
425600K .......... .......... .......... .......... .......... 92%  272K 2m28s
425650K .......... .......... .......... .......... .......... 92%  307K 2m28s
425700K .......... .......... .......... .......... .......... 92%  281K 2m28s
425750K .......... .......... .......... .......... .......... 92%  216K 2m28s
425800K .......... .......... .......... .......... .......... 92%  408K 2m28s
425850K .......... .......... .......... .......... .......... 92%  307K 2m27s
425900K .......... .......... .......... .......... .......... 92%  282K 2m27s
425950K .......... .......... .......... .......... .......... 92%  408K 2m27s
426000K .......... .......... .......... .......... .......... 92%  404K 2m27s
426050K .......... .......... .......... .......... .......... 92%  323K 2m27s
426100K .......... .......... .......... .......... .......... 92%  282K 2m26s
426150K .......... .......... .......... .......... .......... 92%  383K 2m26s
426200K .......... .......... .......... .......... .......... 92%  323K 2m26s
426250K .......... .......... .......... .......... .......... 92%  432K 2m26s
426300K .......... .......... .......... .......... .......... 92%  358K 2m26s
426350K .......... .......... .......... .......... .......... 92%  431K 2m25s
426400K .......... .......... .......... .......... .......... 92%  432K 2m25s
426450K .......... .......... .......... .......... .......... 92%  432K 2m25s
426500K .......... .......... .......... .......... .......... 92%  312K 2m25s
426550K .......... .......... .......... .......... .......... 92%  432K 2m24s
426600K .......... .......... .......... .......... .......... 92%  433K 2m24s
426650K .......... .......... .......... .......... .......... 92%  222K 2m24s
426700K .......... .......... .......... .......... .......... 92% 3.20M 2m24s
426750K .......... .......... .......... .......... .......... 92%  280K 2m24s
426800K .......... .......... .......... .......... .......... 92%  327K 2m23s
426850K .......... .......... .......... .......... .......... 92%  429K 2m23s
426900K .......... .......... .......... .......... .......... 92%  259K 2m23s
426950K .......... .......... .......... .......... .......... 92%  431K 2m23s
427000K .......... .......... .......... .......... .......... 92%  328K 2m23s
427050K .......... .......... .......... .......... .......... 92%  252K 2m22s
427100K .......... .......... .......... .......... .......... 92%  331K 2m22s
427150K .......... .......... .......... .......... .......... 92%  292K 2m22s
427200K .......... .......... .......... .......... .......... 92%  216K 2m22s
427250K .......... .......... .......... .......... .......... 92%  216K 2m22s
427300K .......... .......... .......... .......... .......... 92%  171K 2m21s
427350K .......... .......... .......... .......... .......... 92%  253K 2m21s
427400K .......... .......... .......... .......... .......... 92%  177K 2m21s
427450K .......... .......... .......... .......... .......... 92%  232K 2m21s
427500K .......... .......... .......... .......... .......... 92%  216K 2m21s
427550K .......... .......... .......... .......... .......... 92%  216K 2m20s
427600K .......... .......... .......... .......... .......... 92%  216K 2m20s
427650K .......... .......... .......... .......... .......... 92%  216K 2m20s
427700K .......... .......... .......... .......... .......... 92%  216K 2m20s
427750K .......... .......... .......... .......... .......... 92%  292K 2m19s
427800K .......... .......... .......... .......... .......... 92%  284K 2m19s
427850K .......... .......... .......... .......... .......... 92%  216K 2m19s
427900K .......... .......... .......... .......... .......... 92%  403K 2m19s
427950K .......... .......... .......... .......... .......... 92%  224K 2m19s
428000K .......... .......... .......... .......... .......... 92%  289K 2m18s
428050K .......... .......... .......... .......... .......... 92%  274K 2m18s
428100K .......... .......... .......... .......... .......... 92%  265K 2m18s
428150K .......... .......... .......... .......... .......... 92%  334K 2m18s
428200K .......... .......... .......... .......... .......... 92%  289K 2m18s
428250K .......... .......... .......... .......... .......... 92%  357K 2m17s
428300K .......... .......... .......... .......... .......... 92%  334K 2m17s
428350K .......... .......... .......... .......... .......... 92%  432K 2m17s
428400K .......... .......... .......... .......... .......... 92%  141K 2m17s
428450K .......... .......... .......... .......... .......... 92%  460K 2m17s
428500K .......... .......... .......... .......... .......... 92%  178K 2m16s
428550K .......... .......... .......... .......... .......... 92%  216K 2m16s
428600K .......... .......... .......... .......... .......... 92%  209K 2m16s
428650K .......... .......... .......... .......... .......... 92%  216K 2m16s
428700K .......... .......... .......... .......... .......... 92%  223K 2m16s
428750K .......... .......... .......... .......... .......... 92%  168K 2m15s
428800K .......... .......... .......... .......... .......... 92%  125K 2m15s
428850K .......... .......... .......... .......... .......... 92%  144K 2m15s
428900K .......... .......... .......... .......... .......... 92%  112K 2m15s
428950K .......... .......... .......... .......... .......... 92%  158K 2m15s
429000K .......... .......... .......... .......... .......... 92%  144K 2m14s
429050K .......... .......... .......... .......... .......... 92%  155K 2m14s
429100K .......... .......... .......... .......... .......... 92%  166K 2m14s
429150K .......... .......... .......... .......... .......... 92%  119K 2m14s
429200K .......... .......... .......... .......... .......... 92%  114K 2m14s
429250K .......... .......... .......... .......... .......... 92%  108K 2m13s
429300K .......... .......... .......... .......... .......... 92%  135K 2m13s
429350K .......... .......... .......... .......... .......... 92%  144K 2m13s
429400K .......... .......... .......... .......... .......... 93%  155K 2m13s
429450K .......... .......... .......... .......... .......... 93%  196K 2m13s
429500K .......... .......... .......... .......... .......... 93%  184K 2m12s
429550K .......... .......... .......... .......... .......... 93%  163K 2m12s
429600K .......... .......... .......... .......... .......... 93%  216K 2m12s
429650K .......... .......... .......... .......... .......... 93%  216K 2m12s
429700K .......... .......... .......... .......... .......... 93%  320K 2m12s
429750K .......... .......... .......... .......... .......... 93%  217K 2m11s
429800K .......... .......... .......... .......... .......... 93%  260K 2m11s
429850K .......... .......... .......... .......... .......... 93%  322K 2m11s
429900K .......... .......... .......... .......... .......... 93%  260K 2m11s
429950K .......... .......... .......... .......... .......... 93%  155K 2m11s
430000K .......... .......... .......... .......... .......... 93%  216K 2m10s
430050K .......... .......... .......... .......... .......... 93%  169K 2m10s
430100K .......... .......... .......... .......... .......... 93%  432K 2m10s
430150K .......... .......... .......... .......... .......... 93%  214K 2m10s
430200K .......... .......... .......... .......... .......... 93%  177K 2m10s
430250K .......... .......... .......... .......... .......... 93%  277K 2m9s
430300K .......... .......... .......... .......... .......... 93%  218K 2m9s
430350K .......... .......... .......... .......... .......... 93%  176K 2m9s
430400K .......... .......... .......... .......... .......... 93%  216K 2m9s
430450K .......... .......... .......... .......... .......... 93%  215K 2m9s
430500K .......... .......... .......... .......... .......... 93%  216K 2m8s
430550K .......... .......... .......... .......... .......... 93%  216K 2m8s
430600K .......... .......... .......... .......... .......... 93%  216K 2m8s
430650K .......... .......... .......... .......... .......... 93%  214K 2m8s
430700K .......... .......... .......... .......... .......... 93%  215K 2m8s
430750K .......... .......... .......... .......... .......... 93%  280K 2m7s
430800K .......... .......... .......... .......... .......... 93%  147K 2m7s
430850K .......... .......... .......... .......... .......... 93%  413K 2m7s
430900K .......... .......... .......... .......... .......... 93%  183K 2m7s
430950K .......... .......... .......... .......... .......... 93%  216K 2m7s
431000K .......... .......... .......... .......... .......... 93%  265K 2m6s
431050K .......... .......... .......... .......... .......... 93%  257K 2m6s
431100K .......... .......... .......... .......... .......... 93%  186K 2m6s
431150K .......... .......... .......... .......... .......... 93%  257K 2m6s
431200K .......... .......... .......... .......... .......... 93%  253K 2m6s
431250K .......... .......... .......... .......... .......... 93%  265K 2m5s
431300K .......... .......... .......... .......... .......... 93%  260K 2m5s
431350K .......... .......... .......... .......... .......... 93%  323K 2m5s
431400K .......... .......... .......... .......... .......... 93%  260K 2m5s
431450K .......... .......... .......... .......... .......... 93%  322K 2m4s
431500K .......... .......... .......... .......... .......... 93%  175K 2m4s
431550K .......... .......... .......... .......... .......... 93%  228K 2m4s
431600K .......... .......... .......... .......... .......... 93%  331K 2m4s
431650K .......... .......... .......... .......... .......... 93%  216K 2m4s
431700K .......... .......... .......... .......... .......... 93%  329K 2m3s
431750K .......... .......... .......... .......... .......... 93%  257K 2m3s
431800K .......... .......... .......... .......... .......... 93%  329K 2m3s
431850K .......... .......... .......... .......... .......... 93%  216K 2m3s
431900K .......... .......... .......... .......... .......... 93%  216K 2m3s
431950K .......... .......... .......... .......... .......... 93%  255K 2m2s
432000K .......... .......... .......... .......... .......... 93%  216K 2m2s
432050K .......... .......... .......... .......... .......... 93%  331K 2m2s
432100K .......... .......... .......... .......... .......... 93%  255K 2m2s
432150K .......... .......... .......... .......... .......... 93%  331K 2m2s
432200K .......... .......... .......... .......... .......... 93%  310K 2m1s
432250K .......... .......... .......... .......... .......... 93%  216K 2m1s
432300K .......... .......... .......... .......... .......... 93%  332K 2m1s
432350K .......... .......... .......... .......... .......... 93%  331K 2m1s
432400K .......... .......... .......... .......... .......... 93%  310K 2m1s
432450K .......... .......... .......... .......... .......... 93%  330K 2m0s
432500K .......... .......... .......... .......... .......... 93%  328K 2m0s
432550K .......... .......... .......... .......... .......... 93%  314K 2m0s
432600K .......... .......... .......... .......... .......... 93%  269K 2m0s
432650K .......... .......... .......... .......... .......... 93%  310K 2m0s
432700K .......... .......... .......... .......... .......... 93%  330K 1m59s
432750K .......... .......... .......... .......... .......... 93%  327K 1m59s
432800K .......... .......... .......... .......... .......... 93%  432K 1m59s
432850K .......... .......... .......... .......... .......... 93%  256K 1m59s
432900K .......... .......... .......... .......... .......... 93%  333K 1m58s
432950K .......... .......... .......... .......... .......... 93%  254K 1m58s
433000K .......... .......... .......... .......... .......... 93%  329K 1m58s
433050K .......... .......... .......... .......... .......... 93%  256K 1m58s
433100K .......... .......... .......... .......... .......... 93%  432K 1m58s
433150K .......... .......... .......... .......... .......... 93%  334K 1m57s
433200K .......... .......... .......... .......... .......... 93%  432K 1m57s
433250K .......... .......... .......... .......... .......... 93%  425K 1m57s
433300K .......... .......... .......... .......... .......... 93%  256K 1m57s
433350K .......... .......... .......... .......... .......... 93%  431K 1m57s
433400K .......... .......... .......... .......... .......... 93%  331K 1m56s
433450K .......... .......... .......... .......... .......... 93%  216K 1m56s
433500K .......... .......... .......... .......... .......... 93%  434K 1m56s
433550K .......... .......... .......... .......... .......... 93%  313K 1m56s
433600K .......... .......... .......... .......... .......... 93%  320K 1m56s
433650K .......... .......... .......... .......... .......... 93%  335K 1m55s
433700K .......... .......... .......... .......... .......... 93%  318K 1m55s
433750K .......... .......... .......... .......... .......... 93%  265K 1m55s
433800K .......... .......... .......... .......... .......... 93%  318K 1m55s
433850K .......... .......... .......... .......... .......... 93%  319K 1m55s
433900K .......... .......... .......... .......... .......... 93%  431K 1m54s
433950K .......... .......... .......... .......... .......... 93%  261K 1m54s
434000K .......... .......... .......... .......... .......... 93%  433K 1m54s
434050K .......... .......... .......... .......... .......... 94%  265K 1m54s
434100K .......... .......... .......... .......... .......... 94%  315K 1m53s
434150K .......... .......... .......... .......... .......... 94%  216K 1m53s
434200K .......... .......... .......... .......... .......... 94%  432K 1m53s
434250K .......... .......... .......... .......... .......... 94%  316K 1m53s
434300K .......... .......... .......... .......... .......... 94%  340K 1m53s
434350K .......... .......... .......... .......... .......... 94%  318K 1m52s
434400K .......... .......... .......... .......... .......... 94%  432K 1m52s
434450K .......... .......... .......... .......... .......... 94%  432K 1m52s
434500K .......... .......... .......... .......... .......... 94%  319K 1m52s
434550K .......... .......... .......... .......... .......... 94%  263K 1m52s
434600K .......... .......... .......... .......... .......... 94%  431K 1m51s
434650K .......... .......... .......... .......... .......... 94%  318K 1m51s
434700K .......... .......... .......... .......... .......... 94%  216K 1m51s
434750K .......... .......... .......... .......... .......... 94%  189K 1m51s
434800K .......... .......... .......... .......... .......... 94%  216K 1m51s
434850K .......... .......... .......... .......... .......... 94%  182K 1m50s
434900K .......... .......... .......... .......... .......... 94%  165K 1m50s
434950K .......... .......... .......... .......... .......... 94%  216K 1m50s
435000K .......... .......... .......... .......... .......... 94%  312K 1m50s
435050K .......... .......... .......... .......... .......... 94%  216K 1m50s
435100K .......... .......... .......... .......... .......... 94%  267K 1m49s
435150K .......... .......... .......... .......... .......... 94%  312K 1m49s
435200K .......... .......... .......... .......... .......... 94%  216K 1m49s
435250K .......... .......... .......... .......... .......... 94%  218K 1m49s
435300K .......... .......... .......... .......... .......... 94%  164K 1m49s
435350K .......... .......... .......... .......... .......... 94%  159K 1m48s
435400K .......... .......... .......... .......... .......... 94%  216K 1m48s
435450K .......... .......... .......... .......... .......... 94%  162K 1m48s
435500K .......... .......... .......... .......... .......... 94%  216K 1m48s
435550K .......... .......... .......... .......... .......... 94%  144K 1m48s
435600K .......... .......... .......... .......... .......... 94%  255K 1m47s
435650K .......... .......... .......... .......... .......... 94% 86.3K 1m47s
435700K .......... .......... .......... .......... .......... 94%  163K 1m47s
435750K .......... .......... .......... .......... .......... 94%  108K 1m47s
435800K .......... .......... .......... .......... .......... 94%  108K 1m47s
435850K .......... .......... .......... .......... .......... 94%  108K 1m46s
435900K .......... .......... .......... .......... .......... 94%  129K 1m46s
435950K .......... .......... .......... .......... .......... 94%  143K 1m46s
436000K .......... .......... .......... .......... .......... 94%  132K 1m46s
436050K .......... .......... .......... .......... .......... 94% 98.5K 1m46s
436100K .......... .......... .......... .......... .......... 94%  117K 1m45s
436150K .......... .......... .......... .......... .......... 94%  118K 1m45s
436200K .......... .......... .......... .......... .......... 94%  129K 1m45s
436250K .......... .......... .......... .......... .......... 94%  183K 1m45s
436300K .......... .......... .......... .......... .......... 94%  164K 1m45s
436350K .......... .......... .......... .......... .......... 94%  182K 1m44s
436400K .......... .......... .......... .......... .......... 94%  164K 1m44s
436450K .......... .......... .......... .......... .......... 94%  128K 1m44s
436500K .......... .......... .......... .......... .......... 94%  164K 1m44s
436550K .......... .......... .......... .......... .......... 94%  216K 1m44s
436600K .......... .......... .......... .......... .......... 94%  216K 1m43s
436650K .......... .......... .......... .......... .......... 94%  189K 1m43s
436700K .......... .......... .......... .......... .......... 94%  116K 1m43s
436750K .......... .......... .......... .......... .......... 94%  183K 1m43s
436800K .......... .......... .......... .......... .......... 94% 93.2K 1m43s
436850K .......... .......... .......... .......... .......... 94%  159K 1m42s
436900K .......... .......... .......... .......... .......... 94%  163K 1m42s
436950K .......... .......... .......... .......... .......... 94%  216K 1m42s
437000K .......... .......... .......... .......... .......... 94%  184K 1m42s
437050K .......... .......... .......... .......... .......... 94%  216K 1m42s
437100K .......... .......... .......... .......... .......... 94%  261K 1m41s
437150K .......... .......... .......... .......... .......... 94%  216K 1m41s
437200K .......... .......... .......... .......... .......... 94%  216K 1m41s
437250K .......... .......... .......... .......... .......... 94%  216K 1m41s
437300K .......... .......... .......... .......... .......... 94%  320K 1m41s
437350K .......... .......... .......... .......... .......... 94%  262K 1m40s
437400K .......... .......... .......... .......... .......... 94%  320K 1m40s
437450K .......... .......... .......... .......... .......... 94%  262K 1m40s
437500K .......... .......... .......... .......... .......... 94%  429K 1m40s
437550K .......... .......... .......... .......... .......... 94%  262K 1m40s
437600K .......... .......... .......... .......... .......... 94%  255K 99s
437650K .......... .......... .......... .......... .......... 94%  331K 99s
437700K .......... .......... .......... .......... .......... 94%  431K 99s
437750K .......... .......... .......... .......... .......... 94%  320K 99s
437800K .......... .......... .......... .......... .......... 94%  431K 98s
437850K .......... .......... .......... .......... .......... 94%  322K 98s
437900K .......... .......... .......... .......... .......... 94%  432K 98s
437950K .......... .......... .......... .......... .......... 94%  261K 98s
438000K .......... .......... .......... .......... .......... 94%  431K 98s
438050K .......... .......... .......... .......... .......... 94%  432K 97s
438100K .......... .......... .......... .......... .......... 94%  432K 97s
438150K .......... .......... .......... .......... .......... 94%  433K 97s
438200K .......... .......... .......... .......... .......... 94%  432K 97s
438250K .......... .......... .......... .......... .......... 94%  433K 97s
438300K .......... .......... .......... .......... .......... 94%  655K 96s
438350K .......... .......... .......... .......... .......... 94%  432K 96s
438400K .......... .......... .......... .......... .......... 94%  434K 96s
438450K .......... .......... .......... .......... .......... 94%  631K 96s
438500K .......... .......... .......... .......... .......... 94%  654K 96s
438550K .......... .......... .......... .......... .......... 94%  660K 95s
438600K .......... .......... .......... .......... .......... 94%  631K 95s
438650K .......... .......... .......... .......... .......... 95%  658K 95s
438700K .......... .......... .......... .......... .......... 95%  657K 95s
438750K .......... .......... .......... .......... .......... 95% 1.20M 94s
438800K .......... .......... .......... .......... .......... 95%  663K 94s
438850K .......... .......... .......... .......... .......... 95%  631K 94s
438900K .......... .......... .......... .......... .......... 95% 1.33M 94s
438950K .......... .......... .......... .......... .......... 95%  634K 94s
439000K .......... .......... .......... .......... .......... 95% 1.33M 93s
439050K .......... .......... .......... .......... .......... 95%  320K 93s
439100K .......... .......... .......... .......... .......... 95% 97.7M 93s
439150K .......... .......... .......... .......... .......... 95%  668K 93s
439200K .......... .......... .......... .......... .......... 95% 1.20M 93s
439250K .......... .......... .......... .......... .......... 95%  433K 92s
439300K .......... .......... .......... .......... .......... 95%  660K 92s
439350K .......... .......... .......... .......... .......... 95% 1.20M 92s
439400K .......... .......... .......... .......... .......... 95%  663K 92s
439450K .......... .......... .......... .......... .......... 95%  627K 92s
439500K .......... .......... .......... .......... .......... 95%  652K 91s
439550K .......... .......... .......... .......... .......... 95% 18.2K 91s
439600K .......... .......... .......... .......... .......... 95%  431K 91s
439650K .......... .......... .......... .......... .......... 95%  433K 91s
439700K .......... .......... .......... .......... .......... 95% 80.6M 91s
439750K .......... .......... .......... .......... .......... 95%  434K 90s
439800K .......... .......... .......... .......... .......... 95% 63.3M 90s
439850K .......... .......... .......... .......... .......... 95%  432K 90s
439900K .......... .......... .......... .......... .......... 95%  437K 90s
439950K .......... .......... .......... .......... .......... 95% 36.8M 90s
440000K .......... .......... .......... .......... .......... 95%  428K 89s
440050K .......... .......... .......... .......... .......... 95%  116M 89s
440100K .......... .......... .......... .......... .......... 95%  432K 89s
440150K .......... .......... .......... .......... .......... 95%  124M 89s
440200K .......... .......... .......... .......... .......... 95%  432K 88s
440250K .......... .......... .......... .......... .......... 95%  127M 88s
440300K .......... .......... .......... .......... .......... 95%  434K 88s
440350K .......... .......... .......... .......... .......... 95%  126M 88s
440400K .......... .......... .......... .......... .......... 95%  435K 88s
440450K .......... .......... .......... .......... .......... 95% 51.1M 87s
440500K .......... .......... .......... .......... .......... 95%  434K 87s
440550K .......... .......... .......... .......... .......... 95% 64.1M 87s
440600K .......... .......... .......... .......... .......... 95%  217K 87s
440650K .......... .......... .......... .......... .......... 95% 85.0M 87s
440700K .......... .......... .......... .......... .......... 95%  121M 86s
440750K .......... .......... .......... .......... .......... 95% 87.3M 86s
440800K .......... .......... .......... .......... .......... 95%  432K 86s
440850K .......... .......... .......... .......... .......... 95%  433K 86s
440900K .......... .......... .......... .......... .......... 95%  437K 85s
440950K .......... .......... .......... .......... .......... 95% 28.7M 85s
441000K .......... .......... .......... .......... .......... 95%  438K 85s
441050K .......... .......... .......... .......... .......... 95% 1.15M 85s
441100K .......... .......... .......... .......... .......... 95%  672K 85s
441150K .......... .......... .......... .......... .......... 95%  433K 84s
441200K .......... .......... .......... .......... .......... 95% 85.1M 84s
441250K .......... .......... .......... .......... .......... 95%  433K 84s
441300K .......... .......... .......... .......... .......... 95%  434K 84s
441350K .......... .......... .......... .......... .......... 95% 84.8M 84s
441400K .......... .......... .......... .......... .......... 95%  434K 83s
441450K .......... .......... .......... .......... .......... 95% 55.0M 83s
441500K .......... .......... .......... .......... .......... 95%  435K 83s
441550K .......... .......... .......... .......... .......... 95%  592K 83s
441600K .......... .......... .......... .......... .......... 95% 1.56M 83s
441650K .......... .......... .......... .......... .......... 95%  216K 82s
441700K .......... .......... .......... .......... .......... 95% 35.9M 82s
441750K .......... .......... .......... .......... .......... 95%  429K 82s
441800K .......... .......... .......... .......... .......... 95% 1.23M 82s
441850K .......... .......... .......... .......... .......... 95%  312K 81s
441900K .......... .......... .......... .......... .......... 95%  345K 81s
441950K .......... .......... .......... .......... .......... 95%  432K 81s
442000K .......... .......... .......... .......... .......... 95%  318K 81s
442050K .......... .......... .......... .......... .......... 95%  431K 81s
442100K .......... .......... .......... .......... .......... 95%  432K 80s
442150K .......... .......... .......... .......... .......... 95%  432K 80s
442200K .......... .......... .......... .......... .......... 95%  432K 80s
442250K .......... .......... .......... .......... .......... 95%  432K 80s
442300K .......... .......... .......... .......... .......... 95%  432K 80s
442350K .......... .......... .......... .......... .......... 95%  432K 79s
442400K .......... .......... .......... .......... .......... 95%  264K 79s
442450K .......... .......... .......... .......... .......... 95%  577K 79s
442500K .......... .......... .......... .......... .......... 95%  430K 79s
442550K .......... .......... .......... .......... .......... 95%  428K 79s
442600K .......... .......... .......... .......... .......... 95%  444K 78s
442650K .......... .......... .......... .......... .......... 95%  670K 78s
442700K .......... .......... .......... .......... .......... 95%  432K 78s
442750K .......... .......... .......... .......... .......... 95%  665K 78s
442800K .......... .......... .......... .......... .......... 95%  320K 78s
442850K .......... .......... .......... .......... .......... 95%  432K 77s
442900K .......... .......... .......... .......... .......... 95%  667K 77s
442950K .......... .......... .......... .......... .......... 95%  434K 77s
443000K .......... .......... .......... .......... .......... 95%  441K 77s
443050K .......... .......... .......... .......... .......... 95%  559K 76s
443100K .......... .......... .......... .......... .......... 95%  434K 76s
443150K .......... .......... .......... .......... .......... 95%  432K 76s
443200K .......... .......... .......... .......... .......... 95%  439K 76s
443250K .......... .......... .......... .......... .......... 96%  695K 76s
443300K .......... .......... .......... .......... .......... 96%  672K 75s
443350K .......... .......... .......... .......... .......... 96%  441K 75s
443400K .......... .......... .......... .......... .......... 96%  560K 75s
443450K .......... .......... .......... .......... .......... 96%  712K 75s
443500K .......... .......... .......... .......... .......... 96%  668K 75s
443550K .......... .......... .......... .......... .......... 96%  432K 74s
443600K .......... .......... .......... .......... .......... 96%  441K 74s
443650K .......... .......... .......... .......... .......... 96%  564K 74s
443700K .......... .......... .......... .......... .......... 96%  440K 74s
443750K .......... .......... .......... .......... .......... 96% 1.56M 74s
443800K .......... .......... .......... .......... .......... 96%  440K 73s
443850K .......... .......... .......... .......... .......... 96%  565K 73s
443900K .......... .......... .......... .......... .......... 96%  439K 73s
443950K .......... .......... .......... .......... .......... 96%  695K 73s
444000K .......... .......... .......... .......... .......... 96%  670K 72s
444050K .......... .......... .......... .......... .......... 96%  576K 72s
444100K .......... .......... .......... .......... .......... 96%  702K 72s
444150K .......... .......... .......... .......... .......... 96%  314K 72s
444200K .......... .......... .......... .......... .......... 96%  433K 72s
444250K .......... .......... .......... .......... .......... 96% 1.51M 71s
444300K .......... .......... .......... .......... .......... 96%  316K 71s
444350K .......... .......... .......... .......... .......... 96%  436K 71s
444400K .......... .......... .......... .......... .......... 96%  672K 71s
444450K .......... .......... .......... .......... .......... 96%  439K 71s
444500K .......... .......... .......... .......... .......... 96%  564K 70s
444550K .......... .......... .......... .......... .......... 96%  442K 70s
444600K .......... .......... .......... .......... .......... 96%  680K 70s
444650K .......... .......... .......... .......... .......... 96%  438K 70s
444700K .......... .......... .......... .......... .......... 96%  433K 70s
444750K .......... .......... .......... .......... .......... 96%  666K 69s
444800K .......... .......... .......... .......... .......... 96%  591K 69s
444850K .......... .......... .......... .......... .......... 96%  678K 69s
444900K .......... .......... .......... .......... .......... 96%  440K 69s
444950K .......... .......... .......... .......... .......... 96%  682K 69s
445000K .......... .......... .......... .......... .......... 96%  580K 68s
445050K .......... .......... .......... .......... .......... 96%  432K 68s
445100K .......... .......... .......... .......... .......... 96%  695K 68s
445150K .......... .......... .......... .......... .......... 96%  668K 68s
445200K .......... .......... .......... .......... .......... 96%  576K 67s
445250K .......... .......... .......... .......... .......... 96%  710K 67s
445300K .......... .......... .......... .......... .......... 96%  666K 67s
445350K .......... .......... .......... .......... .......... 96%  581K 67s
445400K .......... .......... .......... .......... .......... 96%  707K 67s
445450K .......... .......... .......... .......... .......... 96%  315K 66s
445500K .......... .......... .......... .......... .......... 96%  691K 66s
445550K .......... .......... .......... .......... .......... 96%  264K 66s
445600K .......... .......... .......... .......... .......... 96%  559K 66s
445650K .......... .......... .......... .......... .......... 96%  353K 66s
445700K .......... .......... .......... .......... .......... 96%  313K 65s
445750K .......... .......... .......... .......... .......... 96%  430K 65s
445800K .......... .......... .......... .......... .......... 96%  216K 65s
445850K .......... .......... .......... .......... .......... 96%  307K 65s
445900K .......... .......... .......... .......... .......... 96%  166K 65s
445950K .......... .......... .......... .......... .......... 96%  179K 64s
446000K .......... .......... .......... .......... .......... 96%  120K 64s
446050K .......... .......... .......... .......... .......... 96% 98.8K 64s
446100K .......... .......... .......... .......... .......... 96%  128K 64s
446150K .......... .......... .......... .......... .......... 96%  144K 64s
446200K .......... .......... .......... .......... .......... 96%  108K 63s
446250K .......... .......... .......... .......... .......... 96%  129K 63s
446300K .......... .......... .......... .......... .......... 96%  163K 63s
446350K .......... .......... .......... .......... .......... 96%  144K 63s
446400K .......... .......... .......... .......... .......... 96%  184K 63s
446450K .......... .......... .......... .......... .......... 96%  163K 62s
446500K .......... .......... .......... .......... .......... 96%  216K 62s
446550K .......... .......... .......... .......... .......... 96%  216K 62s
446600K .......... .......... .......... .......... .......... 96%  144K 62s
446650K .......... .......... .......... .......... .......... 96%  264K 62s
446700K .......... .......... .......... .......... .......... 96%  252K 61s
446750K .......... .......... .......... .......... .......... 96%  262K 61s
446800K .......... .......... .......... .......... .......... 96%  215K 61s
446850K .......... .......... .......... .......... .......... 96%  184K 61s
446900K .......... .......... .......... .......... .......... 96%  261K 61s
446950K .......... .......... .......... .......... .......... 96%  164K 60s
447000K .......... .......... .......... .......... .......... 96%  251K 60s
447050K .......... .......... .......... .......... .......... 96%  262K 60s
447100K .......... .......... .......... .......... .......... 96%  315K 60s
447150K .......... .......... .......... .......... .......... 96%  266K 60s
447200K .......... .......... .......... .......... .......... 96%  315K 59s
447250K .......... .......... .......... .......... .......... 96%  219K 59s
447300K .......... .......... .......... .......... .......... 96%  337K 59s
447350K .......... .......... .......... .......... .......... 96%  216K 59s
447400K .......... .......... .......... .......... .......... 96%  316K 59s
447450K .......... .......... .......... .......... .......... 96%  315K 58s
447500K .......... .......... .......... .......... .......... 96%  265K 58s
447550K .......... .......... .......... .......... .......... 96%  261K 58s
447600K .......... .......... .......... .......... .......... 96%  217K 58s
447650K .......... .......... .......... .......... .......... 96%  313K 58s
447700K .......... .......... .......... .......... .......... 96%  267K 57s
447750K .......... .......... .......... .......... .......... 96%  189K 57s
447800K .......... .......... .......... .......... .......... 96%  250K 57s
447850K .......... .......... .......... .......... .......... 96%  216K 57s
447900K .......... .......... .......... .......... .......... 97%  216K 56s
447950K .......... .......... .......... .......... .......... 97%  315K 56s
448000K .......... .......... .......... .......... .......... 97%  216K 56s
448050K .......... .......... .......... .......... .......... 97%  265K 56s
448100K .......... .......... .......... .......... .......... 97%  216K 56s
448150K .......... .......... .......... .......... .......... 97%  250K 55s
448200K .......... .......... .......... .......... .......... 97%  264K 55s
448250K .......... .......... .......... .......... .......... 97%  226K 55s
448300K .......... .......... .......... .......... .......... 97%  296K 55s
448350K .......... .......... .......... .......... .......... 97%  214K 55s
448400K .......... .......... .......... .......... .......... 97%  259K 54s
448450K .......... .......... .......... .......... .......... 97%  269K 54s
448500K .......... .......... .......... .......... .......... 97%  216K 54s
448550K .......... .......... .......... .......... .......... 97%  216K 54s
448600K .......... .......... .......... .......... .......... 97%  216K 54s
448650K .......... .......... .......... .......... .......... 97%  216K 53s
448700K .......... .......... .......... .......... .......... 97%  249K 53s
448750K .......... .......... .......... .......... .......... 97%  216K 53s
448800K .......... .......... .......... .......... .......... 97%  263K 53s
448850K .......... .......... .......... .......... .......... 97%  215K 53s
448900K .......... .......... .......... .......... .......... 97%  108K 52s
448950K .......... .......... .......... .......... .......... 97%  144K 52s
449000K .......... .......... .......... .......... .......... 97%  166K 52s
449050K .......... .......... .......... .......... .......... 97%  157K 52s
449100K .......... .......... .......... .......... .......... 97%  192K 52s
449150K .......... .......... .......... .......... .......... 97%  129K 51s
449200K .......... .......... .......... .......... .......... 97%  180K 51s
449250K .......... .......... .......... .......... .......... 97%  144K 51s
449300K .......... .......... .......... .......... .......... 97%  163K 51s
449350K .......... .......... .......... .......... .......... 97%  184K 51s
449400K .......... .......... .......... .......... .......... 97%  216K 50s
449450K .......... .......... .......... .......... .......... 97%  216K 50s
449500K .......... .......... .......... .......... .......... 97%  216K 50s
449550K .......... .......... .......... .......... .......... 97%  263K 50s
449600K .......... .......... .......... .......... .......... 97%  183K 50s
449650K .......... .......... .......... .......... .......... 97%  144K 49s
449700K .......... .......... .......... .......... .......... 97%  215K 49s
449750K .......... .......... .......... .......... .......... 97%  216K 49s
449800K .......... .......... .......... .......... .......... 97%  320K 49s
449850K .......... .......... .......... .......... .......... 97%  217K 49s
449900K .......... .......... .......... .......... .......... 97%  261K 48s
449950K .......... .......... .......... .......... .......... 97%  215K 48s
450000K .......... .......... .......... .......... .......... 97%  185K 48s
450050K .......... .......... .......... .......... .......... 97%  163K 48s
450100K .......... .......... .......... .......... .......... 97%  185K 48s
450150K .......... .......... .......... .......... .......... 97%  216K 47s
450200K .......... .......... .......... .......... .......... 97%  216K 47s
450250K .......... .......... .......... .......... .......... 97%  216K 47s
450300K .......... .......... .......... .......... .......... 97%  216K 47s
450350K .......... .......... .......... .......... .......... 97%  216K 47s
450400K .......... .......... .......... .......... .......... 97%  162K 46s
450450K .......... .......... .......... .......... .......... 97%  255K 46s
450500K .......... .......... .......... .......... .......... 97%  263K 46s
450550K .......... .......... .......... .......... .......... 97%  259K 46s
450600K .......... .......... .......... .......... .......... 97%  323K 45s
450650K .......... .......... .......... .......... .......... 97%  260K 45s
450700K .......... .......... .......... .......... .......... 97%  324K 45s
450750K .......... .......... .......... .......... .......... 97%  318K 45s
450800K .......... .......... .......... .......... .......... 97%  216K 45s
450850K .......... .......... .......... .......... .......... 97%  432K 44s
450900K .......... .......... .......... .......... .......... 97%  330K 44s
450950K .......... .......... .......... .......... .......... 97%  325K 44s
451000K .......... .......... .......... .......... .......... 97%  431K 44s
451050K .......... .......... .......... .......... .......... 97%  265K 44s
451100K .......... .......... .......... .......... .......... 97%  163K 43s
451150K .......... .......... .......... .......... .......... 97%  249K 43s
451200K .......... .......... .......... .......... .......... 97%  216K 43s
451250K .......... .......... .......... .......... .......... 97%  216K 43s
451300K .......... .......... .......... .......... .......... 97%  216K 43s
451350K .......... .......... .......... .......... .......... 97%  216K 42s
451400K .......... .......... .......... .......... .......... 97%  216K 42s
451450K .......... .......... .......... .......... .......... 97%  321K 42s
451500K .......... .......... .......... .......... .......... 97%  261K 42s
451550K .......... .......... .......... .......... .......... 97%  216K 42s
451600K .......... .......... .......... .......... .......... 97%  319K 41s
451650K .......... .......... .......... .......... .......... 97%  262K 41s
451700K .......... .......... .......... .......... .......... 97%  321K 41s
451750K .......... .......... .......... .......... .......... 97%  262K 41s
451800K .......... .......... .......... .......... .......... 97%  430K 41s
451850K .......... .......... .......... .......... .......... 97%  321K 40s
451900K .......... .......... .......... .......... .......... 97%  317K 40s
451950K .......... .......... .......... .......... .......... 97%  265K 40s
452000K .......... .......... .......... .......... .......... 97%  430K 40s
452050K .......... .......... .......... .......... .......... 97%  317K 40s
452100K .......... .......... .......... .......... .......... 97%  332K 39s
452150K .......... .......... .......... .......... .......... 97%  431K 39s
452200K .......... .......... .......... .......... .......... 97%  430K 39s
452250K .......... .......... .......... .......... .......... 97%  432K 39s
452300K .......... .......... .......... .......... .......... 97%  325K 39s
452350K .......... .......... .......... .......... .......... 97%  432K 38s
452400K .......... .......... .......... .......... .......... 97%  432K 38s
452450K .......... .......... .......... .......... .......... 97%  432K 38s
452500K .......... .......... .......... .......... .......... 98%  432K 38s
452550K .......... .......... .......... .......... .......... 98%  263K 37s
452600K .......... .......... .......... .......... .......... 98%  416K 37s
452650K .......... .......... .......... .......... .......... 98%  325K 37s
452700K .......... .......... .......... .......... .......... 98%  217K 37s
452750K .......... .......... .......... .......... .......... 98%  430K 37s
452800K .......... .......... .......... .......... .......... 98%  432K 36s
452850K .......... .......... .......... .......... .......... 98%  432K 36s
452900K .......... .......... .......... .......... .......... 98%  182K 36s
452950K .......... .......... .......... .......... .......... 98%  694K 36s
453000K .......... .......... .......... .......... .......... 98%  259K 36s
453050K .......... .......... .......... .......... .......... 98%  339K 35s
453100K .......... .......... .......... .......... .......... 98%  216K 35s
453150K .......... .......... .......... .......... .......... 98%  300K 35s
453200K .......... .......... .......... .......... .......... 98%  336K 35s
453250K .......... .......... .......... .......... .......... 98%  339K 35s
453300K .......... .......... .......... .......... .......... 98%  430K 34s
453350K .......... .......... .......... .......... .......... 98%  301K 34s
453400K .......... .......... .......... .......... .......... 98%  336K 34s
453450K .......... .......... .......... .......... .......... 98%  253K 34s
453500K .......... .......... .......... .......... .......... 98%  429K 34s
453550K .......... .......... .......... .......... .......... 98%  337K 33s
453600K .......... .......... .......... .......... .......... 98%  429K 33s
453650K .......... .......... .......... .......... .......... 98%  191K 33s
453700K .......... .......... .......... .......... .......... 98%  955K 33s
453750K .......... .......... .......... .......... .......... 98%  278K 33s
453800K .......... .......... .......... .......... .......... 98%  248K 32s
453850K .......... .......... .......... .......... .......... 98%  143K 32s
453900K .......... .......... .......... .......... .......... 98%  216K 32s
453950K .......... .......... .......... .......... .......... 98%  144K 32s
454000K .......... .......... .......... .......... .......... 98%  133K 32s
454050K .......... .......... .......... .......... .......... 98%  144K 31s
454100K .......... .......... .......... .......... .......... 98%  144K 31s
454150K .......... .......... .......... .......... .......... 98%  177K 31s
454200K .......... .......... .......... .......... .......... 98%  144K 31s
454250K .......... .......... .......... .......... .......... 98%  216K 31s
454300K .......... .......... .......... .......... .......... 98%  144K 30s
454350K .......... .......... .......... .......... .......... 98%  273K 30s
454400K .......... .......... .......... .......... .......... 98%  158K 30s
454450K .......... .......... .......... .......... .......... 98%  191K 30s
454500K .......... .......... .......... .......... .......... 98%  144K 30s
454550K .......... .......... .......... .......... .......... 98%  144K 29s
454600K .......... .......... .......... .......... .......... 98%  144K 29s
454650K .......... .......... .......... .......... .......... 98%  183K 29s
454700K .......... .......... .......... .......... .......... 98%  216K 29s
454750K .......... .......... .......... .......... .......... 98%  216K 29s
454800K .......... .......... .......... .......... .......... 98%  216K 28s
454850K .......... .......... .......... .......... .......... 98%  261K 28s
454900K .......... .......... .......... .......... .......... 98%  216K 28s
454950K .......... .......... .......... .......... .......... 98%  321K 28s
455000K .......... .......... .......... .......... .......... 98%  216K 27s
455050K .......... .......... .......... .......... .......... 98%  163K 27s
455100K .......... .......... .......... .......... .......... 98%  428K 27s
455150K .......... .......... .......... .......... .......... 98%  132K 27s
455200K .......... .......... .......... .......... .......... 98%  108K 27s
455250K .......... .......... .......... .......... .......... 98%  108K 26s
455300K .......... .......... .......... .......... .......... 98%  144K 26s
455350K .......... .......... .......... .......... .......... 98%  108K 26s
455400K .......... .......... .......... .......... .......... 98%  209K 26s
455450K .......... .......... .......... .......... .......... 98%  184K 26s
455500K .......... .......... .......... .......... .......... 98%  188K 25s
455550K .......... .......... .......... .......... .......... 98%  253K 25s
455600K .......... .......... .......... .......... .......... 98%  216K 25s
455650K .......... .......... .......... .......... .......... 98%  261K 25s
455700K .......... .......... .......... .......... .......... 98%  224K 25s
455750K .......... .......... .......... .......... .......... 98%  208K 24s
455800K .......... .......... .......... .......... .......... 98%  259K 24s
455850K .......... .......... .......... .......... .......... 98%  320K 24s
455900K .......... .......... .......... .......... .......... 98%  261K 24s
455950K .......... .......... .......... .......... .......... 98%  337K 24s
456000K .......... .......... .......... .......... .......... 98%  308K 23s
456050K .......... .......... .......... .......... .......... 98%  327K 23s
456100K .......... .......... .......... .......... .......... 98%  338K 23s
456150K .......... .......... .......... .......... .......... 98%  250K 23s
456200K .......... .......... .......... .......... .......... 98%  256K 23s
456250K .......... .......... .......... .......... .......... 98%  271K 22s
456300K .......... .......... .......... .......... .......... 98%  215K 22s
456350K .......... .......... .......... .......... .......... 98%  216K 22s
456400K .......... .......... .......... .......... .......... 98%  216K 22s
456450K .......... .......... .......... .......... .......... 98%  213K 22s
456500K .......... .......... .......... .......... .......... 98%  183K 21s
456550K .......... .......... .......... .......... .......... 98%  270K 21s
456600K .......... .......... .......... .......... .......... 98%  252K 21s
456650K .......... .......... .......... .......... .......... 98%  257K 21s
456700K .......... .......... .......... .......... .......... 98%  219K 21s
456750K .......... .......... .......... .......... .......... 98%  216K 20s
456800K .......... .......... .......... .......... .......... 98%  216K 20s
456850K .......... .......... .......... .......... .......... 98%  321K 20s
456900K .......... .......... .......... .......... .......... 98%  188K 20s
456950K .......... .......... .......... .......... .......... 98%  311K 20s
457000K .......... .......... .......... .......... .......... 98%  220K 19s
457050K .......... .......... .......... .......... .......... 98%  419K 19s
457100K .......... .......... .......... .......... .......... 98%  220K 19s
457150K .......... .......... .......... .......... .......... 99%  418K 19s
457200K .......... .......... .......... .......... .......... 99%  220K 18s
457250K .......... .......... .......... .......... .......... 99%  321K 18s
457300K .......... .......... .......... .......... .......... 99%  162K 18s
457350K .......... .......... .......... .......... .......... 99%  216K 18s
457400K .......... .......... .......... .......... .......... 99%  184K 18s
457450K .......... .......... .......... .......... .......... 99%  188K 17s
457500K .......... .......... .......... .......... .......... 99%  216K 17s
457550K .......... .......... .......... .......... .......... 99%  216K 17s
457600K .......... .......... .......... .......... .......... 99%  216K 17s
457650K .......... .......... .......... .......... .......... 99%  180K 17s
457700K .......... .......... .......... .......... .......... 99%  165K 16s
457750K .......... .......... .......... .......... .......... 99%  216K 16s
457800K .......... .......... .......... .......... .......... 99%  184K 16s
457850K .......... .......... .......... .......... .......... 99%  144K 16s
457900K .......... .......... .......... .......... .......... 99%  216K 16s
457950K .......... .......... .......... .......... .......... 99%  144K 15s
458000K .......... .......... .......... .......... .......... 99%  154K 15s
458050K .......... .......... .......... .......... .......... 99% 83.2K 15s
458100K .......... .......... .......... .......... .......... 99%  144K 15s
458150K .......... .......... .......... .......... .......... 99%  144K 15s
458200K .......... .......... .......... .......... .......... 99%  152K 14s
458250K .......... .......... .......... .......... .......... 99%  200K 14s
458300K .......... .......... .......... .......... .......... 99%  184K 14s
458350K .......... .......... .......... .......... .......... 99%  216K 14s
458400K .......... .......... .......... .......... .......... 99%  173K 14s
458450K .......... .......... .......... .......... .......... 99%  216K 13s
458500K .......... .......... .......... .......... .......... 99%  232K 13s
458550K .......... .......... .......... .......... .......... 99%  201K 13s
458600K .......... .......... .......... .......... .......... 99%  216K 13s
458650K .......... .......... .......... .......... .......... 99%  200K 13s
458700K .......... .......... .......... .......... .......... 99%  215K 12s
458750K .......... .......... .......... .......... .......... 99%  234K 12s
458800K .......... .......... .......... .......... .......... 99%  201K 12s
458850K .......... .......... .......... .......... .......... 99%  257K 12s
458900K .......... .......... .......... .......... .......... 99%  262K 12s
458950K .......... .......... .......... .......... .......... 99%  260K 11s
459000K .......... .......... .......... .......... .......... 99%  257K 11s
459050K .......... .......... .......... .......... .......... 99%  187K 11s
459100K .......... .......... .......... .......... .......... 99%  160K 11s
459150K .......... .......... .......... .......... .......... 99%  200K 11s
459200K .......... .......... .......... .......... .......... 99%  113K 10s
459250K .......... .......... .......... .......... .......... 99%  187K 10s
459300K .......... .......... .......... .......... .......... 99%  160K 10s
459350K .......... .......... .......... .......... .......... 99%  215K 10s
459400K .......... .......... .......... .......... .......... 99%  141K 10s
459450K .......... .......... .......... .......... .......... 99%  204K 9s
459500K .......... .......... .......... .......... .......... 99%  170K 9s
459550K .......... .......... .......... .......... .......... 99%  163K 9s
459600K .......... .......... .......... .......... .......... 99%  184K 9s
459650K .......... .......... .......... .......... .......... 99%  216K 8s
459700K .......... .......... .......... .......... .......... 99%  185K 8s
459750K .......... .......... .......... .......... .......... 99%  261K 8s
459800K .......... .......... .......... .......... .......... 99%  261K 8s
459850K .......... .......... .......... .......... .......... 99%  238K 8s
459900K .......... .......... .......... .......... .......... 99%  230K 7s
459950K .......... .......... .......... .......... .......... 99%  215K 7s
460000K .......... .......... .......... .......... .......... 99%  325K 7s
460050K .......... .......... .......... .......... .......... 99%  253K 7s
460100K .......... .......... .......... .......... .......... 99%  333K 7s
460150K .......... .......... .......... .......... .......... 99%  322K 6s
460200K .......... .......... .......... .......... .......... 99%  317K 6s
460250K .......... .......... .......... .......... .......... 99%  332K 6s
460300K .......... .......... .......... .......... .......... 99%  428K 6s
460350K .......... .......... .......... .......... .......... 99%  145K 6s
460400K .......... .......... .......... .......... .......... 99%  213K 5s
460450K .......... .......... .......... .......... .......... 99%  117K 5s
460500K .......... .......... .......... .......... .......... 99%  144K 5s
460550K .......... .......... .......... .......... .......... 99%  144K 5s
460600K .......... .......... .......... .......... .......... 99%  185K 5s
460650K .......... .......... .......... .......... .......... 99%  181K 4s
460700K .......... .......... .......... .......... .......... 99%  165K 4s
460750K .......... .......... .......... .......... .......... 99%  216K 4s
460800K .......... .......... .......... .......... .......... 99%  217K 4s
460850K .......... .......... .......... .......... .......... 99%  218K 4s
460900K .......... .......... .......... .......... .......... 99%  308K 3s
460950K .......... .......... .......... .......... .......... 99%  169K 3s
461000K .......... .......... .......... .......... .......... 99%  299K 3s
461050K .......... .......... .......... .......... .......... 99%  215K 3s
461100K .......... .......... .......... .......... .......... 99%  167K 3s
461150K .......... .......... .......... .......... .......... 99%  254K 2s
461200K .......... .......... .......... .......... .......... 99%  258K 2s
461250K .......... .......... .......... .......... .......... 99%  266K 2s
461300K .......... .......... .......... .......... .......... 99%  308K 2s
461350K .......... .......... .......... .......... .......... 99%  270K 2s
461400K .......... .......... .......... .......... .......... 99%  255K 1s
461450K .......... .......... .......... .......... .......... 99%  216K 1s
461500K .......... .......... .......... .......... .......... 99%  331K 1s
461550K .......... .......... .......... .......... .......... 99%  215K 1s
461600K .......... .......... .......... .......... .......... 99%  255K 0s
461650K .......... .......... .......... .......... .......... 99%  187K 0s
461700K .......... .......... .......... .......... .......... 99%  158K 0s
461750K .......... .........                                  100% 33.1K=31m35s

2025-10-28 22:04:57 (244 KB/s) - ‘mobsuite_database.tar.gz’ saved [472851578/472851578]

._data
tar: Ignoring unknown extended header keyword 'LIBARCHIVE.xattr.com.apple.quarantine'
tar: Ignoring unknown extended header keyword 'LIBARCHIVE.xattr.com.apple.macl'
data/
data/._.DS_Store
tar: Ignoring unknown extended header keyword 'LIBARCHIVE.xattr.com.apple.FinderInfo'
data/.DS_Store
data/._repetitive.dna.fas
tar: Ignoring unknown extended header keyword 'LIBARCHIVE.xattr.com.apple.quarantine'
tar: Ignoring unknown extended header keyword 'LIBARCHIVE.xattr.com.apple.metadata:kMDItemWhereFroms'
tar: Ignoring unknown extended header keyword 'LIBARCHIVE.xattr.com.apple.lastuseddate#PS'
tar: Ignoring unknown extended header keyword 'LIBARCHIVE.xattr.com.apple.TextEncoding'
data/repetitive.dna.fas
data/._mob.proteins.faa
tar: Ignoring unknown extended header keyword 'LIBARCHIVE.xattr.com.apple.quarantine'
tar: Ignoring unknown extended header keyword 'LIBARCHIVE.xattr.com.apple.metadata:kMDItemWhereFroms'
tar: Ignoring unknown extended header keyword 'LIBARCHIVE.xattr.com.apple.lastuseddate#PS'
data/mob.proteins.faa
data/._rep.dna.fas
tar: Ignoring unknown extended header keyword 'LIBARCHIVE.xattr.com.apple.quarantine'
tar: Ignoring unknown extended header keyword 'LIBARCHIVE.xattr.com.apple.metadata:kMDItemWhereFroms'
tar: Ignoring unknown extended header keyword 'LIBARCHIVE.xattr.com.apple.lastuseddate#PS'
data/rep.dna.fas
data/.___init__.py
tar: Ignoring unknown extended header keyword 'LIBARCHIVE.xattr.com.apple.quarantine'
tar: Ignoring unknown extended header keyword 'LIBARCHIVE.xattr.com.apple.metadata:kMDItemWhereFroms'
data/__init__.py
data/._mpf.proteins.faa
tar: Ignoring unknown extended header keyword 'LIBARCHIVE.xattr.com.apple.quarantine'
tar: Ignoring unknown extended header keyword 'LIBARCHIVE.xattr.com.apple.metadata:kMDItemWhereFroms'
data/mpf.proteins.faa
data/._orit.fas
tar: Ignoring unknown extended header keyword 'LIBARCHIVE.xattr.com.apple.quarantine'
tar: Ignoring unknown extended header keyword 'LIBARCHIVE.xattr.com.apple.metadata:kMDItemWhereFroms'
data/orit.fas
data/._clusters.txt
tar: Ignoring unknown extended header keyword 'LIBARCHIVE.xattr.com.apple.quarantine'
tar: Ignoring unknown extended header keyword 'LIBARCHIVE.xattr.com.apple.metadata:kMDItemWhereFroms'
tar: Ignoring unknown extended header keyword 'LIBARCHIVE.xattr.com.apple.lastuseddate#PS'
tar: Ignoring unknown extended header keyword 'LIBARCHIVE.xattr.com.apple.TextEncoding'
data/clusters.txt
data/._ncbi_plasmid_full_seqs.fas
tar: Ignoring unknown extended header keyword 'LIBARCHIVE.xattr.com.apple.quarantine'
tar: Ignoring unknown extended header keyword 'LIBARCHIVE.xattr.com.apple.metadata:kMDItemWhereFroms'
data/ncbi_plasmid_full_seqs.fas
data/._host_range_literature_plasmidDB.txt
tar: Ignoring unknown extended header keyword 'LIBARCHIVE.xattr.com.apple.quarantine'
tar: Ignoring unknown extended header keyword 'LIBARCHIVE.xattr.com.apple.metadata:kMDItemWhereFroms'
tar: Ignoring unknown extended header keyword 'LIBARCHIVE.xattr.com.apple.lastuseddate#PS'
tar: Ignoring unknown extended header keyword 'LIBARCHIVE.xattr.com.apple.TextEncoding'
tar: Ignoring unknown extended header keyword 'LIBARCHIVE.xattr.com.apple.FinderInfo'
data/host_range_literature_plasmidDB.txt
