mob_recon 3.1.9
mob_typer 3.1.9
PCMP_H19
mob_recon --infile /nfs/turbo/umms-esnitkin/Project_Penn_KPC/Sequence_data/assembly/illumina/spades/PCMP_H19/PCMP_H19\_contigs_l1000.fasta --outdir /nfs/turbo/umms-esnitkin/Project_Penn_KPC/Analysis/Combination_resistance/pre-intro-blbli-resistance-ms/data/evolution_experiment/mobsuite_short/PCMP_H19 
PCMP_H019_MVB_R
mob_recon --infile /nfs/turbo/umms-esnitkin/Project_Penn_KPC/Sequence_data/assembly/illumina/spades/PCMP_H019_MVB_R/PCMP_H019_MVB_R\_contigs_l1000.fasta --outdir /nfs/turbo/umms-esnitkin/Project_Penn_KPC/Analysis/Combination_resistance/pre-intro-blbli-resistance-ms/data/evolution_experiment/mobsuite_short/PCMP_H019_MVB_R 
PCMP_H116
mob_recon --infile /nfs/turbo/umms-esnitkin/Project_Penn_KPC/Sequence_data/assembly/illumina/spades/PCMP_H116/PCMP_H116\_contigs_l1000.fasta --outdir /nfs/turbo/umms-esnitkin/Project_Penn_KPC/Analysis/Combination_resistance/pre-intro-blbli-resistance-ms/data/evolution_experiment/mobsuite_short/PCMP_H116 
PCMP_H116_MVB_R
mob_recon --infile /nfs/turbo/umms-esnitkin/Project_Penn_KPC/Sequence_data/assembly/illumina/spades/PCMP_H116_MVB_R/PCMP_H116_MVB_R\_contigs_l1000.fasta --outdir /nfs/turbo/umms-esnitkin/Project_Penn_KPC/Analysis/Combination_resistance/pre-intro-blbli-resistance-ms/data/evolution_experiment/mobsuite_short/PCMP_H116_MVB_R 
PCMP_H226
mob_recon --infile /nfs/turbo/umms-esnitkin/Project_Penn_KPC/Sequence_data/assembly/illumina/spades/PCMP_H226/PCMP_H226\_contigs_l1000.fasta --outdir /nfs/turbo/umms-esnitkin/Project_Penn_KPC/Analysis/Combination_resistance/pre-intro-blbli-resistance-ms/data/evolution_experiment/mobsuite_short/PCMP_H226 
PCMP_H226_MVB_R
mob_recon --infile /nfs/turbo/umms-esnitkin/Project_Penn_KPC/Sequence_data/assembly/illumina/spades/PCMP_H226_MVB_R/PCMP_H226_MVB_R\_contigs_l1000.fasta --outdir /nfs/turbo/umms-esnitkin/Project_Penn_KPC/Analysis/Combination_resistance/pre-intro-blbli-resistance-ms/data/evolution_experiment/mobsuite_short/PCMP_H226_MVB_R 
PCMP_H261
mob_recon --infile /nfs/turbo/umms-esnitkin/Project_Penn_KPC/Sequence_data/assembly/illumina/spades/PCMP_H261/PCMP_H261\_contigs_l1000.fasta --outdir /nfs/turbo/umms-esnitkin/Project_Penn_KPC/Analysis/Combination_resistance/pre-intro-blbli-resistance-ms/data/evolution_experiment/mobsuite_short/PCMP_H261 
PCMP_H261_MVB_R
mob_recon --infile /nfs/turbo/umms-esnitkin/Project_Penn_KPC/Sequence_data/assembly/illumina/spades/PCMP_H261_MVB_R/PCMP_H261_MVB_R\_contigs_l1000.fasta --outdir /nfs/turbo/umms-esnitkin/Project_Penn_KPC/Analysis/Combination_resistance/pre-intro-blbli-resistance-ms/data/evolution_experiment/mobsuite_short/PCMP_H261_MVB_R 
PCMP_H318
mob_recon --infile /nfs/turbo/umms-esnitkin/Project_Penn_KPC/Sequence_data/assembly/illumina/spades/PCMP_H318/PCMP_H318\_contigs_l1000.fasta --outdir /nfs/turbo/umms-esnitkin/Project_Penn_KPC/Analysis/Combination_resistance/pre-intro-blbli-resistance-ms/data/evolution_experiment/mobsuite_short/PCMP_H318 
PCMP_H318_MVB_R
mob_recon --infile /nfs/turbo/umms-esnitkin/Project_Penn_KPC/Sequence_data/assembly/illumina/spades/PCMP_H318_MVB_R/PCMP_H318_MVB_R\_contigs_l1000.fasta --outdir /nfs/turbo/umms-esnitkin/Project_Penn_KPC/Analysis/Combination_resistance/pre-intro-blbli-resistance-ms/data/evolution_experiment/mobsuite_short/PCMP_H318_MVB_R 
PCMP_H323
mob_recon --infile /nfs/turbo/umms-esnitkin/Project_Penn_KPC/Sequence_data/assembly/illumina/spades/PCMP_H323/PCMP_H323\_contigs_l1000.fasta --outdir /nfs/turbo/umms-esnitkin/Project_Penn_KPC/Analysis/Combination_resistance/pre-intro-blbli-resistance-ms/data/evolution_experiment/mobsuite_short/PCMP_H323 
PCMP_H323_MVB_R
mob_recon --infile /nfs/turbo/umms-esnitkin/Project_Penn_KPC/Sequence_data/assembly/illumina/spades/PCMP_H323_MVB_R/PCMP_H323_MVB_R\_contigs_l1000.fasta --outdir /nfs/turbo/umms-esnitkin/Project_Penn_KPC/Analysis/Combination_resistance/pre-intro-blbli-resistance-ms/data/evolution_experiment/mobsuite_short/PCMP_H323_MVB_R 
PCMP_H414
mob_recon --infile /nfs/turbo/umms-esnitkin/Project_Penn_KPC/Sequence_data/assembly/illumina/spades/PCMP_H414/PCMP_H414\_contigs_l1000.fasta --outdir /nfs/turbo/umms-esnitkin/Project_Penn_KPC/Analysis/Combination_resistance/pre-intro-blbli-resistance-ms/data/evolution_experiment/mobsuite_short/PCMP_H414 
PCMP_H414_MVB_R
mob_recon --infile /nfs/turbo/umms-esnitkin/Project_Penn_KPC/Sequence_data/assembly/illumina/spades/PCMP_H414_MVB_R/PCMP_H414_MVB_R\_contigs_l1000.fasta --outdir /nfs/turbo/umms-esnitkin/Project_Penn_KPC/Analysis/Combination_resistance/pre-intro-blbli-resistance-ms/data/evolution_experiment/mobsuite_short/PCMP_H414_MVB_R 
PCMP_H464
mob_recon --infile /nfs/turbo/umms-esnitkin/Project_Penn_KPC/Sequence_data/assembly/illumina/spades/PCMP_H464/PCMP_H464\_contigs_l1000.fasta --outdir /nfs/turbo/umms-esnitkin/Project_Penn_KPC/Analysis/Combination_resistance/pre-intro-blbli-resistance-ms/data/evolution_experiment/mobsuite_short/PCMP_H464 
PCMP_H464_MVB_R
mob_recon --infile /nfs/turbo/umms-esnitkin/Project_Penn_KPC/Sequence_data/assembly/illumina/spades/PCMP_H464_MVB_R/PCMP_H464_MVB_R\_contigs_l1000.fasta --outdir /nfs/turbo/umms-esnitkin/Project_Penn_KPC/Analysis/Combination_resistance/pre-intro-blbli-resistance-ms/data/evolution_experiment/mobsuite_short/PCMP_H464_MVB_R 
2026-02-19 13:11:41,386 mob_suite.mob_recon INFO: MOB-recon version 3.1.9  [in /home/kgontjes/.conda/envs/mobsuite_v3_1_9/lib/python3.11/site-packages/mob_suite/mob_recon.py:984]
2026-02-19 13:11:41,386 mob_suite.mob_recon INFO: SUCCESS: Found program blastn at /home/kgontjes/.conda/envs/mobsuite_v3_1_9/bin/blastn [in /home/kgontjes/.conda/envs/mobsuite_v3_1_9/lib/python3.11/site-packages/mob_suite/utils.py:597]
2026-02-19 13:11:41,386 mob_suite.mob_recon INFO: SUCCESS: Found program makeblastdb at /home/kgontjes/.conda/envs/mobsuite_v3_1_9/bin/makeblastdb [in /home/kgontjes/.conda/envs/mobsuite_v3_1_9/lib/python3.11/site-packages/mob_suite/utils.py:597]
2026-02-19 13:11:41,386 mob_suite.mob_recon INFO: SUCCESS: Found program tblastn at /home/kgontjes/.conda/envs/mobsuite_v3_1_9/bin/tblastn [in /home/kgontjes/.conda/envs/mobsuite_v3_1_9/lib/python3.11/site-packages/mob_suite/utils.py:597]
2026-02-19 13:11:41,388 mob_suite.mob_recon INFO: Processing fasta file /nfs/turbo/umms-esnitkin/Project_Penn_KPC/Sequence_data/assembly/illumina/spades/PCMP_H323_MVB_R/PCMP_H323_MVB_R_contigs_l1000.fasta [in /home/kgontjes/.conda/envs/mobsuite_v3_1_9/lib/python3.11/site-packages/mob_suite/mob_recon.py:1011]
2026-02-19 13:11:41,388 mob_suite.mob_recon INFO: Analysis directory /nfs/turbo/umms-esnitkin/Project_Penn_KPC/Analysis/Combination_resistance/pre-intro-blbli-resistance-ms/data/evolution_experiment/mobsuite_short/PCMP_H323_MVB_R [in /home/kgontjes/.conda/envs/mobsuite_v3_1_9/lib/python3.11/site-packages/mob_suite/mob_recon.py:1012]
2026-02-19 13:11:43,690 mob_suite.mob_recon INFO: Writing cleaned header input fasta file from /nfs/turbo/umms-esnitkin/Project_Penn_KPC/Sequence_data/assembly/illumina/spades/PCMP_H323_MVB_R/PCMP_H323_MVB_R_contigs_l1000.fasta to /nfs/turbo/umms-esnitkin/Project_Penn_KPC/Analysis/Combination_resistance/pre-intro-blbli-resistance-ms/data/evolution_experiment/mobsuite_short/PCMP_H323_MVB_R/__tmp/fixed.input.fasta [in /home/kgontjes/.conda/envs/mobsuite_v3_1_9/lib/python3.11/site-packages/mob_suite/mob_recon.py:1107]
2026-02-19 13:11:44,755 root INFO: Blasting replicon sequences /home/kgontjes/.conda/envs/mobsuite_v3_1_9/lib/python3.11/site-packages/mob_suite/databases/rep.dna.fas against /nfs/turbo/umms-esnitkin/Project_Penn_KPC/Analysis/Combination_resistance/pre-intro-blbli-resistance-ms/data/evolution_experiment/mobsuite_short/PCMP_H323_MVB_R/__tmp/fixed.input.fasta [in /home/kgontjes/.conda/envs/mobsuite_v3_1_9/lib/python3.11/site-packages/mob_suite/utils.py:1163]
/home/kgontjes/.conda/envs/mobsuite_v3_1_9/lib/python3.11/site-packages/mob_suite/utils.py:338: FutureWarning: the 'line_terminator'' keyword is deprecated, use 'lineterminator' instead.
  blast_df.to_csv(blast_results_file, sep='\t', header=True, line_terminator='\n', index=False)
2026-02-19 13:11:45,545 root INFO: Filtering replicon blast results /nfs/turbo/umms-esnitkin/Project_Penn_KPC/Analysis/Combination_resistance/pre-intro-blbli-resistance-ms/data/evolution_experiment/mobsuite_short/PCMP_H323_MVB_R/__tmp/replicon_blast_results.txt  [in /home/kgontjes/.conda/envs/mobsuite_v3_1_9/lib/python3.11/site-packages/mob_suite/utils.py:1168]
2026-02-19 13:11:45,589 root INFO: Blasting relaxase sequences /home/kgontjes/.conda/envs/mobsuite_v3_1_9/lib/python3.11/site-packages/mob_suite/databases/mob.proteins.faa against /nfs/turbo/umms-esnitkin/Project_Penn_KPC/Analysis/Combination_resistance/pre-intro-blbli-resistance-ms/data/evolution_experiment/mobsuite_short/PCMP_H323_MVB_R/__tmp/fixed.input.fasta [in /home/kgontjes/.conda/envs/mobsuite_v3_1_9/lib/python3.11/site-packages/mob_suite/utils.py:1186]
/home/kgontjes/.conda/envs/mobsuite_v3_1_9/lib/python3.11/site-packages/mob_suite/utils.py:365: FutureWarning: the 'line_terminator'' keyword is deprecated, use 'lineterminator' instead.
  blast_df.to_csv(blast_results_file, sep='\t', header=True, line_terminator='\n', index=False)
2026-02-19 13:13:06,587 root INFO: Filtering relaxase blast results /nfs/turbo/umms-esnitkin/Project_Penn_KPC/Analysis/Combination_resistance/pre-intro-blbli-resistance-ms/data/evolution_experiment/mobsuite_short/PCMP_H323_MVB_R/__tmp/mob_blast_results.txt  [in /home/kgontjes/.conda/envs/mobsuite_v3_1_9/lib/python3.11/site-packages/mob_suite/utils.py:1191]
2026-02-19 13:13:06,607 root INFO: Blasting MPF sequences /home/kgontjes/.conda/envs/mobsuite_v3_1_9/lib/python3.11/site-packages/mob_suite/databases/mpf.proteins.faa against /nfs/turbo/umms-esnitkin/Project_Penn_KPC/Analysis/Combination_resistance/pre-intro-blbli-resistance-ms/data/evolution_experiment/mobsuite_short/PCMP_H323_MVB_R/__tmp/fixed.input.fasta [in /home/kgontjes/.conda/envs/mobsuite_v3_1_9/lib/python3.11/site-packages/mob_suite/utils.py:1210]
/home/kgontjes/.conda/envs/mobsuite_v3_1_9/lib/python3.11/site-packages/mob_suite/utils.py:365: FutureWarning: the 'line_terminator'' keyword is deprecated, use 'lineterminator' instead.
  blast_df.to_csv(blast_results_file, sep='\t', header=True, line_terminator='\n', index=False)
2026-02-19 13:14:02,847 root INFO: Filtering MPF blast results /nfs/turbo/umms-esnitkin/Project_Penn_KPC/Analysis/Combination_resistance/pre-intro-blbli-resistance-ms/data/evolution_experiment/mobsuite_short/PCMP_H323_MVB_R/__tmp/mpf_blast_results.txt  [in /home/kgontjes/.conda/envs/mobsuite_v3_1_9/lib/python3.11/site-packages/mob_suite/utils.py:1225]
2026-02-19 13:14:02,847 root INFO: Blasting orit sequences /home/kgontjes/.conda/envs/mobsuite_v3_1_9/lib/python3.11/site-packages/mob_suite/databases/orit.fas against /nfs/turbo/umms-esnitkin/Project_Penn_KPC/Analysis/Combination_resistance/pre-intro-blbli-resistance-ms/data/evolution_experiment/mobsuite_short/PCMP_H323_MVB_R/__tmp/fixed.input.fasta [in /home/kgontjes/.conda/envs/mobsuite_v3_1_9/lib/python3.11/site-packages/mob_suite/utils.py:1234]
2026-02-19 13:14:03,023 root INFO: Filtering orit blast results /nfs/turbo/umms-esnitkin/Project_Penn_KPC/Analysis/Combination_resistance/pre-intro-blbli-resistance-ms/data/evolution_experiment/mobsuite_short/PCMP_H323_MVB_R/__tmp/orit_blast_results.txt  [in /home/kgontjes/.conda/envs/mobsuite_v3_1_9/lib/python3.11/site-packages/mob_suite/utils.py:1239]
2026-02-19 13:14:03,023 root WARNING: No BLASTN results to parse from file /nfs/turbo/umms-esnitkin/Project_Penn_KPC/Analysis/Combination_resistance/pre-intro-blbli-resistance-ms/data/evolution_experiment/mobsuite_short/PCMP_H323_MVB_R/__tmp/orit_blast_results.txt [in /home/kgontjes/.conda/envs/mobsuite_v3_1_9/lib/python3.11/site-packages/mob_suite/blast/__init__.py:181]
2026-02-19 13:14:03,023 root INFO: Blasting contigs against repetitive sequences db: /home/kgontjes/.conda/envs/mobsuite_v3_1_9/lib/python3.11/site-packages/mob_suite/databases/repetitive.dna.fas [in /home/kgontjes/.conda/envs/mobsuite_v3_1_9/lib/python3.11/site-packages/mob_suite/utils.py:1256]
/home/kgontjes/.conda/envs/mobsuite_v3_1_9/lib/python3.11/site-packages/mob_suite/utils.py:338: FutureWarning: the 'line_terminator'' keyword is deprecated, use 'lineterminator' instead.
  blast_df.to_csv(blast_results_file, sep='\t', header=True, line_terminator='\n', index=False)
2026-02-19 13:14:03,945 root INFO: Filtering repetitive blast results /nfs/turbo/umms-esnitkin/Project_Penn_KPC/Analysis/Combination_resistance/pre-intro-blbli-resistance-ms/data/evolution_experiment/mobsuite_short/PCMP_H323_MVB_R/__tmp/repetitive_blast_results.txt  [in /home/kgontjes/.conda/envs/mobsuite_v3_1_9/lib/python3.11/site-packages/mob_suite/utils.py:1260]
2026-02-19 13:14:03,956 root INFO: Filtering contig: 57_606ee60298c7b2f0e27b703b40145531_circular=false_1196 due to repetitive sequence [in /home/kgontjes/.conda/envs/mobsuite_v3_1_9/lib/python3.11/site-packages/mob_suite/utils.py:1275]
2026-02-19 13:14:03,956 root INFO: Filtering contig: 60_65cc8840c01ec48c53a2eaf8a2b87cc4_circular=false_1057 due to repetitive sequence [in /home/kgontjes/.conda/envs/mobsuite_v3_1_9/lib/python3.11/site-packages/mob_suite/utils.py:1275]
2026-02-19 13:14:03,956 root INFO: Filtering contig: 60_65cc8840c01ec48c53a2eaf8a2b87cc4_circular=false_1057 due to repetitive sequence [in /home/kgontjes/.conda/envs/mobsuite_v3_1_9/lib/python3.11/site-packages/mob_suite/utils.py:1275]
2026-02-19 13:14:03,957 root INFO: Filtering contig: 57_606ee60298c7b2f0e27b703b40145531_circular=false_1196 due to repetitive sequence [in /home/kgontjes/.conda/envs/mobsuite_v3_1_9/lib/python3.11/site-packages/mob_suite/utils.py:1275]
2026-02-19 13:14:03,957 root INFO: Filtering contig: 60_65cc8840c01ec48c53a2eaf8a2b87cc4_circular=false_1057 due to repetitive sequence [in /home/kgontjes/.conda/envs/mobsuite_v3_1_9/lib/python3.11/site-packages/mob_suite/utils.py:1275]
2026-02-19 13:14:03,957 root INFO: Filtering contig: 59_58e2fe80d02ca9e03f7549022cab9f82_circular=false_1087 due to repetitive sequence [in /home/kgontjes/.conda/envs/mobsuite_v3_1_9/lib/python3.11/site-packages/mob_suite/utils.py:1275]
2026-02-19 13:14:03,957 root INFO: Filtering contig: 56_07a24b0decbbfe842dde5297a275bcda_circular=false_1202 due to repetitive sequence [in /home/kgontjes/.conda/envs/mobsuite_v3_1_9/lib/python3.11/site-packages/mob_suite/utils.py:1275]
2026-02-19 13:14:03,957 root INFO: Blasting contigs against reference sequence db: /home/kgontjes/.conda/envs/mobsuite_v3_1_9/lib/python3.11/site-packages/mob_suite/databases/ncbi_plasmid_full_seqs.fas [in /home/kgontjes/.conda/envs/mobsuite_v3_1_9/lib/python3.11/site-packages/mob_suite/mob_recon.py:1264]
/home/kgontjes/.conda/envs/mobsuite_v3_1_9/lib/python3.11/site-packages/mob_suite/utils.py:338: FutureWarning: the 'line_terminator'' keyword is deprecated, use 'lineterminator' instead.
  blast_df.to_csv(blast_results_file, sep='\t', header=True, line_terminator='\n', index=False)
2026-02-19 13:14:49,425 root INFO: Filtering contig blast results: /nfs/turbo/umms-esnitkin/Project_Penn_KPC/Analysis/Combination_resistance/pre-intro-blbli-resistance-ms/data/evolution_experiment/mobsuite_short/PCMP_H323_MVB_R/__tmp/contig_blast_results.txt [in /home/kgontjes/.conda/envs/mobsuite_v3_1_9/lib/python3.11/site-packages/mob_suite/mob_recon.py:1269]
2026-02-19 13:14:50,479 root INFO: Assigning contigs to plasmid groups [in /home/kgontjes/.conda/envs/mobsuite_v3_1_9/lib/python3.11/site-packages/mob_suite/mob_recon.py:1284]
2026-02-19 13:14:57,455 root INFO: Writting contig results to /nfs/turbo/umms-esnitkin/Project_Penn_KPC/Analysis/Combination_resistance/pre-intro-blbli-resistance-ms/data/evolution_experiment/mobsuite_short/PCMP_H323_MVB_R/contig_report.txt [in /home/kgontjes/.conda/envs/mobsuite_v3_1_9/lib/python3.11/site-packages/mob_suite/mob_recon.py:1387]
2026-02-19 13:14:59,043 root INFO: Writting plasmid sequences to /nfs/turbo/umms-esnitkin/Project_Penn_KPC/Analysis/Combination_resistance/pre-intro-blbli-resistance-ms/data/evolution_experiment/mobsuite_short/PCMP_H323_MVB_R/plasmid_AA018.fasta [in /home/kgontjes/.conda/envs/mobsuite_v3_1_9/lib/python3.11/site-packages/mob_suite/utils.py:971]
2026-02-19 13:15:05,710 root INFO: Writting plasmid sequences to /nfs/turbo/umms-esnitkin/Project_Penn_KPC/Analysis/Combination_resistance/pre-intro-blbli-resistance-ms/data/evolution_experiment/mobsuite_short/PCMP_H323_MVB_R/plasmid_AA941.fasta [in /home/kgontjes/.conda/envs/mobsuite_v3_1_9/lib/python3.11/site-packages/mob_suite/utils.py:971]
2026-02-19 13:15:06,798 root INFO: Writting chromosome sequences to /nfs/turbo/umms-esnitkin/Project_Penn_KPC/Analysis/Combination_resistance/pre-intro-blbli-resistance-ms/data/evolution_experiment/mobsuite_short/PCMP_H323_MVB_R/chromosome.fasta [in /home/kgontjes/.conda/envs/mobsuite_v3_1_9/lib/python3.11/site-packages/mob_suite/mob_recon.py:1404]
/home/kgontjes/.conda/envs/mobsuite_v3_1_9/lib/python3.11/site-packages/mob_suite/utils.py:338: FutureWarning: the 'line_terminator'' keyword is deprecated, use 'lineterminator' instead.
  blast_df.to_csv(blast_results_file, sep='\t', header=True, line_terminator='\n', index=False)
2026-02-19 13:15:07,758 root INFO: Creating plasmid biomarkers report ... [in /home/kgontjes/.conda/envs/mobsuite_v3_1_9/lib/python3.11/site-packages/mob_suite/utils.py:1382]
2026-02-19 13:15:07,868 root INFO: Writting plasmid biomarkers report contaning 19 biomarkers [in /home/kgontjes/.conda/envs/mobsuite_v3_1_9/lib/python3.11/site-packages/mob_suite/mob_recon.py:1478]
2026-02-19 13:15:07,873 root INFO: Cleaning up temporary files /nfs/turbo/umms-esnitkin/Project_Penn_KPC/Analysis/Combination_resistance/pre-intro-blbli-resistance-ms/data/evolution_experiment/mobsuite_short/PCMP_H323_MVB_R/__tmp [in /home/kgontjes/.conda/envs/mobsuite_v3_1_9/lib/python3.11/site-packages/mob_suite/mob_recon.py:1484]
2026-02-19 13:15:07,891 mob_suite.mob_recon INFO: MOB-recon completed and results written to /nfs/turbo/umms-esnitkin/Project_Penn_KPC/Analysis/Combination_resistance/pre-intro-blbli-resistance-ms/data/evolution_experiment/mobsuite_short/PCMP_H323_MVB_R [in /home/kgontjes/.conda/envs/mobsuite_v3_1_9/lib/python3.11/site-packages/mob_suite/mob_recon.py:1486]
Not 44_7a6161936d7b48af7da6ec46d82da3f8_circular=false_1196 to cluster AB130 assigned as already present in cluster AA018
Not 45_65cc8840c01ec48c53a2eaf8a2b87cc4_circular=false_1057 to cluster AB130 assigned as already present in cluster AA436
2026-02-19 13:11:41,413 mob_suite.mob_recon INFO: MOB-recon version 3.1.9  [in /home/kgontjes/.conda/envs/mobsuite_v3_1_9/lib/python3.11/site-packages/mob_suite/mob_recon.py:984]
2026-02-19 13:11:41,413 mob_suite.mob_recon INFO: SUCCESS: Found program blastn at /home/kgontjes/.conda/envs/mobsuite_v3_1_9/bin/blastn [in /home/kgontjes/.conda/envs/mobsuite_v3_1_9/lib/python3.11/site-packages/mob_suite/utils.py:597]
2026-02-19 13:11:41,413 mob_suite.mob_recon INFO: SUCCESS: Found program makeblastdb at /home/kgontjes/.conda/envs/mobsuite_v3_1_9/bin/makeblastdb [in /home/kgontjes/.conda/envs/mobsuite_v3_1_9/lib/python3.11/site-packages/mob_suite/utils.py:597]
2026-02-19 13:11:41,413 mob_suite.mob_recon INFO: SUCCESS: Found program tblastn at /home/kgontjes/.conda/envs/mobsuite_v3_1_9/bin/tblastn [in /home/kgontjes/.conda/envs/mobsuite_v3_1_9/lib/python3.11/site-packages/mob_suite/utils.py:597]
2026-02-19 13:11:41,450 mob_suite.mob_recon INFO: Processing fasta file /nfs/turbo/umms-esnitkin/Project_Penn_KPC/Sequence_data/assembly/illumina/spades/PCMP_H323/PCMP_H323_contigs_l1000.fasta [in /home/kgontjes/.conda/envs/mobsuite_v3_1_9/lib/python3.11/site-packages/mob_suite/mob_recon.py:1011]
2026-02-19 13:11:41,450 mob_suite.mob_recon INFO: Analysis directory /nfs/turbo/umms-esnitkin/Project_Penn_KPC/Analysis/Combination_resistance/pre-intro-blbli-resistance-ms/data/evolution_experiment/mobsuite_short/PCMP_H323 [in /home/kgontjes/.conda/envs/mobsuite_v3_1_9/lib/python3.11/site-packages/mob_suite/mob_recon.py:1012]
2026-02-19 13:11:44,313 mob_suite.mob_recon INFO: Writing cleaned header input fasta file from /nfs/turbo/umms-esnitkin/Project_Penn_KPC/Sequence_data/assembly/illumina/spades/PCMP_H323/PCMP_H323_contigs_l1000.fasta to /nfs/turbo/umms-esnitkin/Project_Penn_KPC/Analysis/Combination_resistance/pre-intro-blbli-resistance-ms/data/evolution_experiment/mobsuite_short/PCMP_H323/__tmp/fixed.input.fasta [in /home/kgontjes/.conda/envs/mobsuite_v3_1_9/lib/python3.11/site-packages/mob_suite/mob_recon.py:1107]
2026-02-19 13:11:45,019 root INFO: Blasting replicon sequences /home/kgontjes/.conda/envs/mobsuite_v3_1_9/lib/python3.11/site-packages/mob_suite/databases/rep.dna.fas against /nfs/turbo/umms-esnitkin/Project_Penn_KPC/Analysis/Combination_resistance/pre-intro-blbli-resistance-ms/data/evolution_experiment/mobsuite_short/PCMP_H323/__tmp/fixed.input.fasta [in /home/kgontjes/.conda/envs/mobsuite_v3_1_9/lib/python3.11/site-packages/mob_suite/utils.py:1163]
/home/kgontjes/.conda/envs/mobsuite_v3_1_9/lib/python3.11/site-packages/mob_suite/utils.py:338: FutureWarning: the 'line_terminator'' keyword is deprecated, use 'lineterminator' instead.
  blast_df.to_csv(blast_results_file, sep='\t', header=True, line_terminator='\n', index=False)
2026-02-19 13:11:45,906 root INFO: Filtering replicon blast results /nfs/turbo/umms-esnitkin/Project_Penn_KPC/Analysis/Combination_resistance/pre-intro-blbli-resistance-ms/data/evolution_experiment/mobsuite_short/PCMP_H323/__tmp/replicon_blast_results.txt  [in /home/kgontjes/.conda/envs/mobsuite_v3_1_9/lib/python3.11/site-packages/mob_suite/utils.py:1168]
2026-02-19 13:11:45,953 root INFO: Blasting relaxase sequences /home/kgontjes/.conda/envs/mobsuite_v3_1_9/lib/python3.11/site-packages/mob_suite/databases/mob.proteins.faa against /nfs/turbo/umms-esnitkin/Project_Penn_KPC/Analysis/Combination_resistance/pre-intro-blbli-resistance-ms/data/evolution_experiment/mobsuite_short/PCMP_H323/__tmp/fixed.input.fasta [in /home/kgontjes/.conda/envs/mobsuite_v3_1_9/lib/python3.11/site-packages/mob_suite/utils.py:1186]
/home/kgontjes/.conda/envs/mobsuite_v3_1_9/lib/python3.11/site-packages/mob_suite/utils.py:365: FutureWarning: the 'line_terminator'' keyword is deprecated, use 'lineterminator' instead.
  blast_df.to_csv(blast_results_file, sep='\t', header=True, line_terminator='\n', index=False)
2026-02-19 13:13:07,734 root INFO: Filtering relaxase blast results /nfs/turbo/umms-esnitkin/Project_Penn_KPC/Analysis/Combination_resistance/pre-intro-blbli-resistance-ms/data/evolution_experiment/mobsuite_short/PCMP_H323/__tmp/mob_blast_results.txt  [in /home/kgontjes/.conda/envs/mobsuite_v3_1_9/lib/python3.11/site-packages/mob_suite/utils.py:1191]
2026-02-19 13:13:07,759 root INFO: Blasting MPF sequences /home/kgontjes/.conda/envs/mobsuite_v3_1_9/lib/python3.11/site-packages/mob_suite/databases/mpf.proteins.faa against /nfs/turbo/umms-esnitkin/Project_Penn_KPC/Analysis/Combination_resistance/pre-intro-blbli-resistance-ms/data/evolution_experiment/mobsuite_short/PCMP_H323/__tmp/fixed.input.fasta [in /home/kgontjes/.conda/envs/mobsuite_v3_1_9/lib/python3.11/site-packages/mob_suite/utils.py:1210]
/home/kgontjes/.conda/envs/mobsuite_v3_1_9/lib/python3.11/site-packages/mob_suite/utils.py:365: FutureWarning: the 'line_terminator'' keyword is deprecated, use 'lineterminator' instead.
  blast_df.to_csv(blast_results_file, sep='\t', header=True, line_terminator='\n', index=False)
2026-02-19 13:14:05,867 root INFO: Filtering MPF blast results /nfs/turbo/umms-esnitkin/Project_Penn_KPC/Analysis/Combination_resistance/pre-intro-blbli-resistance-ms/data/evolution_experiment/mobsuite_short/PCMP_H323/__tmp/mpf_blast_results.txt  [in /home/kgontjes/.conda/envs/mobsuite_v3_1_9/lib/python3.11/site-packages/mob_suite/utils.py:1225]
2026-02-19 13:14:05,881 root INFO: Blasting orit sequences /home/kgontjes/.conda/envs/mobsuite_v3_1_9/lib/python3.11/site-packages/mob_suite/databases/orit.fas against /nfs/turbo/umms-esnitkin/Project_Penn_KPC/Analysis/Combination_resistance/pre-intro-blbli-resistance-ms/data/evolution_experiment/mobsuite_short/PCMP_H323/__tmp/fixed.input.fasta [in /home/kgontjes/.conda/envs/mobsuite_v3_1_9/lib/python3.11/site-packages/mob_suite/utils.py:1234]
2026-02-19 13:14:06,047 root INFO: Filtering orit blast results /nfs/turbo/umms-esnitkin/Project_Penn_KPC/Analysis/Combination_resistance/pre-intro-blbli-resistance-ms/data/evolution_experiment/mobsuite_short/PCMP_H323/__tmp/orit_blast_results.txt  [in /home/kgontjes/.conda/envs/mobsuite_v3_1_9/lib/python3.11/site-packages/mob_suite/utils.py:1239]
2026-02-19 13:14:06,047 root WARNING: No BLASTN results to parse from file /nfs/turbo/umms-esnitkin/Project_Penn_KPC/Analysis/Combination_resistance/pre-intro-blbli-resistance-ms/data/evolution_experiment/mobsuite_short/PCMP_H323/__tmp/orit_blast_results.txt [in /home/kgontjes/.conda/envs/mobsuite_v3_1_9/lib/python3.11/site-packages/mob_suite/blast/__init__.py:181]
2026-02-19 13:14:06,048 root INFO: Blasting contigs against repetitive sequences db: /home/kgontjes/.conda/envs/mobsuite_v3_1_9/lib/python3.11/site-packages/mob_suite/databases/repetitive.dna.fas [in /home/kgontjes/.conda/envs/mobsuite_v3_1_9/lib/python3.11/site-packages/mob_suite/utils.py:1256]
/home/kgontjes/.conda/envs/mobsuite_v3_1_9/lib/python3.11/site-packages/mob_suite/utils.py:338: FutureWarning: the 'line_terminator'' keyword is deprecated, use 'lineterminator' instead.
  blast_df.to_csv(blast_results_file, sep='\t', header=True, line_terminator='\n', index=False)
2026-02-19 13:14:07,087 root INFO: Filtering repetitive blast results /nfs/turbo/umms-esnitkin/Project_Penn_KPC/Analysis/Combination_resistance/pre-intro-blbli-resistance-ms/data/evolution_experiment/mobsuite_short/PCMP_H323/__tmp/repetitive_blast_results.txt  [in /home/kgontjes/.conda/envs/mobsuite_v3_1_9/lib/python3.11/site-packages/mob_suite/utils.py:1260]
2026-02-19 13:14:07,099 root INFO: Filtering contig: 39_066beb2c65151340ed27922ca003ece8_circular=false_1401 due to repetitive sequence [in /home/kgontjes/.conda/envs/mobsuite_v3_1_9/lib/python3.11/site-packages/mob_suite/utils.py:1275]
2026-02-19 13:14:07,099 root INFO: Filtering contig: 44_7a6161936d7b48af7da6ec46d82da3f8_circular=false_1196 due to repetitive sequence [in /home/kgontjes/.conda/envs/mobsuite_v3_1_9/lib/python3.11/site-packages/mob_suite/utils.py:1275]
2026-02-19 13:14:07,099 root INFO: Filtering contig: 45_65cc8840c01ec48c53a2eaf8a2b87cc4_circular=false_1057 due to repetitive sequence [in /home/kgontjes/.conda/envs/mobsuite_v3_1_9/lib/python3.11/site-packages/mob_suite/utils.py:1275]
2026-02-19 13:14:07,099 root INFO: Filtering contig: 45_65cc8840c01ec48c53a2eaf8a2b87cc4_circular=false_1057 due to repetitive sequence [in /home/kgontjes/.conda/envs/mobsuite_v3_1_9/lib/python3.11/site-packages/mob_suite/utils.py:1275]
2026-02-19 13:14:07,099 root INFO: Filtering contig: 44_7a6161936d7b48af7da6ec46d82da3f8_circular=false_1196 due to repetitive sequence [in /home/kgontjes/.conda/envs/mobsuite_v3_1_9/lib/python3.11/site-packages/mob_suite/utils.py:1275]
2026-02-19 13:14:07,099 root INFO: Filtering contig: 45_65cc8840c01ec48c53a2eaf8a2b87cc4_circular=false_1057 due to repetitive sequence [in /home/kgontjes/.conda/envs/mobsuite_v3_1_9/lib/python3.11/site-packages/mob_suite/utils.py:1275]
2026-02-19 13:14:07,099 root INFO: Filtering contig: 42_b14f56405e3861dc7f31d375e091e0b6_circular=false_1233 due to repetitive sequence [in /home/kgontjes/.conda/envs/mobsuite_v3_1_9/lib/python3.11/site-packages/mob_suite/utils.py:1275]
2026-02-19 13:14:07,099 root INFO: Filtering contig: 40_067e4bbd3a4ef0c54b643548395a54d3_circular=false_1362 due to repetitive sequence [in /home/kgontjes/.conda/envs/mobsuite_v3_1_9/lib/python3.11/site-packages/mob_suite/utils.py:1275]
2026-02-19 13:14:07,099 root INFO: Filtering contig: 43_07a24b0decbbfe842dde5297a275bcda_circular=false_1202 due to repetitive sequence [in /home/kgontjes/.conda/envs/mobsuite_v3_1_9/lib/python3.11/site-packages/mob_suite/utils.py:1275]
2026-02-19 13:14:07,099 root INFO: Blasting contigs against reference sequence db: /home/kgontjes/.conda/envs/mobsuite_v3_1_9/lib/python3.11/site-packages/mob_suite/databases/ncbi_plasmid_full_seqs.fas [in /home/kgontjes/.conda/envs/mobsuite_v3_1_9/lib/python3.11/site-packages/mob_suite/mob_recon.py:1264]
/home/kgontjes/.conda/envs/mobsuite_v3_1_9/lib/python3.11/site-packages/mob_suite/utils.py:338: FutureWarning: the 'line_terminator'' keyword is deprecated, use 'lineterminator' instead.
  blast_df.to_csv(blast_results_file, sep='\t', header=True, line_terminator='\n', index=False)
2026-02-19 13:15:03,835 root INFO: Filtering contig blast results: /nfs/turbo/umms-esnitkin/Project_Penn_KPC/Analysis/Combination_resistance/pre-intro-blbli-resistance-ms/data/evolution_experiment/mobsuite_short/PCMP_H323/__tmp/contig_blast_results.txt [in /home/kgontjes/.conda/envs/mobsuite_v3_1_9/lib/python3.11/site-packages/mob_suite/mob_recon.py:1269]
2026-02-19 13:15:04,864 root INFO: Assigning contigs to plasmid groups [in /home/kgontjes/.conda/envs/mobsuite_v3_1_9/lib/python3.11/site-packages/mob_suite/mob_recon.py:1284]
2026-02-19 13:15:12,147 root INFO: Writting contig results to /nfs/turbo/umms-esnitkin/Project_Penn_KPC/Analysis/Combination_resistance/pre-intro-blbli-resistance-ms/data/evolution_experiment/mobsuite_short/PCMP_H323/contig_report.txt [in /home/kgontjes/.conda/envs/mobsuite_v3_1_9/lib/python3.11/site-packages/mob_suite/mob_recon.py:1387]
2026-02-19 13:15:13,899 root INFO: Writting plasmid sequences to /nfs/turbo/umms-esnitkin/Project_Penn_KPC/Analysis/Combination_resistance/pre-intro-blbli-resistance-ms/data/evolution_experiment/mobsuite_short/PCMP_H323/plasmid_AA018.fasta [in /home/kgontjes/.conda/envs/mobsuite_v3_1_9/lib/python3.11/site-packages/mob_suite/utils.py:971]
2026-02-19 13:15:14,433 root INFO: Writting plasmid sequences to /nfs/turbo/umms-esnitkin/Project_Penn_KPC/Analysis/Combination_resistance/pre-intro-blbli-resistance-ms/data/evolution_experiment/mobsuite_short/PCMP_H323/plasmid_AA941.fasta [in /home/kgontjes/.conda/envs/mobsuite_v3_1_9/lib/python3.11/site-packages/mob_suite/utils.py:971]
2026-02-19 13:15:15,540 root INFO: Writting chromosome sequences to /nfs/turbo/umms-esnitkin/Project_Penn_KPC/Analysis/Combination_resistance/pre-intro-blbli-resistance-ms/data/evolution_experiment/mobsuite_short/PCMP_H323/chromosome.fasta [in /home/kgontjes/.conda/envs/mobsuite_v3_1_9/lib/python3.11/site-packages/mob_suite/mob_recon.py:1404]
/home/kgontjes/.conda/envs/mobsuite_v3_1_9/lib/python3.11/site-packages/mob_suite/utils.py:338: FutureWarning: the 'line_terminator'' keyword is deprecated, use 'lineterminator' instead.
  blast_df.to_csv(blast_results_file, sep='\t', header=True, line_terminator='\n', index=False)
2026-02-19 13:15:16,545 root INFO: Creating plasmid biomarkers report ... [in /home/kgontjes/.conda/envs/mobsuite_v3_1_9/lib/python3.11/site-packages/mob_suite/utils.py:1382]
2026-02-19 13:15:16,648 root INFO: Writting plasmid biomarkers report contaning 19 biomarkers [in /home/kgontjes/.conda/envs/mobsuite_v3_1_9/lib/python3.11/site-packages/mob_suite/mob_recon.py:1478]
2026-02-19 13:15:16,652 root INFO: Cleaning up temporary files /nfs/turbo/umms-esnitkin/Project_Penn_KPC/Analysis/Combination_resistance/pre-intro-blbli-resistance-ms/data/evolution_experiment/mobsuite_short/PCMP_H323/__tmp [in /home/kgontjes/.conda/envs/mobsuite_v3_1_9/lib/python3.11/site-packages/mob_suite/mob_recon.py:1484]
2026-02-19 13:15:16,669 mob_suite.mob_recon INFO: MOB-recon completed and results written to /nfs/turbo/umms-esnitkin/Project_Penn_KPC/Analysis/Combination_resistance/pre-intro-blbli-resistance-ms/data/evolution_experiment/mobsuite_short/PCMP_H323 [in /home/kgontjes/.conda/envs/mobsuite_v3_1_9/lib/python3.11/site-packages/mob_suite/mob_recon.py:1486]
Not 48_a842c780e7fd80c7be0ade8e7a34014c_circular=false_11262 to cluster AB130 assigned as already present in cluster AA552
Not 64_606ee60298c7b2f0e27b703b40145531_circular=false_1196 to cluster AB130 assigned as already present in cluster AA018
Not 66_139425d6f1adfe7d14872a98c5457250_circular=false_1057 to cluster AB130 assigned as already present in cluster AA436
Not 38_0aedbdeab7ab0bebed7937e58fb52373_circular=false_26377 to cluster AA552 assigned as already present in cluster AA552
Not 41_3a470e6d8845cc463b592698057f71b8_circular=false_18570 to cluster AA552 assigned as already present in cluster AA018
Not 43_28deda7d6319f385d9112907a3ea592e_circular=false_17642 to cluster AA552 assigned as already present in cluster AA552
Not 48_a842c780e7fd80c7be0ade8e7a34014c_circular=false_11262 to cluster AA552 assigned as already present in cluster AA552
Not 51_18202f76b56ccc8b6f520915d6ce0240_circular=false_8020 to cluster AA552 assigned as already present in cluster AA019
Not 60_0d7673942e0f6371a9645d7f281d199b_circular=false_1388 to cluster AA552 assigned as already present in cluster AA552
Not 64_606ee60298c7b2f0e27b703b40145531_circular=false_1196 to cluster AA552 assigned as already present in cluster AA018
Not 66_139425d6f1adfe7d14872a98c5457250_circular=false_1057 to cluster AA552 assigned as already present in cluster AA436
2026-02-19 13:11:41,388 mob_suite.mob_recon INFO: MOB-recon version 3.1.9  [in /home/kgontjes/.conda/envs/mobsuite_v3_1_9/lib/python3.11/site-packages/mob_suite/mob_recon.py:984]
2026-02-19 13:11:41,388 mob_suite.mob_recon INFO: SUCCESS: Found program blastn at /home/kgontjes/.conda/envs/mobsuite_v3_1_9/bin/blastn [in /home/kgontjes/.conda/envs/mobsuite_v3_1_9/lib/python3.11/site-packages/mob_suite/utils.py:597]
2026-02-19 13:11:41,388 mob_suite.mob_recon INFO: SUCCESS: Found program makeblastdb at /home/kgontjes/.conda/envs/mobsuite_v3_1_9/bin/makeblastdb [in /home/kgontjes/.conda/envs/mobsuite_v3_1_9/lib/python3.11/site-packages/mob_suite/utils.py:597]
2026-02-19 13:11:41,388 mob_suite.mob_recon INFO: SUCCESS: Found program tblastn at /home/kgontjes/.conda/envs/mobsuite_v3_1_9/bin/tblastn [in /home/kgontjes/.conda/envs/mobsuite_v3_1_9/lib/python3.11/site-packages/mob_suite/utils.py:597]
2026-02-19 13:11:41,390 mob_suite.mob_recon INFO: Processing fasta file /nfs/turbo/umms-esnitkin/Project_Penn_KPC/Sequence_data/assembly/illumina/spades/PCMP_H464_MVB_R/PCMP_H464_MVB_R_contigs_l1000.fasta [in /home/kgontjes/.conda/envs/mobsuite_v3_1_9/lib/python3.11/site-packages/mob_suite/mob_recon.py:1011]
2026-02-19 13:11:41,390 mob_suite.mob_recon INFO: Analysis directory /nfs/turbo/umms-esnitkin/Project_Penn_KPC/Analysis/Combination_resistance/pre-intro-blbli-resistance-ms/data/evolution_experiment/mobsuite_short/PCMP_H464_MVB_R [in /home/kgontjes/.conda/envs/mobsuite_v3_1_9/lib/python3.11/site-packages/mob_suite/mob_recon.py:1012]
2026-02-19 13:11:44,005 mob_suite.mob_recon INFO: Writing cleaned header input fasta file from /nfs/turbo/umms-esnitkin/Project_Penn_KPC/Sequence_data/assembly/illumina/spades/PCMP_H464_MVB_R/PCMP_H464_MVB_R_contigs_l1000.fasta to /nfs/turbo/umms-esnitkin/Project_Penn_KPC/Analysis/Combination_resistance/pre-intro-blbli-resistance-ms/data/evolution_experiment/mobsuite_short/PCMP_H464_MVB_R/__tmp/fixed.input.fasta [in /home/kgontjes/.conda/envs/mobsuite_v3_1_9/lib/python3.11/site-packages/mob_suite/mob_recon.py:1107]
2026-02-19 13:11:44,803 root INFO: Blasting replicon sequences /home/kgontjes/.conda/envs/mobsuite_v3_1_9/lib/python3.11/site-packages/mob_suite/databases/rep.dna.fas against /nfs/turbo/umms-esnitkin/Project_Penn_KPC/Analysis/Combination_resistance/pre-intro-blbli-resistance-ms/data/evolution_experiment/mobsuite_short/PCMP_H464_MVB_R/__tmp/fixed.input.fasta [in /home/kgontjes/.conda/envs/mobsuite_v3_1_9/lib/python3.11/site-packages/mob_suite/utils.py:1163]
/home/kgontjes/.conda/envs/mobsuite_v3_1_9/lib/python3.11/site-packages/mob_suite/utils.py:338: FutureWarning: the 'line_terminator'' keyword is deprecated, use 'lineterminator' instead.
  blast_df.to_csv(blast_results_file, sep='\t', header=True, line_terminator='\n', index=False)
2026-02-19 13:11:45,728 root INFO: Filtering replicon blast results /nfs/turbo/umms-esnitkin/Project_Penn_KPC/Analysis/Combination_resistance/pre-intro-blbli-resistance-ms/data/evolution_experiment/mobsuite_short/PCMP_H464_MVB_R/__tmp/replicon_blast_results.txt  [in /home/kgontjes/.conda/envs/mobsuite_v3_1_9/lib/python3.11/site-packages/mob_suite/utils.py:1168]
2026-02-19 13:11:45,807 root INFO: Blasting relaxase sequences /home/kgontjes/.conda/envs/mobsuite_v3_1_9/lib/python3.11/site-packages/mob_suite/databases/mob.proteins.faa against /nfs/turbo/umms-esnitkin/Project_Penn_KPC/Analysis/Combination_resistance/pre-intro-blbli-resistance-ms/data/evolution_experiment/mobsuite_short/PCMP_H464_MVB_R/__tmp/fixed.input.fasta [in /home/kgontjes/.conda/envs/mobsuite_v3_1_9/lib/python3.11/site-packages/mob_suite/utils.py:1186]
/home/kgontjes/.conda/envs/mobsuite_v3_1_9/lib/python3.11/site-packages/mob_suite/utils.py:365: FutureWarning: the 'line_terminator'' keyword is deprecated, use 'lineterminator' instead.
  blast_df.to_csv(blast_results_file, sep='\t', header=True, line_terminator='\n', index=False)
2026-02-19 13:13:07,915 root INFO: Filtering relaxase blast results /nfs/turbo/umms-esnitkin/Project_Penn_KPC/Analysis/Combination_resistance/pre-intro-blbli-resistance-ms/data/evolution_experiment/mobsuite_short/PCMP_H464_MVB_R/__tmp/mob_blast_results.txt  [in /home/kgontjes/.conda/envs/mobsuite_v3_1_9/lib/python3.11/site-packages/mob_suite/utils.py:1191]
2026-02-19 13:13:07,934 root INFO: Blasting MPF sequences /home/kgontjes/.conda/envs/mobsuite_v3_1_9/lib/python3.11/site-packages/mob_suite/databases/mpf.proteins.faa against /nfs/turbo/umms-esnitkin/Project_Penn_KPC/Analysis/Combination_resistance/pre-intro-blbli-resistance-ms/data/evolution_experiment/mobsuite_short/PCMP_H464_MVB_R/__tmp/fixed.input.fasta [in /home/kgontjes/.conda/envs/mobsuite_v3_1_9/lib/python3.11/site-packages/mob_suite/utils.py:1210]
/home/kgontjes/.conda/envs/mobsuite_v3_1_9/lib/python3.11/site-packages/mob_suite/utils.py:365: FutureWarning: the 'line_terminator'' keyword is deprecated, use 'lineterminator' instead.
  blast_df.to_csv(blast_results_file, sep='\t', header=True, line_terminator='\n', index=False)
2026-02-19 13:14:05,216 root INFO: Filtering MPF blast results /nfs/turbo/umms-esnitkin/Project_Penn_KPC/Analysis/Combination_resistance/pre-intro-blbli-resistance-ms/data/evolution_experiment/mobsuite_short/PCMP_H464_MVB_R/__tmp/mpf_blast_results.txt  [in /home/kgontjes/.conda/envs/mobsuite_v3_1_9/lib/python3.11/site-packages/mob_suite/utils.py:1225]
2026-02-19 13:14:05,217 root INFO: Blasting orit sequences /home/kgontjes/.conda/envs/mobsuite_v3_1_9/lib/python3.11/site-packages/mob_suite/databases/orit.fas against /nfs/turbo/umms-esnitkin/Project_Penn_KPC/Analysis/Combination_resistance/pre-intro-blbli-resistance-ms/data/evolution_experiment/mobsuite_short/PCMP_H464_MVB_R/__tmp/fixed.input.fasta [in /home/kgontjes/.conda/envs/mobsuite_v3_1_9/lib/python3.11/site-packages/mob_suite/utils.py:1234]
/home/kgontjes/.conda/envs/mobsuite_v3_1_9/lib/python3.11/site-packages/mob_suite/utils.py:338: FutureWarning: the 'line_terminator'' keyword is deprecated, use 'lineterminator' instead.
  blast_df.to_csv(blast_results_file, sep='\t', header=True, line_terminator='\n', index=False)
2026-02-19 13:14:05,456 root INFO: Filtering orit blast results /nfs/turbo/umms-esnitkin/Project_Penn_KPC/Analysis/Combination_resistance/pre-intro-blbli-resistance-ms/data/evolution_experiment/mobsuite_short/PCMP_H464_MVB_R/__tmp/orit_blast_results.txt  [in /home/kgontjes/.conda/envs/mobsuite_v3_1_9/lib/python3.11/site-packages/mob_suite/utils.py:1239]
2026-02-19 13:14:05,481 root INFO: Blasting contigs against repetitive sequences db: /home/kgontjes/.conda/envs/mobsuite_v3_1_9/lib/python3.11/site-packages/mob_suite/databases/repetitive.dna.fas [in /home/kgontjes/.conda/envs/mobsuite_v3_1_9/lib/python3.11/site-packages/mob_suite/utils.py:1256]
/home/kgontjes/.conda/envs/mobsuite_v3_1_9/lib/python3.11/site-packages/mob_suite/utils.py:338: FutureWarning: the 'line_terminator'' keyword is deprecated, use 'lineterminator' instead.
  blast_df.to_csv(blast_results_file, sep='\t', header=True, line_terminator='\n', index=False)
2026-02-19 13:14:06,449 root INFO: Filtering repetitive blast results /nfs/turbo/umms-esnitkin/Project_Penn_KPC/Analysis/Combination_resistance/pre-intro-blbli-resistance-ms/data/evolution_experiment/mobsuite_short/PCMP_H464_MVB_R/__tmp/repetitive_blast_results.txt  [in /home/kgontjes/.conda/envs/mobsuite_v3_1_9/lib/python3.11/site-packages/mob_suite/utils.py:1260]
2026-02-19 13:14:06,461 root INFO: Filtering contig: 60_0d7673942e0f6371a9645d7f281d199b_circular=false_1388 due to repetitive sequence [in /home/kgontjes/.conda/envs/mobsuite_v3_1_9/lib/python3.11/site-packages/mob_suite/utils.py:1275]
2026-02-19 13:14:06,461 root INFO: Filtering contig: 59_066beb2c65151340ed27922ca003ece8_circular=false_1401 due to repetitive sequence [in /home/kgontjes/.conda/envs/mobsuite_v3_1_9/lib/python3.11/site-packages/mob_suite/utils.py:1275]
2026-02-19 13:14:06,461 root INFO: Filtering contig: 64_606ee60298c7b2f0e27b703b40145531_circular=false_1196 due to repetitive sequence [in /home/kgontjes/.conda/envs/mobsuite_v3_1_9/lib/python3.11/site-packages/mob_suite/utils.py:1275]
2026-02-19 13:14:06,461 root INFO: Filtering contig: 66_139425d6f1adfe7d14872a98c5457250_circular=false_1057 due to repetitive sequence [in /home/kgontjes/.conda/envs/mobsuite_v3_1_9/lib/python3.11/site-packages/mob_suite/utils.py:1275]
2026-02-19 13:14:06,461 root INFO: Filtering contig: 66_139425d6f1adfe7d14872a98c5457250_circular=false_1057 due to repetitive sequence [in /home/kgontjes/.conda/envs/mobsuite_v3_1_9/lib/python3.11/site-packages/mob_suite/utils.py:1275]
2026-02-19 13:14:06,461 root INFO: Filtering contig: 64_606ee60298c7b2f0e27b703b40145531_circular=false_1196 due to repetitive sequence [in /home/kgontjes/.conda/envs/mobsuite_v3_1_9/lib/python3.11/site-packages/mob_suite/utils.py:1275]
2026-02-19 13:14:06,461 root INFO: Filtering contig: 66_139425d6f1adfe7d14872a98c5457250_circular=false_1057 due to repetitive sequence [in /home/kgontjes/.conda/envs/mobsuite_v3_1_9/lib/python3.11/site-packages/mob_suite/utils.py:1275]
2026-02-19 13:14:06,461 root INFO: Filtering contig: 61_a1ccb14fd3a915fb1204ec735db40110_circular=false_1312 due to repetitive sequence [in /home/kgontjes/.conda/envs/mobsuite_v3_1_9/lib/python3.11/site-packages/mob_suite/utils.py:1275]
2026-02-19 13:14:06,461 root INFO: Filtering contig: 63_07a24b0decbbfe842dde5297a275bcda_circular=false_1202 due to repetitive sequence [in /home/kgontjes/.conda/envs/mobsuite_v3_1_9/lib/python3.11/site-packages/mob_suite/utils.py:1275]
2026-02-19 13:14:06,461 root INFO: Blasting contigs against reference sequence db: /home/kgontjes/.conda/envs/mobsuite_v3_1_9/lib/python3.11/site-packages/mob_suite/databases/ncbi_plasmid_full_seqs.fas [in /home/kgontjes/.conda/envs/mobsuite_v3_1_9/lib/python3.11/site-packages/mob_suite/mob_recon.py:1264]
/home/kgontjes/.conda/envs/mobsuite_v3_1_9/lib/python3.11/site-packages/mob_suite/utils.py:338: FutureWarning: the 'line_terminator'' keyword is deprecated, use 'lineterminator' instead.
  blast_df.to_csv(blast_results_file, sep='\t', header=True, line_terminator='\n', index=False)
2026-02-19 13:14:55,054 root INFO: Filtering contig blast results: /nfs/turbo/umms-esnitkin/Project_Penn_KPC/Analysis/Combination_resistance/pre-intro-blbli-resistance-ms/data/evolution_experiment/mobsuite_short/PCMP_H464_MVB_R/__tmp/contig_blast_results.txt [in /home/kgontjes/.conda/envs/mobsuite_v3_1_9/lib/python3.11/site-packages/mob_suite/mob_recon.py:1269]
2026-02-19 13:14:56,631 root INFO: Assigning contigs to plasmid groups [in /home/kgontjes/.conda/envs/mobsuite_v3_1_9/lib/python3.11/site-packages/mob_suite/mob_recon.py:1284]
2026-02-19 13:15:06,824 root INFO: Writting contig results to /nfs/turbo/umms-esnitkin/Project_Penn_KPC/Analysis/Combination_resistance/pre-intro-blbli-resistance-ms/data/evolution_experiment/mobsuite_short/PCMP_H464_MVB_R/contig_report.txt [in /home/kgontjes/.conda/envs/mobsuite_v3_1_9/lib/python3.11/site-packages/mob_suite/mob_recon.py:1387]
2026-02-19 13:15:08,364 root INFO: Writting plasmid sequences to /nfs/turbo/umms-esnitkin/Project_Penn_KPC/Analysis/Combination_resistance/pre-intro-blbli-resistance-ms/data/evolution_experiment/mobsuite_short/PCMP_H464_MVB_R/plasmid_AA018.fasta [in /home/kgontjes/.conda/envs/mobsuite_v3_1_9/lib/python3.11/site-packages/mob_suite/utils.py:971]
2026-02-19 13:15:15,324 root INFO: Writting plasmid sequences to /nfs/turbo/umms-esnitkin/Project_Penn_KPC/Analysis/Combination_resistance/pre-intro-blbli-resistance-ms/data/evolution_experiment/mobsuite_short/PCMP_H464_MVB_R/plasmid_AA552.fasta [in /home/kgontjes/.conda/envs/mobsuite_v3_1_9/lib/python3.11/site-packages/mob_suite/utils.py:971]
2026-02-19 13:15:17,507 root INFO: Writting plasmid sequences to /nfs/turbo/umms-esnitkin/Project_Penn_KPC/Analysis/Combination_resistance/pre-intro-blbli-resistance-ms/data/evolution_experiment/mobsuite_short/PCMP_H464_MVB_R/plasmid_AA941.fasta [in /home/kgontjes/.conda/envs/mobsuite_v3_1_9/lib/python3.11/site-packages/mob_suite/utils.py:971]
2026-02-19 13:15:18,555 root INFO: Writting chromosome sequences to /nfs/turbo/umms-esnitkin/Project_Penn_KPC/Analysis/Combination_resistance/pre-intro-blbli-resistance-ms/data/evolution_experiment/mobsuite_short/PCMP_H464_MVB_R/chromosome.fasta [in /home/kgontjes/.conda/envs/mobsuite_v3_1_9/lib/python3.11/site-packages/mob_suite/mob_recon.py:1404]
/home/kgontjes/.conda/envs/mobsuite_v3_1_9/lib/python3.11/site-packages/mob_suite/utils.py:338: FutureWarning: the 'line_terminator'' keyword is deprecated, use 'lineterminator' instead.
  blast_df.to_csv(blast_results_file, sep='\t', header=True, line_terminator='\n', index=False)
2026-02-19 13:15:19,670 root INFO: Creating plasmid biomarkers report ... [in /home/kgontjes/.conda/envs/mobsuite_v3_1_9/lib/python3.11/site-packages/mob_suite/utils.py:1382]
2026-02-19 13:15:19,838 root INFO: Writting plasmid biomarkers report contaning 28 biomarkers [in /home/kgontjes/.conda/envs/mobsuite_v3_1_9/lib/python3.11/site-packages/mob_suite/mob_recon.py:1478]
2026-02-19 13:15:19,841 root INFO: Cleaning up temporary files /nfs/turbo/umms-esnitkin/Project_Penn_KPC/Analysis/Combination_resistance/pre-intro-blbli-resistance-ms/data/evolution_experiment/mobsuite_short/PCMP_H464_MVB_R/__tmp [in /home/kgontjes/.conda/envs/mobsuite_v3_1_9/lib/python3.11/site-packages/mob_suite/mob_recon.py:1484]
2026-02-19 13:15:19,862 mob_suite.mob_recon INFO: MOB-recon completed and results written to /nfs/turbo/umms-esnitkin/Project_Penn_KPC/Analysis/Combination_resistance/pre-intro-blbli-resistance-ms/data/evolution_experiment/mobsuite_short/PCMP_H464_MVB_R [in /home/kgontjes/.conda/envs/mobsuite_v3_1_9/lib/python3.11/site-packages/mob_suite/mob_recon.py:1486]
2026-02-19 13:11:41,371 mob_suite.mob_recon INFO: MOB-recon version 3.1.9  [in /home/kgontjes/.conda/envs/mobsuite_v3_1_9/lib/python3.11/site-packages/mob_suite/mob_recon.py:984]
2026-02-19 13:11:41,371 mob_suite.mob_recon INFO: SUCCESS: Found program blastn at /home/kgontjes/.conda/envs/mobsuite_v3_1_9/bin/blastn [in /home/kgontjes/.conda/envs/mobsuite_v3_1_9/lib/python3.11/site-packages/mob_suite/utils.py:597]
2026-02-19 13:11:41,371 mob_suite.mob_recon INFO: SUCCESS: Found program makeblastdb at /home/kgontjes/.conda/envs/mobsuite_v3_1_9/bin/makeblastdb [in /home/kgontjes/.conda/envs/mobsuite_v3_1_9/lib/python3.11/site-packages/mob_suite/utils.py:597]
2026-02-19 13:11:41,371 mob_suite.mob_recon INFO: SUCCESS: Found program tblastn at /home/kgontjes/.conda/envs/mobsuite_v3_1_9/bin/tblastn [in /home/kgontjes/.conda/envs/mobsuite_v3_1_9/lib/python3.11/site-packages/mob_suite/utils.py:597]
2026-02-19 13:11:41,377 mob_suite.mob_recon INFO: Processing fasta file /nfs/turbo/umms-esnitkin/Project_Penn_KPC/Sequence_data/assembly/illumina/spades/PCMP_H261_MVB_R/PCMP_H261_MVB_R_contigs_l1000.fasta [in /home/kgontjes/.conda/envs/mobsuite_v3_1_9/lib/python3.11/site-packages/mob_suite/mob_recon.py:1011]
2026-02-19 13:11:41,377 mob_suite.mob_recon INFO: Analysis directory /nfs/turbo/umms-esnitkin/Project_Penn_KPC/Analysis/Combination_resistance/pre-intro-blbli-resistance-ms/data/evolution_experiment/mobsuite_short/PCMP_H261_MVB_R [in /home/kgontjes/.conda/envs/mobsuite_v3_1_9/lib/python3.11/site-packages/mob_suite/mob_recon.py:1012]
2026-02-19 13:11:43,686 mob_suite.mob_recon INFO: Writing cleaned header input fasta file from /nfs/turbo/umms-esnitkin/Project_Penn_KPC/Sequence_data/assembly/illumina/spades/PCMP_H261_MVB_R/PCMP_H261_MVB_R_contigs_l1000.fasta to /nfs/turbo/umms-esnitkin/Project_Penn_KPC/Analysis/Combination_resistance/pre-intro-blbli-resistance-ms/data/evolution_experiment/mobsuite_short/PCMP_H261_MVB_R/__tmp/fixed.input.fasta [in /home/kgontjes/.conda/envs/mobsuite_v3_1_9/lib/python3.11/site-packages/mob_suite/mob_recon.py:1107]
2026-02-19 13:11:44,757 root INFO: Blasting replicon sequences /home/kgontjes/.conda/envs/mobsuite_v3_1_9/lib/python3.11/site-packages/mob_suite/databases/rep.dna.fas against /nfs/turbo/umms-esnitkin/Project_Penn_KPC/Analysis/Combination_resistance/pre-intro-blbli-resistance-ms/data/evolution_experiment/mobsuite_short/PCMP_H261_MVB_R/__tmp/fixed.input.fasta [in /home/kgontjes/.conda/envs/mobsuite_v3_1_9/lib/python3.11/site-packages/mob_suite/utils.py:1163]
/home/kgontjes/.conda/envs/mobsuite_v3_1_9/lib/python3.11/site-packages/mob_suite/utils.py:338: FutureWarning: the 'line_terminator'' keyword is deprecated, use 'lineterminator' instead.
  blast_df.to_csv(blast_results_file, sep='\t', header=True, line_terminator='\n', index=False)
2026-02-19 13:11:45,534 root INFO: Filtering replicon blast results /nfs/turbo/umms-esnitkin/Project_Penn_KPC/Analysis/Combination_resistance/pre-intro-blbli-resistance-ms/data/evolution_experiment/mobsuite_short/PCMP_H261_MVB_R/__tmp/replicon_blast_results.txt  [in /home/kgontjes/.conda/envs/mobsuite_v3_1_9/lib/python3.11/site-packages/mob_suite/utils.py:1168]
2026-02-19 13:11:45,579 root INFO: Blasting relaxase sequences /home/kgontjes/.conda/envs/mobsuite_v3_1_9/lib/python3.11/site-packages/mob_suite/databases/mob.proteins.faa against /nfs/turbo/umms-esnitkin/Project_Penn_KPC/Analysis/Combination_resistance/pre-intro-blbli-resistance-ms/data/evolution_experiment/mobsuite_short/PCMP_H261_MVB_R/__tmp/fixed.input.fasta [in /home/kgontjes/.conda/envs/mobsuite_v3_1_9/lib/python3.11/site-packages/mob_suite/utils.py:1186]
/home/kgontjes/.conda/envs/mobsuite_v3_1_9/lib/python3.11/site-packages/mob_suite/utils.py:365: FutureWarning: the 'line_terminator'' keyword is deprecated, use 'lineterminator' instead.
  blast_df.to_csv(blast_results_file, sep='\t', header=True, line_terminator='\n', index=False)
2026-02-19 13:13:09,194 root INFO: Filtering relaxase blast results /nfs/turbo/umms-esnitkin/Project_Penn_KPC/Analysis/Combination_resistance/pre-intro-blbli-resistance-ms/data/evolution_experiment/mobsuite_short/PCMP_H261_MVB_R/__tmp/mob_blast_results.txt  [in /home/kgontjes/.conda/envs/mobsuite_v3_1_9/lib/python3.11/site-packages/mob_suite/utils.py:1191]
2026-02-19 13:13:09,216 root INFO: Blasting MPF sequences /home/kgontjes/.conda/envs/mobsuite_v3_1_9/lib/python3.11/site-packages/mob_suite/databases/mpf.proteins.faa against /nfs/turbo/umms-esnitkin/Project_Penn_KPC/Analysis/Combination_resistance/pre-intro-blbli-resistance-ms/data/evolution_experiment/mobsuite_short/PCMP_H261_MVB_R/__tmp/fixed.input.fasta [in /home/kgontjes/.conda/envs/mobsuite_v3_1_9/lib/python3.11/site-packages/mob_suite/utils.py:1210]
/home/kgontjes/.conda/envs/mobsuite_v3_1_9/lib/python3.11/site-packages/mob_suite/utils.py:365: FutureWarning: the 'line_terminator'' keyword is deprecated, use 'lineterminator' instead.
  blast_df.to_csv(blast_results_file, sep='\t', header=True, line_terminator='\n', index=False)
2026-02-19 13:14:07,931 root INFO: Filtering MPF blast results /nfs/turbo/umms-esnitkin/Project_Penn_KPC/Analysis/Combination_resistance/pre-intro-blbli-resistance-ms/data/evolution_experiment/mobsuite_short/PCMP_H261_MVB_R/__tmp/mpf_blast_results.txt  [in /home/kgontjes/.conda/envs/mobsuite_v3_1_9/lib/python3.11/site-packages/mob_suite/utils.py:1225]
2026-02-19 13:14:07,932 root INFO: Blasting orit sequences /home/kgontjes/.conda/envs/mobsuite_v3_1_9/lib/python3.11/site-packages/mob_suite/databases/orit.fas against /nfs/turbo/umms-esnitkin/Project_Penn_KPC/Analysis/Combination_resistance/pre-intro-blbli-resistance-ms/data/evolution_experiment/mobsuite_short/PCMP_H261_MVB_R/__tmp/fixed.input.fasta [in /home/kgontjes/.conda/envs/mobsuite_v3_1_9/lib/python3.11/site-packages/mob_suite/utils.py:1234]
/home/kgontjes/.conda/envs/mobsuite_v3_1_9/lib/python3.11/site-packages/mob_suite/utils.py:338: FutureWarning: the 'line_terminator'' keyword is deprecated, use 'lineterminator' instead.
  blast_df.to_csv(blast_results_file, sep='\t', header=True, line_terminator='\n', index=False)
2026-02-19 13:14:08,118 root INFO: Filtering orit blast results /nfs/turbo/umms-esnitkin/Project_Penn_KPC/Analysis/Combination_resistance/pre-intro-blbli-resistance-ms/data/evolution_experiment/mobsuite_short/PCMP_H261_MVB_R/__tmp/orit_blast_results.txt  [in /home/kgontjes/.conda/envs/mobsuite_v3_1_9/lib/python3.11/site-packages/mob_suite/utils.py:1239]
2026-02-19 13:14:08,143 root INFO: Blasting contigs against repetitive sequences db: /home/kgontjes/.conda/envs/mobsuite_v3_1_9/lib/python3.11/site-packages/mob_suite/databases/repetitive.dna.fas [in /home/kgontjes/.conda/envs/mobsuite_v3_1_9/lib/python3.11/site-packages/mob_suite/utils.py:1256]
/home/kgontjes/.conda/envs/mobsuite_v3_1_9/lib/python3.11/site-packages/mob_suite/utils.py:338: FutureWarning: the 'line_terminator'' keyword is deprecated, use 'lineterminator' instead.
  blast_df.to_csv(blast_results_file, sep='\t', header=True, line_terminator='\n', index=False)
2026-02-19 13:14:09,488 root INFO: Filtering repetitive blast results /nfs/turbo/umms-esnitkin/Project_Penn_KPC/Analysis/Combination_resistance/pre-intro-blbli-resistance-ms/data/evolution_experiment/mobsuite_short/PCMP_H261_MVB_R/__tmp/repetitive_blast_results.txt  [in /home/kgontjes/.conda/envs/mobsuite_v3_1_9/lib/python3.11/site-packages/mob_suite/utils.py:1260]
2026-02-19 13:14:09,500 root INFO: Filtering contig: 57_0d7673942e0f6371a9645d7f281d199b_circular=false_1388 due to repetitive sequence [in /home/kgontjes/.conda/envs/mobsuite_v3_1_9/lib/python3.11/site-packages/mob_suite/utils.py:1275]
2026-02-19 13:14:09,500 root INFO: Filtering contig: 60_7a6161936d7b48af7da6ec46d82da3f8_circular=false_1196 due to repetitive sequence [in /home/kgontjes/.conda/envs/mobsuite_v3_1_9/lib/python3.11/site-packages/mob_suite/utils.py:1275]
2026-02-19 13:14:09,500 root INFO: Filtering contig: 64_65cc8840c01ec48c53a2eaf8a2b87cc4_circular=false_1057 due to repetitive sequence [in /home/kgontjes/.conda/envs/mobsuite_v3_1_9/lib/python3.11/site-packages/mob_suite/utils.py:1275]
2026-02-19 13:14:09,500 root INFO: Filtering contig: 64_65cc8840c01ec48c53a2eaf8a2b87cc4_circular=false_1057 due to repetitive sequence [in /home/kgontjes/.conda/envs/mobsuite_v3_1_9/lib/python3.11/site-packages/mob_suite/utils.py:1275]
2026-02-19 13:14:09,500 root INFO: Filtering contig: 60_7a6161936d7b48af7da6ec46d82da3f8_circular=false_1196 due to repetitive sequence [in /home/kgontjes/.conda/envs/mobsuite_v3_1_9/lib/python3.11/site-packages/mob_suite/utils.py:1275]
2026-02-19 13:14:09,500 root INFO: Filtering contig: 64_65cc8840c01ec48c53a2eaf8a2b87cc4_circular=false_1057 due to repetitive sequence [in /home/kgontjes/.conda/envs/mobsuite_v3_1_9/lib/python3.11/site-packages/mob_suite/utils.py:1275]
2026-02-19 13:14:09,500 root INFO: Filtering contig: 63_58e2fe80d02ca9e03f7549022cab9f82_circular=false_1087 due to repetitive sequence [in /home/kgontjes/.conda/envs/mobsuite_v3_1_9/lib/python3.11/site-packages/mob_suite/utils.py:1275]
2026-02-19 13:14:09,500 root INFO: Filtering contig: 58_4821b5f0e1b209a2ebd027b2cd988f1f_circular=false_1311 due to repetitive sequence [in /home/kgontjes/.conda/envs/mobsuite_v3_1_9/lib/python3.11/site-packages/mob_suite/utils.py:1275]
2026-02-19 13:14:09,500 root INFO: Blasting contigs against reference sequence db: /home/kgontjes/.conda/envs/mobsuite_v3_1_9/lib/python3.11/site-packages/mob_suite/databases/ncbi_plasmid_full_seqs.fas [in /home/kgontjes/.conda/envs/mobsuite_v3_1_9/lib/python3.11/site-packages/mob_suite/mob_recon.py:1264]
/home/kgontjes/.conda/envs/mobsuite_v3_1_9/lib/python3.11/site-packages/mob_suite/utils.py:338: FutureWarning: the 'line_terminator'' keyword is deprecated, use 'lineterminator' instead.
  blast_df.to_csv(blast_results_file, sep='\t', header=True, line_terminator='\n', index=False)
2026-02-19 13:15:00,453 root INFO: Filtering contig blast results: /nfs/turbo/umms-esnitkin/Project_Penn_KPC/Analysis/Combination_resistance/pre-intro-blbli-resistance-ms/data/evolution_experiment/mobsuite_short/PCMP_H261_MVB_R/__tmp/contig_blast_results.txt [in /home/kgontjes/.conda/envs/mobsuite_v3_1_9/lib/python3.11/site-packages/mob_suite/mob_recon.py:1269]
2026-02-19 13:15:01,683 root INFO: Assigning contigs to plasmid groups [in /home/kgontjes/.conda/envs/mobsuite_v3_1_9/lib/python3.11/site-packages/mob_suite/mob_recon.py:1284]
2026-02-19 13:15:10,051 root INFO: Writting contig results to /nfs/turbo/umms-esnitkin/Project_Penn_KPC/Analysis/Combination_resistance/pre-intro-blbli-resistance-ms/data/evolution_experiment/mobsuite_short/PCMP_H261_MVB_R/contig_report.txt [in /home/kgontjes/.conda/envs/mobsuite_v3_1_9/lib/python3.11/site-packages/mob_suite/mob_recon.py:1387]
2026-02-19 13:15:11,775 root INFO: Writting plasmid sequences to /nfs/turbo/umms-esnitkin/Project_Penn_KPC/Analysis/Combination_resistance/pre-intro-blbli-resistance-ms/data/evolution_experiment/mobsuite_short/PCMP_H261_MVB_R/plasmid_AA018.fasta [in /home/kgontjes/.conda/envs/mobsuite_v3_1_9/lib/python3.11/site-packages/mob_suite/utils.py:971]
2026-02-19 13:15:18,773 root INFO: Writting plasmid sequences to /nfs/turbo/umms-esnitkin/Project_Penn_KPC/Analysis/Combination_resistance/pre-intro-blbli-resistance-ms/data/evolution_experiment/mobsuite_short/PCMP_H261_MVB_R/plasmid_AA552.fasta [in /home/kgontjes/.conda/envs/mobsuite_v3_1_9/lib/python3.11/site-packages/mob_suite/utils.py:971]
2026-02-19 13:15:20,905 root INFO: Writting plasmid sequences to /nfs/turbo/umms-esnitkin/Project_Penn_KPC/Analysis/Combination_resistance/pre-intro-blbli-resistance-ms/data/evolution_experiment/mobsuite_short/PCMP_H261_MVB_R/plasmid_AA941.fasta [in /home/kgontjes/.conda/envs/mobsuite_v3_1_9/lib/python3.11/site-packages/mob_suite/utils.py:971]
2026-02-19 13:15:21,938 root INFO: Writting chromosome sequences to /nfs/turbo/umms-esnitkin/Project_Penn_KPC/Analysis/Combination_resistance/pre-intro-blbli-resistance-ms/data/evolution_experiment/mobsuite_short/PCMP_H261_MVB_R/chromosome.fasta [in /home/kgontjes/.conda/envs/mobsuite_v3_1_9/lib/python3.11/site-packages/mob_suite/mob_recon.py:1404]
/home/kgontjes/.conda/envs/mobsuite_v3_1_9/lib/python3.11/site-packages/mob_suite/utils.py:338: FutureWarning: the 'line_terminator'' keyword is deprecated, use 'lineterminator' instead.
  blast_df.to_csv(blast_results_file, sep='\t', header=True, line_terminator='\n', index=False)
2026-02-19 13:15:22,915 root INFO: Creating plasmid biomarkers report ... [in /home/kgontjes/.conda/envs/mobsuite_v3_1_9/lib/python3.11/site-packages/mob_suite/utils.py:1382]
2026-02-19 13:15:23,073 root INFO: Writting plasmid biomarkers report contaning 28 biomarkers [in /home/kgontjes/.conda/envs/mobsuite_v3_1_9/lib/python3.11/site-packages/mob_suite/mob_recon.py:1478]
2026-02-19 13:15:23,076 root INFO: Cleaning up temporary files /nfs/turbo/umms-esnitkin/Project_Penn_KPC/Analysis/Combination_resistance/pre-intro-blbli-resistance-ms/data/evolution_experiment/mobsuite_short/PCMP_H261_MVB_R/__tmp [in /home/kgontjes/.conda/envs/mobsuite_v3_1_9/lib/python3.11/site-packages/mob_suite/mob_recon.py:1484]
2026-02-19 13:15:23,096 mob_suite.mob_recon INFO: MOB-recon completed and results written to /nfs/turbo/umms-esnitkin/Project_Penn_KPC/Analysis/Combination_resistance/pre-intro-blbli-resistance-ms/data/evolution_experiment/mobsuite_short/PCMP_H261_MVB_R [in /home/kgontjes/.conda/envs/mobsuite_v3_1_9/lib/python3.11/site-packages/mob_suite/mob_recon.py:1486]
Not 41_e75758651741159ab694c0a917fb495c_circular=false_6637 to cluster AB130 assigned as already present in cluster AA552
Not 45_abf16c63786882c5ce10d2de4d0bba3c_circular=false_4730 to cluster AB130 assigned as already present in cluster AA552
Not 59_7a6161936d7b48af7da6ec46d82da3f8_circular=false_1196 to cluster AB130 assigned as already present in cluster AA018
Not 63_65cc8840c01ec48c53a2eaf8a2b87cc4_circular=false_1057 to cluster AB130 assigned as already present in cluster AA552
2026-02-19 13:11:41,377 mob_suite.mob_recon INFO: MOB-recon version 3.1.9  [in /home/kgontjes/.conda/envs/mobsuite_v3_1_9/lib/python3.11/site-packages/mob_suite/mob_recon.py:984]
2026-02-19 13:11:41,377 mob_suite.mob_recon INFO: SUCCESS: Found program blastn at /home/kgontjes/.conda/envs/mobsuite_v3_1_9/bin/blastn [in /home/kgontjes/.conda/envs/mobsuite_v3_1_9/lib/python3.11/site-packages/mob_suite/utils.py:597]
2026-02-19 13:11:41,377 mob_suite.mob_recon INFO: SUCCESS: Found program makeblastdb at /home/kgontjes/.conda/envs/mobsuite_v3_1_9/bin/makeblastdb [in /home/kgontjes/.conda/envs/mobsuite_v3_1_9/lib/python3.11/site-packages/mob_suite/utils.py:597]
2026-02-19 13:11:41,377 mob_suite.mob_recon INFO: SUCCESS: Found program tblastn at /home/kgontjes/.conda/envs/mobsuite_v3_1_9/bin/tblastn [in /home/kgontjes/.conda/envs/mobsuite_v3_1_9/lib/python3.11/site-packages/mob_suite/utils.py:597]
2026-02-19 13:11:41,379 mob_suite.mob_recon INFO: Processing fasta file /nfs/turbo/umms-esnitkin/Project_Penn_KPC/Sequence_data/assembly/illumina/spades/PCMP_H261/PCMP_H261_contigs_l1000.fasta [in /home/kgontjes/.conda/envs/mobsuite_v3_1_9/lib/python3.11/site-packages/mob_suite/mob_recon.py:1011]
2026-02-19 13:11:41,379 mob_suite.mob_recon INFO: Analysis directory /nfs/turbo/umms-esnitkin/Project_Penn_KPC/Analysis/Combination_resistance/pre-intro-blbli-resistance-ms/data/evolution_experiment/mobsuite_short/PCMP_H261 [in /home/kgontjes/.conda/envs/mobsuite_v3_1_9/lib/python3.11/site-packages/mob_suite/mob_recon.py:1012]
2026-02-19 13:11:43,698 mob_suite.mob_recon INFO: Writing cleaned header input fasta file from /nfs/turbo/umms-esnitkin/Project_Penn_KPC/Sequence_data/assembly/illumina/spades/PCMP_H261/PCMP_H261_contigs_l1000.fasta to /nfs/turbo/umms-esnitkin/Project_Penn_KPC/Analysis/Combination_resistance/pre-intro-blbli-resistance-ms/data/evolution_experiment/mobsuite_short/PCMP_H261/__tmp/fixed.input.fasta [in /home/kgontjes/.conda/envs/mobsuite_v3_1_9/lib/python3.11/site-packages/mob_suite/mob_recon.py:1107]
2026-02-19 13:11:44,756 root INFO: Blasting replicon sequences /home/kgontjes/.conda/envs/mobsuite_v3_1_9/lib/python3.11/site-packages/mob_suite/databases/rep.dna.fas against /nfs/turbo/umms-esnitkin/Project_Penn_KPC/Analysis/Combination_resistance/pre-intro-blbli-resistance-ms/data/evolution_experiment/mobsuite_short/PCMP_H261/__tmp/fixed.input.fasta [in /home/kgontjes/.conda/envs/mobsuite_v3_1_9/lib/python3.11/site-packages/mob_suite/utils.py:1163]
/home/kgontjes/.conda/envs/mobsuite_v3_1_9/lib/python3.11/site-packages/mob_suite/utils.py:338: FutureWarning: the 'line_terminator'' keyword is deprecated, use 'lineterminator' instead.
  blast_df.to_csv(blast_results_file, sep='\t', header=True, line_terminator='\n', index=False)
2026-02-19 13:11:45,532 root INFO: Filtering replicon blast results /nfs/turbo/umms-esnitkin/Project_Penn_KPC/Analysis/Combination_resistance/pre-intro-blbli-resistance-ms/data/evolution_experiment/mobsuite_short/PCMP_H261/__tmp/replicon_blast_results.txt  [in /home/kgontjes/.conda/envs/mobsuite_v3_1_9/lib/python3.11/site-packages/mob_suite/utils.py:1168]
2026-02-19 13:11:45,577 root INFO: Blasting relaxase sequences /home/kgontjes/.conda/envs/mobsuite_v3_1_9/lib/python3.11/site-packages/mob_suite/databases/mob.proteins.faa against /nfs/turbo/umms-esnitkin/Project_Penn_KPC/Analysis/Combination_resistance/pre-intro-blbli-resistance-ms/data/evolution_experiment/mobsuite_short/PCMP_H261/__tmp/fixed.input.fasta [in /home/kgontjes/.conda/envs/mobsuite_v3_1_9/lib/python3.11/site-packages/mob_suite/utils.py:1186]
/home/kgontjes/.conda/envs/mobsuite_v3_1_9/lib/python3.11/site-packages/mob_suite/utils.py:365: FutureWarning: the 'line_terminator'' keyword is deprecated, use 'lineterminator' instead.
  blast_df.to_csv(blast_results_file, sep='\t', header=True, line_terminator='\n', index=False)
2026-02-19 13:13:09,415 root INFO: Filtering relaxase blast results /nfs/turbo/umms-esnitkin/Project_Penn_KPC/Analysis/Combination_resistance/pre-intro-blbli-resistance-ms/data/evolution_experiment/mobsuite_short/PCMP_H261/__tmp/mob_blast_results.txt  [in /home/kgontjes/.conda/envs/mobsuite_v3_1_9/lib/python3.11/site-packages/mob_suite/utils.py:1191]
2026-02-19 13:13:09,437 root INFO: Blasting MPF sequences /home/kgontjes/.conda/envs/mobsuite_v3_1_9/lib/python3.11/site-packages/mob_suite/databases/mpf.proteins.faa against /nfs/turbo/umms-esnitkin/Project_Penn_KPC/Analysis/Combination_resistance/pre-intro-blbli-resistance-ms/data/evolution_experiment/mobsuite_short/PCMP_H261/__tmp/fixed.input.fasta [in /home/kgontjes/.conda/envs/mobsuite_v3_1_9/lib/python3.11/site-packages/mob_suite/utils.py:1210]
/home/kgontjes/.conda/envs/mobsuite_v3_1_9/lib/python3.11/site-packages/mob_suite/utils.py:365: FutureWarning: the 'line_terminator'' keyword is deprecated, use 'lineterminator' instead.
  blast_df.to_csv(blast_results_file, sep='\t', header=True, line_terminator='\n', index=False)
2026-02-19 13:14:08,319 root INFO: Filtering MPF blast results /nfs/turbo/umms-esnitkin/Project_Penn_KPC/Analysis/Combination_resistance/pre-intro-blbli-resistance-ms/data/evolution_experiment/mobsuite_short/PCMP_H261/__tmp/mpf_blast_results.txt  [in /home/kgontjes/.conda/envs/mobsuite_v3_1_9/lib/python3.11/site-packages/mob_suite/utils.py:1225]
2026-02-19 13:14:08,320 root INFO: Blasting orit sequences /home/kgontjes/.conda/envs/mobsuite_v3_1_9/lib/python3.11/site-packages/mob_suite/databases/orit.fas against /nfs/turbo/umms-esnitkin/Project_Penn_KPC/Analysis/Combination_resistance/pre-intro-blbli-resistance-ms/data/evolution_experiment/mobsuite_short/PCMP_H261/__tmp/fixed.input.fasta [in /home/kgontjes/.conda/envs/mobsuite_v3_1_9/lib/python3.11/site-packages/mob_suite/utils.py:1234]
/home/kgontjes/.conda/envs/mobsuite_v3_1_9/lib/python3.11/site-packages/mob_suite/utils.py:338: FutureWarning: the 'line_terminator'' keyword is deprecated, use 'lineterminator' instead.
  blast_df.to_csv(blast_results_file, sep='\t', header=True, line_terminator='\n', index=False)
2026-02-19 13:14:08,511 root INFO: Filtering orit blast results /nfs/turbo/umms-esnitkin/Project_Penn_KPC/Analysis/Combination_resistance/pre-intro-blbli-resistance-ms/data/evolution_experiment/mobsuite_short/PCMP_H261/__tmp/orit_blast_results.txt  [in /home/kgontjes/.conda/envs/mobsuite_v3_1_9/lib/python3.11/site-packages/mob_suite/utils.py:1239]
2026-02-19 13:14:08,536 root INFO: Blasting contigs against repetitive sequences db: /home/kgontjes/.conda/envs/mobsuite_v3_1_9/lib/python3.11/site-packages/mob_suite/databases/repetitive.dna.fas [in /home/kgontjes/.conda/envs/mobsuite_v3_1_9/lib/python3.11/site-packages/mob_suite/utils.py:1256]
/home/kgontjes/.conda/envs/mobsuite_v3_1_9/lib/python3.11/site-packages/mob_suite/utils.py:338: FutureWarning: the 'line_terminator'' keyword is deprecated, use 'lineterminator' instead.
  blast_df.to_csv(blast_results_file, sep='\t', header=True, line_terminator='\n', index=False)
2026-02-19 13:14:09,442 root INFO: Filtering repetitive blast results /nfs/turbo/umms-esnitkin/Project_Penn_KPC/Analysis/Combination_resistance/pre-intro-blbli-resistance-ms/data/evolution_experiment/mobsuite_short/PCMP_H261/__tmp/repetitive_blast_results.txt  [in /home/kgontjes/.conda/envs/mobsuite_v3_1_9/lib/python3.11/site-packages/mob_suite/utils.py:1260]
2026-02-19 13:14:09,454 root INFO: Filtering contig: 56_28b1f64dffd3b383bb925afb96a5b04f_circular=false_1388 due to repetitive sequence [in /home/kgontjes/.conda/envs/mobsuite_v3_1_9/lib/python3.11/site-packages/mob_suite/utils.py:1275]
2026-02-19 13:14:09,454 root INFO: Filtering contig: 55_6974169ecf0efb7d56b38f1f495212ee_circular=false_1401 due to repetitive sequence [in /home/kgontjes/.conda/envs/mobsuite_v3_1_9/lib/python3.11/site-packages/mob_suite/utils.py:1275]
2026-02-19 13:14:09,454 root INFO: Filtering contig: 59_7a6161936d7b48af7da6ec46d82da3f8_circular=false_1196 due to repetitive sequence [in /home/kgontjes/.conda/envs/mobsuite_v3_1_9/lib/python3.11/site-packages/mob_suite/utils.py:1275]
2026-02-19 13:14:09,454 root INFO: Filtering contig: 63_65cc8840c01ec48c53a2eaf8a2b87cc4_circular=false_1057 due to repetitive sequence [in /home/kgontjes/.conda/envs/mobsuite_v3_1_9/lib/python3.11/site-packages/mob_suite/utils.py:1275]
2026-02-19 13:14:09,454 root INFO: Filtering contig: 63_65cc8840c01ec48c53a2eaf8a2b87cc4_circular=false_1057 due to repetitive sequence [in /home/kgontjes/.conda/envs/mobsuite_v3_1_9/lib/python3.11/site-packages/mob_suite/utils.py:1275]
2026-02-19 13:14:09,454 root INFO: Filtering contig: 59_7a6161936d7b48af7da6ec46d82da3f8_circular=false_1196 due to repetitive sequence [in /home/kgontjes/.conda/envs/mobsuite_v3_1_9/lib/python3.11/site-packages/mob_suite/utils.py:1275]
2026-02-19 13:14:09,454 root INFO: Filtering contig: 63_65cc8840c01ec48c53a2eaf8a2b87cc4_circular=false_1057 due to repetitive sequence [in /home/kgontjes/.conda/envs/mobsuite_v3_1_9/lib/python3.11/site-packages/mob_suite/utils.py:1275]
2026-02-19 13:14:09,454 root INFO: Filtering contig: 62_3c959fe26f6a0f1e471f39ec8d3d7f21_circular=false_1087 due to repetitive sequence [in /home/kgontjes/.conda/envs/mobsuite_v3_1_9/lib/python3.11/site-packages/mob_suite/utils.py:1275]
2026-02-19 13:14:09,454 root INFO: Filtering contig: 58_07a24b0decbbfe842dde5297a275bcda_circular=false_1202 due to repetitive sequence [in /home/kgontjes/.conda/envs/mobsuite_v3_1_9/lib/python3.11/site-packages/mob_suite/utils.py:1275]
2026-02-19 13:14:09,455 root INFO: Blasting contigs against reference sequence db: /home/kgontjes/.conda/envs/mobsuite_v3_1_9/lib/python3.11/site-packages/mob_suite/databases/ncbi_plasmid_full_seqs.fas [in /home/kgontjes/.conda/envs/mobsuite_v3_1_9/lib/python3.11/site-packages/mob_suite/mob_recon.py:1264]
/home/kgontjes/.conda/envs/mobsuite_v3_1_9/lib/python3.11/site-packages/mob_suite/utils.py:338: FutureWarning: the 'line_terminator'' keyword is deprecated, use 'lineterminator' instead.
  blast_df.to_csv(blast_results_file, sep='\t', header=True, line_terminator='\n', index=False)
2026-02-19 13:15:09,636 root INFO: Filtering contig blast results: /nfs/turbo/umms-esnitkin/Project_Penn_KPC/Analysis/Combination_resistance/pre-intro-blbli-resistance-ms/data/evolution_experiment/mobsuite_short/PCMP_H261/__tmp/contig_blast_results.txt [in /home/kgontjes/.conda/envs/mobsuite_v3_1_9/lib/python3.11/site-packages/mob_suite/mob_recon.py:1269]
2026-02-19 13:15:11,266 root INFO: Assigning contigs to plasmid groups [in /home/kgontjes/.conda/envs/mobsuite_v3_1_9/lib/python3.11/site-packages/mob_suite/mob_recon.py:1284]
2026-02-19 13:15:19,354 root INFO: Writting contig results to /nfs/turbo/umms-esnitkin/Project_Penn_KPC/Analysis/Combination_resistance/pre-intro-blbli-resistance-ms/data/evolution_experiment/mobsuite_short/PCMP_H261/contig_report.txt [in /home/kgontjes/.conda/envs/mobsuite_v3_1_9/lib/python3.11/site-packages/mob_suite/mob_recon.py:1387]
2026-02-19 13:15:20,927 root INFO: Writting plasmid sequences to /nfs/turbo/umms-esnitkin/Project_Penn_KPC/Analysis/Combination_resistance/pre-intro-blbli-resistance-ms/data/evolution_experiment/mobsuite_short/PCMP_H261/plasmid_AA018.fasta [in /home/kgontjes/.conda/envs/mobsuite_v3_1_9/lib/python3.11/site-packages/mob_suite/utils.py:971]
2026-02-19 13:15:27,727 root INFO: Writting plasmid sequences to /nfs/turbo/umms-esnitkin/Project_Penn_KPC/Analysis/Combination_resistance/pre-intro-blbli-resistance-ms/data/evolution_experiment/mobsuite_short/PCMP_H261/plasmid_AA552.fasta [in /home/kgontjes/.conda/envs/mobsuite_v3_1_9/lib/python3.11/site-packages/mob_suite/utils.py:971]
2026-02-19 13:15:29,827 root INFO: Writting plasmid sequences to /nfs/turbo/umms-esnitkin/Project_Penn_KPC/Analysis/Combination_resistance/pre-intro-blbli-resistance-ms/data/evolution_experiment/mobsuite_short/PCMP_H261/plasmid_AA941.fasta [in /home/kgontjes/.conda/envs/mobsuite_v3_1_9/lib/python3.11/site-packages/mob_suite/utils.py:971]
2026-02-19 13:15:30,874 root INFO: Writting chromosome sequences to /nfs/turbo/umms-esnitkin/Project_Penn_KPC/Analysis/Combination_resistance/pre-intro-blbli-resistance-ms/data/evolution_experiment/mobsuite_short/PCMP_H261/chromosome.fasta [in /home/kgontjes/.conda/envs/mobsuite_v3_1_9/lib/python3.11/site-packages/mob_suite/mob_recon.py:1404]
/home/kgontjes/.conda/envs/mobsuite_v3_1_9/lib/python3.11/site-packages/mob_suite/utils.py:338: FutureWarning: the 'line_terminator'' keyword is deprecated, use 'lineterminator' instead.
  blast_df.to_csv(blast_results_file, sep='\t', header=True, line_terminator='\n', index=False)
2026-02-19 13:15:31,924 root INFO: Creating plasmid biomarkers report ... [in /home/kgontjes/.conda/envs/mobsuite_v3_1_9/lib/python3.11/site-packages/mob_suite/utils.py:1382]
2026-02-19 13:15:32,084 root INFO: Writting plasmid biomarkers report contaning 28 biomarkers [in /home/kgontjes/.conda/envs/mobsuite_v3_1_9/lib/python3.11/site-packages/mob_suite/mob_recon.py:1478]
2026-02-19 13:15:32,087 root INFO: Cleaning up temporary files /nfs/turbo/umms-esnitkin/Project_Penn_KPC/Analysis/Combination_resistance/pre-intro-blbli-resistance-ms/data/evolution_experiment/mobsuite_short/PCMP_H261/__tmp [in /home/kgontjes/.conda/envs/mobsuite_v3_1_9/lib/python3.11/site-packages/mob_suite/mob_recon.py:1484]
2026-02-19 13:15:32,106 mob_suite.mob_recon INFO: MOB-recon completed and results written to /nfs/turbo/umms-esnitkin/Project_Penn_KPC/Analysis/Combination_resistance/pre-intro-blbli-resistance-ms/data/evolution_experiment/mobsuite_short/PCMP_H261 [in /home/kgontjes/.conda/envs/mobsuite_v3_1_9/lib/python3.11/site-packages/mob_suite/mob_recon.py:1486]
Not 27_1ead05ffb7a612f0db531253287b144e_circular=false_23189 to cluster AA552 assigned as already present in cluster AA552
Not 28_2b648bf35247992582a9c411fa35be23_circular=false_17127 to cluster AA552 assigned as already present in cluster AA552
Not 32_cf3c54fd3e66d22a5b8a9c1042f55e87_circular=false_11682 to cluster AA552 assigned as already present in cluster AA552
Not 35_5b7321b011db5d936c9f80cf1c5b53f5_circular=false_8121 to cluster AA552 assigned as already present in cluster AA019
Not 37_89f6d5faf0a140b76bf2da61a2226de1_circular=false_5654 to cluster AA552 assigned as already present in cluster AA018
Not 46_ae19232ad4aac3a7993c3aaa5db2648b_circular=false_1444 to cluster AA552 assigned as already present in cluster AA018
Not 47_0d7673942e0f6371a9645d7f281d199b_circular=false_1388 to cluster AA552 assigned as already present in cluster AA552
Not 50_7a6161936d7b48af7da6ec46d82da3f8_circular=false_1196 to cluster AA552 assigned as already present in cluster AA018
Not 52_65cc8840c01ec48c53a2eaf8a2b87cc4_circular=false_1057 to cluster AA552 assigned as already present in cluster AA436
2026-02-19 13:11:41,402 mob_suite.mob_recon INFO: MOB-recon version 3.1.9  [in /home/kgontjes/.conda/envs/mobsuite_v3_1_9/lib/python3.11/site-packages/mob_suite/mob_recon.py:984]
2026-02-19 13:11:41,402 mob_suite.mob_recon INFO: SUCCESS: Found program blastn at /home/kgontjes/.conda/envs/mobsuite_v3_1_9/bin/blastn [in /home/kgontjes/.conda/envs/mobsuite_v3_1_9/lib/python3.11/site-packages/mob_suite/utils.py:597]
2026-02-19 13:11:41,402 mob_suite.mob_recon INFO: SUCCESS: Found program makeblastdb at /home/kgontjes/.conda/envs/mobsuite_v3_1_9/bin/makeblastdb [in /home/kgontjes/.conda/envs/mobsuite_v3_1_9/lib/python3.11/site-packages/mob_suite/utils.py:597]
2026-02-19 13:11:41,402 mob_suite.mob_recon INFO: SUCCESS: Found program tblastn at /home/kgontjes/.conda/envs/mobsuite_v3_1_9/bin/tblastn [in /home/kgontjes/.conda/envs/mobsuite_v3_1_9/lib/python3.11/site-packages/mob_suite/utils.py:597]
2026-02-19 13:11:41,441 mob_suite.mob_recon INFO: Processing fasta file /nfs/turbo/umms-esnitkin/Project_Penn_KPC/Sequence_data/assembly/illumina/spades/PCMP_H464/PCMP_H464_contigs_l1000.fasta [in /home/kgontjes/.conda/envs/mobsuite_v3_1_9/lib/python3.11/site-packages/mob_suite/mob_recon.py:1011]
2026-02-19 13:11:41,441 mob_suite.mob_recon INFO: Analysis directory /nfs/turbo/umms-esnitkin/Project_Penn_KPC/Analysis/Combination_resistance/pre-intro-blbli-resistance-ms/data/evolution_experiment/mobsuite_short/PCMP_H464 [in /home/kgontjes/.conda/envs/mobsuite_v3_1_9/lib/python3.11/site-packages/mob_suite/mob_recon.py:1012]
2026-02-19 13:11:43,874 mob_suite.mob_recon INFO: Writing cleaned header input fasta file from /nfs/turbo/umms-esnitkin/Project_Penn_KPC/Sequence_data/assembly/illumina/spades/PCMP_H464/PCMP_H464_contigs_l1000.fasta to /nfs/turbo/umms-esnitkin/Project_Penn_KPC/Analysis/Combination_resistance/pre-intro-blbli-resistance-ms/data/evolution_experiment/mobsuite_short/PCMP_H464/__tmp/fixed.input.fasta [in /home/kgontjes/.conda/envs/mobsuite_v3_1_9/lib/python3.11/site-packages/mob_suite/mob_recon.py:1107]
2026-02-19 13:11:44,741 root INFO: Blasting replicon sequences /home/kgontjes/.conda/envs/mobsuite_v3_1_9/lib/python3.11/site-packages/mob_suite/databases/rep.dna.fas against /nfs/turbo/umms-esnitkin/Project_Penn_KPC/Analysis/Combination_resistance/pre-intro-blbli-resistance-ms/data/evolution_experiment/mobsuite_short/PCMP_H464/__tmp/fixed.input.fasta [in /home/kgontjes/.conda/envs/mobsuite_v3_1_9/lib/python3.11/site-packages/mob_suite/utils.py:1163]
/home/kgontjes/.conda/envs/mobsuite_v3_1_9/lib/python3.11/site-packages/mob_suite/utils.py:338: FutureWarning: the 'line_terminator'' keyword is deprecated, use 'lineterminator' instead.
  blast_df.to_csv(blast_results_file, sep='\t', header=True, line_terminator='\n', index=False)
2026-02-19 13:11:45,545 root INFO: Filtering replicon blast results /nfs/turbo/umms-esnitkin/Project_Penn_KPC/Analysis/Combination_resistance/pre-intro-blbli-resistance-ms/data/evolution_experiment/mobsuite_short/PCMP_H464/__tmp/replicon_blast_results.txt  [in /home/kgontjes/.conda/envs/mobsuite_v3_1_9/lib/python3.11/site-packages/mob_suite/utils.py:1168]
2026-02-19 13:11:45,602 root INFO: Blasting relaxase sequences /home/kgontjes/.conda/envs/mobsuite_v3_1_9/lib/python3.11/site-packages/mob_suite/databases/mob.proteins.faa against /nfs/turbo/umms-esnitkin/Project_Penn_KPC/Analysis/Combination_resistance/pre-intro-blbli-resistance-ms/data/evolution_experiment/mobsuite_short/PCMP_H464/__tmp/fixed.input.fasta [in /home/kgontjes/.conda/envs/mobsuite_v3_1_9/lib/python3.11/site-packages/mob_suite/utils.py:1186]
/home/kgontjes/.conda/envs/mobsuite_v3_1_9/lib/python3.11/site-packages/mob_suite/utils.py:365: FutureWarning: the 'line_terminator'' keyword is deprecated, use 'lineterminator' instead.
  blast_df.to_csv(blast_results_file, sep='\t', header=True, line_terminator='\n', index=False)
2026-02-19 13:13:09,463 root INFO: Filtering relaxase blast results /nfs/turbo/umms-esnitkin/Project_Penn_KPC/Analysis/Combination_resistance/pre-intro-blbli-resistance-ms/data/evolution_experiment/mobsuite_short/PCMP_H464/__tmp/mob_blast_results.txt  [in /home/kgontjes/.conda/envs/mobsuite_v3_1_9/lib/python3.11/site-packages/mob_suite/utils.py:1191]
2026-02-19 13:13:09,493 root INFO: Blasting MPF sequences /home/kgontjes/.conda/envs/mobsuite_v3_1_9/lib/python3.11/site-packages/mob_suite/databases/mpf.proteins.faa against /nfs/turbo/umms-esnitkin/Project_Penn_KPC/Analysis/Combination_resistance/pre-intro-blbli-resistance-ms/data/evolution_experiment/mobsuite_short/PCMP_H464/__tmp/fixed.input.fasta [in /home/kgontjes/.conda/envs/mobsuite_v3_1_9/lib/python3.11/site-packages/mob_suite/utils.py:1210]
/home/kgontjes/.conda/envs/mobsuite_v3_1_9/lib/python3.11/site-packages/mob_suite/utils.py:365: FutureWarning: the 'line_terminator'' keyword is deprecated, use 'lineterminator' instead.
  blast_df.to_csv(blast_results_file, sep='\t', header=True, line_terminator='\n', index=False)
2026-02-19 13:14:08,733 root INFO: Filtering MPF blast results /nfs/turbo/umms-esnitkin/Project_Penn_KPC/Analysis/Combination_resistance/pre-intro-blbli-resistance-ms/data/evolution_experiment/mobsuite_short/PCMP_H464/__tmp/mpf_blast_results.txt  [in /home/kgontjes/.conda/envs/mobsuite_v3_1_9/lib/python3.11/site-packages/mob_suite/utils.py:1225]
2026-02-19 13:14:08,734 root INFO: Blasting orit sequences /home/kgontjes/.conda/envs/mobsuite_v3_1_9/lib/python3.11/site-packages/mob_suite/databases/orit.fas against /nfs/turbo/umms-esnitkin/Project_Penn_KPC/Analysis/Combination_resistance/pre-intro-blbli-resistance-ms/data/evolution_experiment/mobsuite_short/PCMP_H464/__tmp/fixed.input.fasta [in /home/kgontjes/.conda/envs/mobsuite_v3_1_9/lib/python3.11/site-packages/mob_suite/utils.py:1234]
/home/kgontjes/.conda/envs/mobsuite_v3_1_9/lib/python3.11/site-packages/mob_suite/utils.py:338: FutureWarning: the 'line_terminator'' keyword is deprecated, use 'lineterminator' instead.
  blast_df.to_csv(blast_results_file, sep='\t', header=True, line_terminator='\n', index=False)
2026-02-19 13:14:08,926 root INFO: Filtering orit blast results /nfs/turbo/umms-esnitkin/Project_Penn_KPC/Analysis/Combination_resistance/pre-intro-blbli-resistance-ms/data/evolution_experiment/mobsuite_short/PCMP_H464/__tmp/orit_blast_results.txt  [in /home/kgontjes/.conda/envs/mobsuite_v3_1_9/lib/python3.11/site-packages/mob_suite/utils.py:1239]
2026-02-19 13:14:08,951 root INFO: Blasting contigs against repetitive sequences db: /home/kgontjes/.conda/envs/mobsuite_v3_1_9/lib/python3.11/site-packages/mob_suite/databases/repetitive.dna.fas [in /home/kgontjes/.conda/envs/mobsuite_v3_1_9/lib/python3.11/site-packages/mob_suite/utils.py:1256]
/home/kgontjes/.conda/envs/mobsuite_v3_1_9/lib/python3.11/site-packages/mob_suite/utils.py:338: FutureWarning: the 'line_terminator'' keyword is deprecated, use 'lineterminator' instead.
  blast_df.to_csv(blast_results_file, sep='\t', header=True, line_terminator='\n', index=False)
2026-02-19 13:14:09,874 root INFO: Filtering repetitive blast results /nfs/turbo/umms-esnitkin/Project_Penn_KPC/Analysis/Combination_resistance/pre-intro-blbli-resistance-ms/data/evolution_experiment/mobsuite_short/PCMP_H464/__tmp/repetitive_blast_results.txt  [in /home/kgontjes/.conda/envs/mobsuite_v3_1_9/lib/python3.11/site-packages/mob_suite/utils.py:1260]
2026-02-19 13:14:09,886 root INFO: Filtering contig: 47_0d7673942e0f6371a9645d7f281d199b_circular=false_1388 due to repetitive sequence [in /home/kgontjes/.conda/envs/mobsuite_v3_1_9/lib/python3.11/site-packages/mob_suite/utils.py:1275]
2026-02-19 13:14:09,886 root INFO: Filtering contig: 50_7a6161936d7b48af7da6ec46d82da3f8_circular=false_1196 due to repetitive sequence [in /home/kgontjes/.conda/envs/mobsuite_v3_1_9/lib/python3.11/site-packages/mob_suite/utils.py:1275]
2026-02-19 13:14:09,886 root INFO: Filtering contig: 52_65cc8840c01ec48c53a2eaf8a2b87cc4_circular=false_1057 due to repetitive sequence [in /home/kgontjes/.conda/envs/mobsuite_v3_1_9/lib/python3.11/site-packages/mob_suite/utils.py:1275]
2026-02-19 13:14:09,886 root INFO: Filtering contig: 52_65cc8840c01ec48c53a2eaf8a2b87cc4_circular=false_1057 due to repetitive sequence [in /home/kgontjes/.conda/envs/mobsuite_v3_1_9/lib/python3.11/site-packages/mob_suite/utils.py:1275]
2026-02-19 13:14:09,886 root INFO: Filtering contig: 37_89f6d5faf0a140b76bf2da61a2226de1_circular=false_5654 due to repetitive sequence [in /home/kgontjes/.conda/envs/mobsuite_v3_1_9/lib/python3.11/site-packages/mob_suite/utils.py:1275]
2026-02-19 13:14:09,886 root INFO: Filtering contig: 50_7a6161936d7b48af7da6ec46d82da3f8_circular=false_1196 due to repetitive sequence [in /home/kgontjes/.conda/envs/mobsuite_v3_1_9/lib/python3.11/site-packages/mob_suite/utils.py:1275]
2026-02-19 13:14:09,886 root INFO: Filtering contig: 52_65cc8840c01ec48c53a2eaf8a2b87cc4_circular=false_1057 due to repetitive sequence [in /home/kgontjes/.conda/envs/mobsuite_v3_1_9/lib/python3.11/site-packages/mob_suite/utils.py:1275]
2026-02-19 13:14:09,886 root INFO: Filtering contig: 37_89f6d5faf0a140b76bf2da61a2226de1_circular=false_5654 due to repetitive sequence [in /home/kgontjes/.conda/envs/mobsuite_v3_1_9/lib/python3.11/site-packages/mob_suite/utils.py:1275]
2026-02-19 13:14:09,886 root INFO: Filtering contig: 49_6069da2e4cb4cfffe53e338bcabff775_circular=false_1202 due to repetitive sequence [in /home/kgontjes/.conda/envs/mobsuite_v3_1_9/lib/python3.11/site-packages/mob_suite/utils.py:1275]
2026-02-19 13:14:09,886 root INFO: Blasting contigs against reference sequence db: /home/kgontjes/.conda/envs/mobsuite_v3_1_9/lib/python3.11/site-packages/mob_suite/databases/ncbi_plasmid_full_seqs.fas [in /home/kgontjes/.conda/envs/mobsuite_v3_1_9/lib/python3.11/site-packages/mob_suite/mob_recon.py:1264]
/home/kgontjes/.conda/envs/mobsuite_v3_1_9/lib/python3.11/site-packages/mob_suite/utils.py:338: FutureWarning: the 'line_terminator'' keyword is deprecated, use 'lineterminator' instead.
  blast_df.to_csv(blast_results_file, sep='\t', header=True, line_terminator='\n', index=False)
2026-02-19 13:15:09,928 root INFO: Filtering contig blast results: /nfs/turbo/umms-esnitkin/Project_Penn_KPC/Analysis/Combination_resistance/pre-intro-blbli-resistance-ms/data/evolution_experiment/mobsuite_short/PCMP_H464/__tmp/contig_blast_results.txt [in /home/kgontjes/.conda/envs/mobsuite_v3_1_9/lib/python3.11/site-packages/mob_suite/mob_recon.py:1269]
2026-02-19 13:15:11,519 root INFO: Assigning contigs to plasmid groups [in /home/kgontjes/.conda/envs/mobsuite_v3_1_9/lib/python3.11/site-packages/mob_suite/mob_recon.py:1284]
2026-02-19 13:15:20,306 root INFO: Writting contig results to /nfs/turbo/umms-esnitkin/Project_Penn_KPC/Analysis/Combination_resistance/pre-intro-blbli-resistance-ms/data/evolution_experiment/mobsuite_short/PCMP_H464/contig_report.txt [in /home/kgontjes/.conda/envs/mobsuite_v3_1_9/lib/python3.11/site-packages/mob_suite/mob_recon.py:1387]
2026-02-19 13:15:21,907 root INFO: Writting plasmid sequences to /nfs/turbo/umms-esnitkin/Project_Penn_KPC/Analysis/Combination_resistance/pre-intro-blbli-resistance-ms/data/evolution_experiment/mobsuite_short/PCMP_H464/plasmid_AA018.fasta [in /home/kgontjes/.conda/envs/mobsuite_v3_1_9/lib/python3.11/site-packages/mob_suite/utils.py:971]
2026-02-19 13:15:28,711 root INFO: Writting plasmid sequences to /nfs/turbo/umms-esnitkin/Project_Penn_KPC/Analysis/Combination_resistance/pre-intro-blbli-resistance-ms/data/evolution_experiment/mobsuite_short/PCMP_H464/plasmid_AA552.fasta [in /home/kgontjes/.conda/envs/mobsuite_v3_1_9/lib/python3.11/site-packages/mob_suite/utils.py:971]
2026-02-19 13:15:30,849 root INFO: Writting plasmid sequences to /nfs/turbo/umms-esnitkin/Project_Penn_KPC/Analysis/Combination_resistance/pre-intro-blbli-resistance-ms/data/evolution_experiment/mobsuite_short/PCMP_H464/plasmid_AA941.fasta [in /home/kgontjes/.conda/envs/mobsuite_v3_1_9/lib/python3.11/site-packages/mob_suite/utils.py:971]
2026-02-19 13:15:31,940 root INFO: Writting chromosome sequences to /nfs/turbo/umms-esnitkin/Project_Penn_KPC/Analysis/Combination_resistance/pre-intro-blbli-resistance-ms/data/evolution_experiment/mobsuite_short/PCMP_H464/chromosome.fasta [in /home/kgontjes/.conda/envs/mobsuite_v3_1_9/lib/python3.11/site-packages/mob_suite/mob_recon.py:1404]
/home/kgontjes/.conda/envs/mobsuite_v3_1_9/lib/python3.11/site-packages/mob_suite/utils.py:338: FutureWarning: the 'line_terminator'' keyword is deprecated, use 'lineterminator' instead.
  blast_df.to_csv(blast_results_file, sep='\t', header=True, line_terminator='\n', index=False)
2026-02-19 13:15:32,989 root INFO: Creating plasmid biomarkers report ... [in /home/kgontjes/.conda/envs/mobsuite_v3_1_9/lib/python3.11/site-packages/mob_suite/utils.py:1382]
2026-02-19 13:15:33,158 root INFO: Writting plasmid biomarkers report contaning 28 biomarkers [in /home/kgontjes/.conda/envs/mobsuite_v3_1_9/lib/python3.11/site-packages/mob_suite/mob_recon.py:1478]
2026-02-19 13:15:33,161 root INFO: Cleaning up temporary files /nfs/turbo/umms-esnitkin/Project_Penn_KPC/Analysis/Combination_resistance/pre-intro-blbli-resistance-ms/data/evolution_experiment/mobsuite_short/PCMP_H464/__tmp [in /home/kgontjes/.conda/envs/mobsuite_v3_1_9/lib/python3.11/site-packages/mob_suite/mob_recon.py:1484]
2026-02-19 13:15:33,188 mob_suite.mob_recon INFO: MOB-recon completed and results written to /nfs/turbo/umms-esnitkin/Project_Penn_KPC/Analysis/Combination_resistance/pre-intro-blbli-resistance-ms/data/evolution_experiment/mobsuite_short/PCMP_H464 [in /home/kgontjes/.conda/envs/mobsuite_v3_1_9/lib/python3.11/site-packages/mob_suite/mob_recon.py:1486]
Not 62_1383a034346d00de4175c62405f9811d_circular=false_8900 to cluster AA032 assigned as already present in cluster AA434
Not 77_618a9677a90fb841dfebe82edb575381_circular=false_1914 to cluster AA032 assigned as already present in cluster AA038
Not 80_d07469324152648b6b34b1ca05225221_circular=false_1599 to cluster AA032 assigned as already present in cluster AA357
Not 81_8efe0b3f7db405097d06037c7abb0a2b_circular=false_1494 to cluster AA032 assigned as already present in cluster AA357
Not 84_0e8e65d9ddf4fa9ce8036e2ee971a2c3_circular=false_1337 to cluster AA032 assigned as already present in cluster AA357
Not 88_606ee60298c7b2f0e27b703b40145531_circular=false_1196 to cluster AA032 assigned as already present in cluster AA038
Not 97_33568b68b3c14befa02c7ae4e31de673_circular=false_1015 to cluster AA032 assigned as already present in cluster AA357
Not 53_8d62d46c944b005a34d5c1b5b23de97c_circular=false_18124 to cluster AB130 assigned as already present in cluster AA357
Not 66_e34ccf32296cd7a7d960a81cfaab4c14_circular=false_6829 to cluster AB130 assigned as already present in cluster AA434
Not 68_0b8c35aa3b69d210bafca11f4b80247f_circular=false_5926 to cluster AB130 assigned as already present in cluster AA434
Not 69_c7914c9b811901bb65d64bcaab967846_circular=false_5223 to cluster AB130 assigned as already present in cluster AA357
Not 78_2245d3688be5826572322262da2ee491_circular=false_1809 to cluster AB130 assigned as already present in cluster AA434
Not 80_d07469324152648b6b34b1ca05225221_circular=false_1599 to cluster AB130 assigned as already present in cluster AA357
Not 84_0e8e65d9ddf4fa9ce8036e2ee971a2c3_circular=false_1337 to cluster AB130 assigned as already present in cluster AA357
Not 85_515f6324226733815c8e2dce1aa4d04a_circular=false_1326 to cluster AB130 assigned as already present in cluster AA357
Not 88_606ee60298c7b2f0e27b703b40145531_circular=false_1196 to cluster AB130 assigned as already present in cluster AA038
Not 95_0abe4ae933e586d7fbb8b7f1120fe388_circular=false_1057 to cluster AB130 assigned as already present in cluster AA032
Not 34_513db87305567622547d474c81350141_circular=false_58229 to cluster AF888 assigned as already present in cluster AF888
Not 54_e58007f641c8b0dae93dff65467de9dc_circular=false_16485 to cluster AF888 assigned as already present in cluster AF888
Not 86_a752eff8d56613c80da165fd977cce7f_circular=false_1291 to cluster AF888 assigned as already present in cluster AF888
Not 92_d6f97567e4995c49d8d85fe2aea4167a_circular=false_1122 to cluster AF888 assigned as already present in cluster AF888
Not 94_58e2fe80d02ca9e03f7549022cab9f82_circular=false_1087 to cluster AF888 assigned as already present in cluster AF888
2026-02-19 13:11:41,387 mob_suite.mob_recon INFO: MOB-recon version 3.1.9  [in /home/kgontjes/.conda/envs/mobsuite_v3_1_9/lib/python3.11/site-packages/mob_suite/mob_recon.py:984]
2026-02-19 13:11:41,387 mob_suite.mob_recon INFO: SUCCESS: Found program blastn at /home/kgontjes/.conda/envs/mobsuite_v3_1_9/bin/blastn [in /home/kgontjes/.conda/envs/mobsuite_v3_1_9/lib/python3.11/site-packages/mob_suite/utils.py:597]
2026-02-19 13:11:41,387 mob_suite.mob_recon INFO: SUCCESS: Found program makeblastdb at /home/kgontjes/.conda/envs/mobsuite_v3_1_9/bin/makeblastdb [in /home/kgontjes/.conda/envs/mobsuite_v3_1_9/lib/python3.11/site-packages/mob_suite/utils.py:597]
2026-02-19 13:11:41,387 mob_suite.mob_recon INFO: SUCCESS: Found program tblastn at /home/kgontjes/.conda/envs/mobsuite_v3_1_9/bin/tblastn [in /home/kgontjes/.conda/envs/mobsuite_v3_1_9/lib/python3.11/site-packages/mob_suite/utils.py:597]
2026-02-19 13:11:41,389 mob_suite.mob_recon INFO: Processing fasta file /nfs/turbo/umms-esnitkin/Project_Penn_KPC/Sequence_data/assembly/illumina/spades/PCMP_H116_MVB_R/PCMP_H116_MVB_R_contigs_l1000.fasta [in /home/kgontjes/.conda/envs/mobsuite_v3_1_9/lib/python3.11/site-packages/mob_suite/mob_recon.py:1011]
2026-02-19 13:11:41,389 mob_suite.mob_recon INFO: Analysis directory /nfs/turbo/umms-esnitkin/Project_Penn_KPC/Analysis/Combination_resistance/pre-intro-blbli-resistance-ms/data/evolution_experiment/mobsuite_short/PCMP_H116_MVB_R [in /home/kgontjes/.conda/envs/mobsuite_v3_1_9/lib/python3.11/site-packages/mob_suite/mob_recon.py:1012]
2026-02-19 13:11:43,596 mob_suite.mob_recon INFO: Writing cleaned header input fasta file from /nfs/turbo/umms-esnitkin/Project_Penn_KPC/Sequence_data/assembly/illumina/spades/PCMP_H116_MVB_R/PCMP_H116_MVB_R_contigs_l1000.fasta to /nfs/turbo/umms-esnitkin/Project_Penn_KPC/Analysis/Combination_resistance/pre-intro-blbli-resistance-ms/data/evolution_experiment/mobsuite_short/PCMP_H116_MVB_R/__tmp/fixed.input.fasta [in /home/kgontjes/.conda/envs/mobsuite_v3_1_9/lib/python3.11/site-packages/mob_suite/mob_recon.py:1107]
2026-02-19 13:11:44,764 root INFO: Blasting replicon sequences /home/kgontjes/.conda/envs/mobsuite_v3_1_9/lib/python3.11/site-packages/mob_suite/databases/rep.dna.fas against /nfs/turbo/umms-esnitkin/Project_Penn_KPC/Analysis/Combination_resistance/pre-intro-blbli-resistance-ms/data/evolution_experiment/mobsuite_short/PCMP_H116_MVB_R/__tmp/fixed.input.fasta [in /home/kgontjes/.conda/envs/mobsuite_v3_1_9/lib/python3.11/site-packages/mob_suite/utils.py:1163]
/home/kgontjes/.conda/envs/mobsuite_v3_1_9/lib/python3.11/site-packages/mob_suite/utils.py:338: FutureWarning: the 'line_terminator'' keyword is deprecated, use 'lineterminator' instead.
  blast_df.to_csv(blast_results_file, sep='\t', header=True, line_terminator='\n', index=False)
2026-02-19 13:11:45,544 root INFO: Filtering replicon blast results /nfs/turbo/umms-esnitkin/Project_Penn_KPC/Analysis/Combination_resistance/pre-intro-blbli-resistance-ms/data/evolution_experiment/mobsuite_short/PCMP_H116_MVB_R/__tmp/replicon_blast_results.txt  [in /home/kgontjes/.conda/envs/mobsuite_v3_1_9/lib/python3.11/site-packages/mob_suite/utils.py:1168]
2026-02-19 13:11:45,569 root INFO: Blasting relaxase sequences /home/kgontjes/.conda/envs/mobsuite_v3_1_9/lib/python3.11/site-packages/mob_suite/databases/mob.proteins.faa against /nfs/turbo/umms-esnitkin/Project_Penn_KPC/Analysis/Combination_resistance/pre-intro-blbli-resistance-ms/data/evolution_experiment/mobsuite_short/PCMP_H116_MVB_R/__tmp/fixed.input.fasta [in /home/kgontjes/.conda/envs/mobsuite_v3_1_9/lib/python3.11/site-packages/mob_suite/utils.py:1186]
/home/kgontjes/.conda/envs/mobsuite_v3_1_9/lib/python3.11/site-packages/mob_suite/utils.py:365: FutureWarning: the 'line_terminator'' keyword is deprecated, use 'lineterminator' instead.
  blast_df.to_csv(blast_results_file, sep='\t', header=True, line_terminator='\n', index=False)
2026-02-19 13:13:10,551 root INFO: Filtering relaxase blast results /nfs/turbo/umms-esnitkin/Project_Penn_KPC/Analysis/Combination_resistance/pre-intro-blbli-resistance-ms/data/evolution_experiment/mobsuite_short/PCMP_H116_MVB_R/__tmp/mob_blast_results.txt  [in /home/kgontjes/.conda/envs/mobsuite_v3_1_9/lib/python3.11/site-packages/mob_suite/utils.py:1191]
2026-02-19 13:13:10,578 root INFO: Blasting MPF sequences /home/kgontjes/.conda/envs/mobsuite_v3_1_9/lib/python3.11/site-packages/mob_suite/databases/mpf.proteins.faa against /nfs/turbo/umms-esnitkin/Project_Penn_KPC/Analysis/Combination_resistance/pre-intro-blbli-resistance-ms/data/evolution_experiment/mobsuite_short/PCMP_H116_MVB_R/__tmp/fixed.input.fasta [in /home/kgontjes/.conda/envs/mobsuite_v3_1_9/lib/python3.11/site-packages/mob_suite/utils.py:1210]
/home/kgontjes/.conda/envs/mobsuite_v3_1_9/lib/python3.11/site-packages/mob_suite/utils.py:365: FutureWarning: the 'line_terminator'' keyword is deprecated, use 'lineterminator' instead.
  blast_df.to_csv(blast_results_file, sep='\t', header=True, line_terminator='\n', index=False)
2026-02-19 13:14:12,582 root INFO: Filtering MPF blast results /nfs/turbo/umms-esnitkin/Project_Penn_KPC/Analysis/Combination_resistance/pre-intro-blbli-resistance-ms/data/evolution_experiment/mobsuite_short/PCMP_H116_MVB_R/__tmp/mpf_blast_results.txt  [in /home/kgontjes/.conda/envs/mobsuite_v3_1_9/lib/python3.11/site-packages/mob_suite/utils.py:1225]
2026-02-19 13:14:12,583 root INFO: Blasting orit sequences /home/kgontjes/.conda/envs/mobsuite_v3_1_9/lib/python3.11/site-packages/mob_suite/databases/orit.fas against /nfs/turbo/umms-esnitkin/Project_Penn_KPC/Analysis/Combination_resistance/pre-intro-blbli-resistance-ms/data/evolution_experiment/mobsuite_short/PCMP_H116_MVB_R/__tmp/fixed.input.fasta [in /home/kgontjes/.conda/envs/mobsuite_v3_1_9/lib/python3.11/site-packages/mob_suite/utils.py:1234]
/home/kgontjes/.conda/envs/mobsuite_v3_1_9/lib/python3.11/site-packages/mob_suite/utils.py:338: FutureWarning: the 'line_terminator'' keyword is deprecated, use 'lineterminator' instead.
  blast_df.to_csv(blast_results_file, sep='\t', header=True, line_terminator='\n', index=False)
2026-02-19 13:14:12,772 root INFO: Filtering orit blast results /nfs/turbo/umms-esnitkin/Project_Penn_KPC/Analysis/Combination_resistance/pre-intro-blbli-resistance-ms/data/evolution_experiment/mobsuite_short/PCMP_H116_MVB_R/__tmp/orit_blast_results.txt  [in /home/kgontjes/.conda/envs/mobsuite_v3_1_9/lib/python3.11/site-packages/mob_suite/utils.py:1239]
2026-02-19 13:14:12,778 root INFO: Blasting contigs against repetitive sequences db: /home/kgontjes/.conda/envs/mobsuite_v3_1_9/lib/python3.11/site-packages/mob_suite/databases/repetitive.dna.fas [in /home/kgontjes/.conda/envs/mobsuite_v3_1_9/lib/python3.11/site-packages/mob_suite/utils.py:1256]
/home/kgontjes/.conda/envs/mobsuite_v3_1_9/lib/python3.11/site-packages/mob_suite/utils.py:338: FutureWarning: the 'line_terminator'' keyword is deprecated, use 'lineterminator' instead.
  blast_df.to_csv(blast_results_file, sep='\t', header=True, line_terminator='\n', index=False)
2026-02-19 13:14:13,858 root INFO: Filtering repetitive blast results /nfs/turbo/umms-esnitkin/Project_Penn_KPC/Analysis/Combination_resistance/pre-intro-blbli-resistance-ms/data/evolution_experiment/mobsuite_short/PCMP_H116_MVB_R/__tmp/repetitive_blast_results.txt  [in /home/kgontjes/.conda/envs/mobsuite_v3_1_9/lib/python3.11/site-packages/mob_suite/utils.py:1260]
2026-02-19 13:14:13,875 root INFO: Filtering contig: 80_d07469324152648b6b34b1ca05225221_circular=false_1599 due to repetitive sequence [in /home/kgontjes/.conda/envs/mobsuite_v3_1_9/lib/python3.11/site-packages/mob_suite/utils.py:1275]
2026-02-19 13:14:13,876 root INFO: Filtering contig: 66_e34ccf32296cd7a7d960a81cfaab4c14_circular=false_6829 due to repetitive sequence [in /home/kgontjes/.conda/envs/mobsuite_v3_1_9/lib/python3.11/site-packages/mob_suite/utils.py:1275]
2026-02-19 13:14:13,876 root INFO: Filtering contig: 80_d07469324152648b6b34b1ca05225221_circular=false_1599 due to repetitive sequence [in /home/kgontjes/.conda/envs/mobsuite_v3_1_9/lib/python3.11/site-packages/mob_suite/utils.py:1275]
2026-02-19 13:14:13,876 root INFO: Filtering contig: 84_0e8e65d9ddf4fa9ce8036e2ee971a2c3_circular=false_1337 due to repetitive sequence [in /home/kgontjes/.conda/envs/mobsuite_v3_1_9/lib/python3.11/site-packages/mob_suite/utils.py:1275]
2026-02-19 13:14:13,876 root INFO: Filtering contig: 80_d07469324152648b6b34b1ca05225221_circular=false_1599 due to repetitive sequence [in /home/kgontjes/.conda/envs/mobsuite_v3_1_9/lib/python3.11/site-packages/mob_suite/utils.py:1275]
2026-02-19 13:14:13,876 root INFO: Filtering contig: 89_5a212ec7ed9dc401fa2e22d50f742773_circular=false_1191 due to repetitive sequence [in /home/kgontjes/.conda/envs/mobsuite_v3_1_9/lib/python3.11/site-packages/mob_suite/utils.py:1275]
2026-02-19 13:14:13,876 root INFO: Filtering contig: 87_24d444b97025591edb9f9f4f112511de_circular=false_1208 due to repetitive sequence [in /home/kgontjes/.conda/envs/mobsuite_v3_1_9/lib/python3.11/site-packages/mob_suite/utils.py:1275]
2026-02-19 13:14:13,876 root INFO: Filtering contig: 80_d07469324152648b6b34b1ca05225221_circular=false_1599 due to repetitive sequence [in /home/kgontjes/.conda/envs/mobsuite_v3_1_9/lib/python3.11/site-packages/mob_suite/utils.py:1275]
2026-02-19 13:14:13,876 root INFO: Filtering contig: 82_066beb2c65151340ed27922ca003ece8_circular=false_1401 due to repetitive sequence [in /home/kgontjes/.conda/envs/mobsuite_v3_1_9/lib/python3.11/site-packages/mob_suite/utils.py:1275]
2026-02-19 13:14:13,876 root INFO: Filtering contig: 71_0ca3901f19f5ed7f511975b9eafc2138_circular=false_4559 due to repetitive sequence [in /home/kgontjes/.conda/envs/mobsuite_v3_1_9/lib/python3.11/site-packages/mob_suite/utils.py:1275]
2026-02-19 13:14:13,876 root INFO: Filtering contig: 88_606ee60298c7b2f0e27b703b40145531_circular=false_1196 due to repetitive sequence [in /home/kgontjes/.conda/envs/mobsuite_v3_1_9/lib/python3.11/site-packages/mob_suite/utils.py:1275]
2026-02-19 13:14:13,876 root INFO: Filtering contig: 95_0abe4ae933e586d7fbb8b7f1120fe388_circular=false_1057 due to repetitive sequence [in /home/kgontjes/.conda/envs/mobsuite_v3_1_9/lib/python3.11/site-packages/mob_suite/utils.py:1275]
2026-02-19 13:14:13,876 root INFO: Filtering contig: 95_0abe4ae933e586d7fbb8b7f1120fe388_circular=false_1057 due to repetitive sequence [in /home/kgontjes/.conda/envs/mobsuite_v3_1_9/lib/python3.11/site-packages/mob_suite/utils.py:1275]
2026-02-19 13:14:13,876 root INFO: Filtering contig: 84_0e8e65d9ddf4fa9ce8036e2ee971a2c3_circular=false_1337 due to repetitive sequence [in /home/kgontjes/.conda/envs/mobsuite_v3_1_9/lib/python3.11/site-packages/mob_suite/utils.py:1275]
2026-02-19 13:14:13,876 root INFO: Filtering contig: 80_d07469324152648b6b34b1ca05225221_circular=false_1599 due to repetitive sequence [in /home/kgontjes/.conda/envs/mobsuite_v3_1_9/lib/python3.11/site-packages/mob_suite/utils.py:1275]
2026-02-19 13:14:13,876 root INFO: Filtering contig: 89_5a212ec7ed9dc401fa2e22d50f742773_circular=false_1191 due to repetitive sequence [in /home/kgontjes/.conda/envs/mobsuite_v3_1_9/lib/python3.11/site-packages/mob_suite/utils.py:1275]
2026-02-19 13:14:13,876 root INFO: Filtering contig: 80_d07469324152648b6b34b1ca05225221_circular=false_1599 due to repetitive sequence [in /home/kgontjes/.conda/envs/mobsuite_v3_1_9/lib/python3.11/site-packages/mob_suite/utils.py:1275]
2026-02-19 13:14:13,876 root INFO: Filtering contig: 78_2245d3688be5826572322262da2ee491_circular=false_1809 due to repetitive sequence [in /home/kgontjes/.conda/envs/mobsuite_v3_1_9/lib/python3.11/site-packages/mob_suite/utils.py:1275]
2026-02-19 13:14:13,876 root INFO: Filtering contig: 88_606ee60298c7b2f0e27b703b40145531_circular=false_1196 due to repetitive sequence [in /home/kgontjes/.conda/envs/mobsuite_v3_1_9/lib/python3.11/site-packages/mob_suite/utils.py:1275]
2026-02-19 13:14:13,876 root INFO: Filtering contig: 96_d3087884b99ceaf0a81ffb8bcf2ff376_circular=false_1039 due to repetitive sequence [in /home/kgontjes/.conda/envs/mobsuite_v3_1_9/lib/python3.11/site-packages/mob_suite/utils.py:1275]
2026-02-19 13:14:13,876 root INFO: Filtering contig: 78_2245d3688be5826572322262da2ee491_circular=false_1809 due to repetitive sequence [in /home/kgontjes/.conda/envs/mobsuite_v3_1_9/lib/python3.11/site-packages/mob_suite/utils.py:1275]
2026-02-19 13:14:13,876 root INFO: Filtering contig: 58_8df1804105a8657c8b5eddaf9180cf93_circular=false_11798 due to repetitive sequence [in /home/kgontjes/.conda/envs/mobsuite_v3_1_9/lib/python3.11/site-packages/mob_suite/utils.py:1275]
2026-02-19 13:14:13,876 root INFO: Filtering contig: 88_606ee60298c7b2f0e27b703b40145531_circular=false_1196 due to repetitive sequence [in /home/kgontjes/.conda/envs/mobsuite_v3_1_9/lib/python3.11/site-packages/mob_suite/utils.py:1275]
2026-02-19 13:14:13,876 root INFO: Filtering contig: 47_d905541bdb3248ac69c998e661e68af9_circular=false_27050 due to repetitive sequence [in /home/kgontjes/.conda/envs/mobsuite_v3_1_9/lib/python3.11/site-packages/mob_suite/utils.py:1275]
2026-02-19 13:14:13,876 root INFO: Filtering contig: 58_8df1804105a8657c8b5eddaf9180cf93_circular=false_11798 due to repetitive sequence [in /home/kgontjes/.conda/envs/mobsuite_v3_1_9/lib/python3.11/site-packages/mob_suite/utils.py:1275]
2026-02-19 13:14:13,876 root INFO: Filtering contig: 95_0abe4ae933e586d7fbb8b7f1120fe388_circular=false_1057 due to repetitive sequence [in /home/kgontjes/.conda/envs/mobsuite_v3_1_9/lib/python3.11/site-packages/mob_suite/utils.py:1275]
2026-02-19 13:14:13,876 root INFO: Filtering contig: 80_d07469324152648b6b34b1ca05225221_circular=false_1599 due to repetitive sequence [in /home/kgontjes/.conda/envs/mobsuite_v3_1_9/lib/python3.11/site-packages/mob_suite/utils.py:1275]
2026-02-19 13:14:13,876 root INFO: Filtering contig: 84_0e8e65d9ddf4fa9ce8036e2ee971a2c3_circular=false_1337 due to repetitive sequence [in /home/kgontjes/.conda/envs/mobsuite_v3_1_9/lib/python3.11/site-packages/mob_suite/utils.py:1275]
2026-02-19 13:14:13,876 root INFO: Filtering contig: 66_e34ccf32296cd7a7d960a81cfaab4c14_circular=false_6829 due to repetitive sequence [in /home/kgontjes/.conda/envs/mobsuite_v3_1_9/lib/python3.11/site-packages/mob_suite/utils.py:1275]
2026-02-19 13:14:13,876 root INFO: Filtering contig: 80_d07469324152648b6b34b1ca05225221_circular=false_1599 due to repetitive sequence [in /home/kgontjes/.conda/envs/mobsuite_v3_1_9/lib/python3.11/site-packages/mob_suite/utils.py:1275]
2026-02-19 13:14:13,876 root INFO: Filtering contig: 89_5a212ec7ed9dc401fa2e22d50f742773_circular=false_1191 due to repetitive sequence [in /home/kgontjes/.conda/envs/mobsuite_v3_1_9/lib/python3.11/site-packages/mob_suite/utils.py:1275]
2026-02-19 13:14:13,876 root INFO: Filtering contig: 95_0abe4ae933e586d7fbb8b7f1120fe388_circular=false_1057 due to repetitive sequence [in /home/kgontjes/.conda/envs/mobsuite_v3_1_9/lib/python3.11/site-packages/mob_suite/utils.py:1275]
2026-02-19 13:14:13,876 root INFO: Filtering contig: 80_d07469324152648b6b34b1ca05225221_circular=false_1599 due to repetitive sequence [in /home/kgontjes/.conda/envs/mobsuite_v3_1_9/lib/python3.11/site-packages/mob_suite/utils.py:1275]
2026-02-19 13:14:13,876 root INFO: Filtering contig: 78_2245d3688be5826572322262da2ee491_circular=false_1809 due to repetitive sequence [in /home/kgontjes/.conda/envs/mobsuite_v3_1_9/lib/python3.11/site-packages/mob_suite/utils.py:1275]
2026-02-19 13:14:13,876 root INFO: Filtering contig: 89_5a212ec7ed9dc401fa2e22d50f742773_circular=false_1191 due to repetitive sequence [in /home/kgontjes/.conda/envs/mobsuite_v3_1_9/lib/python3.11/site-packages/mob_suite/utils.py:1275]
2026-02-19 13:14:13,876 root INFO: Filtering contig: 80_d07469324152648b6b34b1ca05225221_circular=false_1599 due to repetitive sequence [in /home/kgontjes/.conda/envs/mobsuite_v3_1_9/lib/python3.11/site-packages/mob_suite/utils.py:1275]
2026-02-19 13:14:13,876 root INFO: Filtering contig: 84_0e8e65d9ddf4fa9ce8036e2ee971a2c3_circular=false_1337 due to repetitive sequence [in /home/kgontjes/.conda/envs/mobsuite_v3_1_9/lib/python3.11/site-packages/mob_suite/utils.py:1275]
2026-02-19 13:14:13,876 root INFO: Filtering contig: 80_d07469324152648b6b34b1ca05225221_circular=false_1599 due to repetitive sequence [in /home/kgontjes/.conda/envs/mobsuite_v3_1_9/lib/python3.11/site-packages/mob_suite/utils.py:1275]
2026-02-19 13:14:13,876 root INFO: Filtering contig: 94_58e2fe80d02ca9e03f7549022cab9f82_circular=false_1087 due to repetitive sequence [in /home/kgontjes/.conda/envs/mobsuite_v3_1_9/lib/python3.11/site-packages/mob_suite/utils.py:1275]
2026-02-19 13:14:13,876 root INFO: Filtering contig: 86_a752eff8d56613c80da165fd977cce7f_circular=false_1291 due to repetitive sequence [in /home/kgontjes/.conda/envs/mobsuite_v3_1_9/lib/python3.11/site-packages/mob_suite/utils.py:1275]
2026-02-19 13:14:13,878 root INFO: Blasting contigs against reference sequence db: /home/kgontjes/.conda/envs/mobsuite_v3_1_9/lib/python3.11/site-packages/mob_suite/databases/ncbi_plasmid_full_seqs.fas [in /home/kgontjes/.conda/envs/mobsuite_v3_1_9/lib/python3.11/site-packages/mob_suite/mob_recon.py:1264]
/home/kgontjes/.conda/envs/mobsuite_v3_1_9/lib/python3.11/site-packages/mob_suite/utils.py:338: FutureWarning: the 'line_terminator'' keyword is deprecated, use 'lineterminator' instead.
  blast_df.to_csv(blast_results_file, sep='\t', header=True, line_terminator='\n', index=False)
2026-02-19 13:15:18,501 root INFO: Filtering contig blast results: /nfs/turbo/umms-esnitkin/Project_Penn_KPC/Analysis/Combination_resistance/pre-intro-blbli-resistance-ms/data/evolution_experiment/mobsuite_short/PCMP_H116_MVB_R/__tmp/contig_blast_results.txt [in /home/kgontjes/.conda/envs/mobsuite_v3_1_9/lib/python3.11/site-packages/mob_suite/mob_recon.py:1269]
2026-02-19 13:15:21,410 root INFO: Assigning contigs to plasmid groups [in /home/kgontjes/.conda/envs/mobsuite_v3_1_9/lib/python3.11/site-packages/mob_suite/mob_recon.py:1284]
2026-02-19 13:15:35,175 root INFO: Writting contig results to /nfs/turbo/umms-esnitkin/Project_Penn_KPC/Analysis/Combination_resistance/pre-intro-blbli-resistance-ms/data/evolution_experiment/mobsuite_short/PCMP_H116_MVB_R/contig_report.txt [in /home/kgontjes/.conda/envs/mobsuite_v3_1_9/lib/python3.11/site-packages/mob_suite/mob_recon.py:1387]
2026-02-19 13:15:36,863 root INFO: Writting plasmid sequences to /nfs/turbo/umms-esnitkin/Project_Penn_KPC/Analysis/Combination_resistance/pre-intro-blbli-resistance-ms/data/evolution_experiment/mobsuite_short/PCMP_H116_MVB_R/plasmid_AA434.fasta [in /home/kgontjes/.conda/envs/mobsuite_v3_1_9/lib/python3.11/site-packages/mob_suite/utils.py:971]
/home/kgontjes/.conda/envs/mobsuite_v3_1_9/lib/python3.11/site-packages/ete3/ncbi_taxonomy/ncbiquery.py:243: UserWarning: taxid 211759 was translated into 615
  warnings.warn("taxid %s was translated into %s" %(taxid, merged_conversion[taxid]))
2026-02-19 13:15:43,490 root INFO: Writting plasmid sequences to /nfs/turbo/umms-esnitkin/Project_Penn_KPC/Analysis/Combination_resistance/pre-intro-blbli-resistance-ms/data/evolution_experiment/mobsuite_short/PCMP_H116_MVB_R/plasmid_AA357.fasta [in /home/kgontjes/.conda/envs/mobsuite_v3_1_9/lib/python3.11/site-packages/mob_suite/utils.py:971]
2026-02-19 13:15:47,956 root INFO: Writting plasmid sequences to /nfs/turbo/umms-esnitkin/Project_Penn_KPC/Analysis/Combination_resistance/pre-intro-blbli-resistance-ms/data/evolution_experiment/mobsuite_short/PCMP_H116_MVB_R/plasmid_AA274.fasta [in /home/kgontjes/.conda/envs/mobsuite_v3_1_9/lib/python3.11/site-packages/mob_suite/utils.py:971]
2026-02-19 13:15:48,464 root INFO: Writting plasmid sequences to /nfs/turbo/umms-esnitkin/Project_Penn_KPC/Analysis/Combination_resistance/pre-intro-blbli-resistance-ms/data/evolution_experiment/mobsuite_short/PCMP_H116_MVB_R/plasmid_AC431.fasta [in /home/kgontjes/.conda/envs/mobsuite_v3_1_9/lib/python3.11/site-packages/mob_suite/utils.py:971]
2026-02-19 13:15:48,745 root INFO: Writting plasmid sequences to /nfs/turbo/umms-esnitkin/Project_Penn_KPC/Analysis/Combination_resistance/pre-intro-blbli-resistance-ms/data/evolution_experiment/mobsuite_short/PCMP_H116_MVB_R/plasmid_AD093.fasta [in /home/kgontjes/.conda/envs/mobsuite_v3_1_9/lib/python3.11/site-packages/mob_suite/utils.py:971]
2026-02-19 13:15:48,948 root INFO: Writting chromosome sequences to /nfs/turbo/umms-esnitkin/Project_Penn_KPC/Analysis/Combination_resistance/pre-intro-blbli-resistance-ms/data/evolution_experiment/mobsuite_short/PCMP_H116_MVB_R/chromosome.fasta [in /home/kgontjes/.conda/envs/mobsuite_v3_1_9/lib/python3.11/site-packages/mob_suite/mob_recon.py:1404]
/home/kgontjes/.conda/envs/mobsuite_v3_1_9/lib/python3.11/site-packages/mob_suite/utils.py:338: FutureWarning: the 'line_terminator'' keyword is deprecated, use 'lineterminator' instead.
  blast_df.to_csv(blast_results_file, sep='\t', header=True, line_terminator='\n', index=False)
2026-02-19 13:15:49,951 root INFO: Creating plasmid biomarkers report ... [in /home/kgontjes/.conda/envs/mobsuite_v3_1_9/lib/python3.11/site-packages/mob_suite/utils.py:1382]
2026-02-19 13:15:50,053 root INFO: Writting plasmid biomarkers report contaning 27 biomarkers [in /home/kgontjes/.conda/envs/mobsuite_v3_1_9/lib/python3.11/site-packages/mob_suite/mob_recon.py:1478]
2026-02-19 13:15:50,056 root INFO: Cleaning up temporary files /nfs/turbo/umms-esnitkin/Project_Penn_KPC/Analysis/Combination_resistance/pre-intro-blbli-resistance-ms/data/evolution_experiment/mobsuite_short/PCMP_H116_MVB_R/__tmp [in /home/kgontjes/.conda/envs/mobsuite_v3_1_9/lib/python3.11/site-packages/mob_suite/mob_recon.py:1484]
2026-02-19 13:15:50,074 mob_suite.mob_recon INFO: MOB-recon completed and results written to /nfs/turbo/umms-esnitkin/Project_Penn_KPC/Analysis/Combination_resistance/pre-intro-blbli-resistance-ms/data/evolution_experiment/mobsuite_short/PCMP_H116_MVB_R [in /home/kgontjes/.conda/envs/mobsuite_v3_1_9/lib/python3.11/site-packages/mob_suite/mob_recon.py:1486]
Not 54_888a34dbdfbd6b92153d9cfdd35a8e37_circular=false_11611 to cluster AA032 assigned as already present in cluster AA275
Not 61_923caa742e137b6fe6c6ee2b023f0e52_circular=false_8241 to cluster AA032 assigned as already present in cluster AA436
Not 68_ebce54ebf1c6133cbc09b83ce962eb19_circular=false_4631 to cluster AA032 assigned as already present in cluster AA275
Not 75_618a9677a90fb841dfebe82edb575381_circular=false_1914 to cluster AA032 assigned as already present in cluster AA275
Not 77_7932cefd022e57f9feb5cfda98afe9c7_circular=false_1772 to cluster AA032 assigned as already present in cluster AA275
Not 79_550bb7a423bf7cd3496d2372396a9717_circular=false_1554 to cluster AA032 assigned as already present in cluster AA275
Not 86_606ee60298c7b2f0e27b703b40145531_circular=false_1196 to cluster AA032 assigned as already present in cluster AA275
Not 88_2ebae565fe5d5e5f731799c541987457_circular=false_1097 to cluster AA032 assigned as already present in cluster AA275
Not 24_8712ad9b365a99db92716c1fe62c2943_circular=false_70677 to cluster AA275 assigned as already present in cluster AA275
Not 26_b398c1beab4a8518bb1d0a72f506ab89_circular=false_68016 to cluster AA275 assigned as already present in cluster AA275
Not 43_3a112a4bf43416eea04f9fd1a68fbf84_circular=false_31595 to cluster AA275 assigned as already present in cluster AA275
Not 46_6db216d05f6bef6737c69a2393d4dff8_circular=false_28085 to cluster AA275 assigned as already present in cluster AA275
Not 54_888a34dbdfbd6b92153d9cfdd35a8e37_circular=false_11611 to cluster AA275 assigned as already present in cluster AA275
Not 57_5732c19be2684962402136345c4ae78d_circular=false_9908 to cluster AA275 assigned as already present in cluster AA275
Not 58_44d299ad40750d1c5dad00a74ae38e75_circular=false_9796 to cluster AA275 assigned as already present in cluster AA275
Not 61_923caa742e137b6fe6c6ee2b023f0e52_circular=false_8241 to cluster AA275 assigned as already present in cluster AA436
Not 64_2d243234a729a470a1b93fe829a98904_circular=false_6903 to cluster AA275 assigned as already present in cluster AA275
Not 66_21643009f78f92bea6ac26203c38efd8_circular=false_5304 to cluster AA275 assigned as already present in cluster AA275
Not 67_f38b22a49f6e4b6a9bdfc3280b7c57d1_circular=false_4718 to cluster AA275 assigned as already present in cluster AA275
Not 68_ebce54ebf1c6133cbc09b83ce962eb19_circular=false_4631 to cluster AA275 assigned as already present in cluster AA275
Not 69_830315956ca88ecb5191657132c874c1_circular=false_4547 to cluster AA275 assigned as already present in cluster AA275
Not 74_21b1639daaf153369c5ce1007b8a228c_circular=false_2204 to cluster AA275 assigned as already present in cluster AA275
Not 75_618a9677a90fb841dfebe82edb575381_circular=false_1914 to cluster AA275 assigned as already present in cluster AA275
Not 77_7932cefd022e57f9feb5cfda98afe9c7_circular=false_1772 to cluster AA275 assigned as already present in cluster AA275
Not 78_0b9c656017fa438734e6f10e7ed36525_circular=false_1607 to cluster AA275 assigned as already present in cluster AA275
Not 79_550bb7a423bf7cd3496d2372396a9717_circular=false_1554 to cluster AA275 assigned as already present in cluster AA275
Not 81_567406016c8d354c21b5fbee66307880_circular=false_1379 to cluster AA275 assigned as already present in cluster AA275
Not 83_203b9d86a800aea5291aa51592e88155_circular=false_1303 to cluster AA275 assigned as already present in cluster AA275
Not 86_606ee60298c7b2f0e27b703b40145531_circular=false_1196 to cluster AA275 assigned as already present in cluster AA275
Not 87_621d885c9dca758989d53ff67ffc488f_circular=false_1192 to cluster AA275 assigned as already present in cluster AA275
Not 88_2ebae565fe5d5e5f731799c541987457_circular=false_1097 to cluster AA275 assigned as already present in cluster AA275
Not 89_207b60c803b10510a24f5e64bb46c6ea_circular=false_1097 to cluster AA275 assigned as already present in cluster AA275
Not 43_3a112a4bf43416eea04f9fd1a68fbf84_circular=false_31595 to cluster AA448 assigned as already present in cluster AA275
Not 45_1fde3f28342191084a5e33a8a0c71c9c_circular=false_28182 to cluster AA448 assigned as already present in cluster AA436
Not 46_6db216d05f6bef6737c69a2393d4dff8_circular=false_28085 to cluster AA448 assigned as already present in cluster AA275
Not 53_52faf8e45e2a0cd81e0ee15aecbd91f9_circular=false_12360 to cluster AA448 assigned as already present in cluster AA274
Not 54_888a34dbdfbd6b92153d9cfdd35a8e37_circular=false_11611 to cluster AA448 assigned as already present in cluster AA275
Not 58_44d299ad40750d1c5dad00a74ae38e75_circular=false_9796 to cluster AA448 assigned as already present in cluster AA275
Not 61_923caa742e137b6fe6c6ee2b023f0e52_circular=false_8241 to cluster AA448 assigned as already present in cluster AA436
Not 68_ebce54ebf1c6133cbc09b83ce962eb19_circular=false_4631 to cluster AA448 assigned as already present in cluster AA275
Not 75_618a9677a90fb841dfebe82edb575381_circular=false_1914 to cluster AA448 assigned as already present in cluster AA275
Not 78_0b9c656017fa438734e6f10e7ed36525_circular=false_1607 to cluster AA448 assigned as already present in cluster AA275
Not 86_606ee60298c7b2f0e27b703b40145531_circular=false_1196 to cluster AA448 assigned as already present in cluster AA275
Not 87_621d885c9dca758989d53ff67ffc488f_circular=false_1192 to cluster AA448 assigned as already present in cluster AA275
Not 88_2ebae565fe5d5e5f731799c541987457_circular=false_1097 to cluster AA448 assigned as already present in cluster AA275
2026-02-19 13:11:41,385 mob_suite.mob_recon INFO: MOB-recon version 3.1.9  [in /home/kgontjes/.conda/envs/mobsuite_v3_1_9/lib/python3.11/site-packages/mob_suite/mob_recon.py:984]
2026-02-19 13:11:41,385 mob_suite.mob_recon INFO: SUCCESS: Found program blastn at /home/kgontjes/.conda/envs/mobsuite_v3_1_9/bin/blastn [in /home/kgontjes/.conda/envs/mobsuite_v3_1_9/lib/python3.11/site-packages/mob_suite/utils.py:597]
2026-02-19 13:11:41,386 mob_suite.mob_recon INFO: SUCCESS: Found program makeblastdb at /home/kgontjes/.conda/envs/mobsuite_v3_1_9/bin/makeblastdb [in /home/kgontjes/.conda/envs/mobsuite_v3_1_9/lib/python3.11/site-packages/mob_suite/utils.py:597]
2026-02-19 13:11:41,386 mob_suite.mob_recon INFO: SUCCESS: Found program tblastn at /home/kgontjes/.conda/envs/mobsuite_v3_1_9/bin/tblastn [in /home/kgontjes/.conda/envs/mobsuite_v3_1_9/lib/python3.11/site-packages/mob_suite/utils.py:597]
2026-02-19 13:11:41,388 mob_suite.mob_recon INFO: Processing fasta file /nfs/turbo/umms-esnitkin/Project_Penn_KPC/Sequence_data/assembly/illumina/spades/PCMP_H019_MVB_R/PCMP_H019_MVB_R_contigs_l1000.fasta [in /home/kgontjes/.conda/envs/mobsuite_v3_1_9/lib/python3.11/site-packages/mob_suite/mob_recon.py:1011]
2026-02-19 13:11:41,388 mob_suite.mob_recon INFO: Analysis directory /nfs/turbo/umms-esnitkin/Project_Penn_KPC/Analysis/Combination_resistance/pre-intro-blbli-resistance-ms/data/evolution_experiment/mobsuite_short/PCMP_H019_MVB_R [in /home/kgontjes/.conda/envs/mobsuite_v3_1_9/lib/python3.11/site-packages/mob_suite/mob_recon.py:1012]
2026-02-19 13:11:43,664 mob_suite.mob_recon INFO: Writing cleaned header input fasta file from /nfs/turbo/umms-esnitkin/Project_Penn_KPC/Sequence_data/assembly/illumina/spades/PCMP_H019_MVB_R/PCMP_H019_MVB_R_contigs_l1000.fasta to /nfs/turbo/umms-esnitkin/Project_Penn_KPC/Analysis/Combination_resistance/pre-intro-blbli-resistance-ms/data/evolution_experiment/mobsuite_short/PCMP_H019_MVB_R/__tmp/fixed.input.fasta [in /home/kgontjes/.conda/envs/mobsuite_v3_1_9/lib/python3.11/site-packages/mob_suite/mob_recon.py:1107]
2026-02-19 13:11:44,759 root INFO: Blasting replicon sequences /home/kgontjes/.conda/envs/mobsuite_v3_1_9/lib/python3.11/site-packages/mob_suite/databases/rep.dna.fas against /nfs/turbo/umms-esnitkin/Project_Penn_KPC/Analysis/Combination_resistance/pre-intro-blbli-resistance-ms/data/evolution_experiment/mobsuite_short/PCMP_H019_MVB_R/__tmp/fixed.input.fasta [in /home/kgontjes/.conda/envs/mobsuite_v3_1_9/lib/python3.11/site-packages/mob_suite/utils.py:1163]
/home/kgontjes/.conda/envs/mobsuite_v3_1_9/lib/python3.11/site-packages/mob_suite/utils.py:338: FutureWarning: the 'line_terminator'' keyword is deprecated, use 'lineterminator' instead.
  blast_df.to_csv(blast_results_file, sep='\t', header=True, line_terminator='\n', index=False)
2026-02-19 13:11:45,538 root INFO: Filtering replicon blast results /nfs/turbo/umms-esnitkin/Project_Penn_KPC/Analysis/Combination_resistance/pre-intro-blbli-resistance-ms/data/evolution_experiment/mobsuite_short/PCMP_H019_MVB_R/__tmp/replicon_blast_results.txt  [in /home/kgontjes/.conda/envs/mobsuite_v3_1_9/lib/python3.11/site-packages/mob_suite/utils.py:1168]
2026-02-19 13:11:45,591 root INFO: Blasting relaxase sequences /home/kgontjes/.conda/envs/mobsuite_v3_1_9/lib/python3.11/site-packages/mob_suite/databases/mob.proteins.faa against /nfs/turbo/umms-esnitkin/Project_Penn_KPC/Analysis/Combination_resistance/pre-intro-blbli-resistance-ms/data/evolution_experiment/mobsuite_short/PCMP_H019_MVB_R/__tmp/fixed.input.fasta [in /home/kgontjes/.conda/envs/mobsuite_v3_1_9/lib/python3.11/site-packages/mob_suite/utils.py:1186]
/home/kgontjes/.conda/envs/mobsuite_v3_1_9/lib/python3.11/site-packages/mob_suite/utils.py:365: FutureWarning: the 'line_terminator'' keyword is deprecated, use 'lineterminator' instead.
  blast_df.to_csv(blast_results_file, sep='\t', header=True, line_terminator='\n', index=False)
2026-02-19 13:13:09,116 root INFO: Filtering relaxase blast results /nfs/turbo/umms-esnitkin/Project_Penn_KPC/Analysis/Combination_resistance/pre-intro-blbli-resistance-ms/data/evolution_experiment/mobsuite_short/PCMP_H019_MVB_R/__tmp/mob_blast_results.txt  [in /home/kgontjes/.conda/envs/mobsuite_v3_1_9/lib/python3.11/site-packages/mob_suite/utils.py:1191]
2026-02-19 13:13:09,130 root INFO: Blasting MPF sequences /home/kgontjes/.conda/envs/mobsuite_v3_1_9/lib/python3.11/site-packages/mob_suite/databases/mpf.proteins.faa against /nfs/turbo/umms-esnitkin/Project_Penn_KPC/Analysis/Combination_resistance/pre-intro-blbli-resistance-ms/data/evolution_experiment/mobsuite_short/PCMP_H019_MVB_R/__tmp/fixed.input.fasta [in /home/kgontjes/.conda/envs/mobsuite_v3_1_9/lib/python3.11/site-packages/mob_suite/utils.py:1210]
/home/kgontjes/.conda/envs/mobsuite_v3_1_9/lib/python3.11/site-packages/mob_suite/utils.py:365: FutureWarning: the 'line_terminator'' keyword is deprecated, use 'lineterminator' instead.
  blast_df.to_csv(blast_results_file, sep='\t', header=True, line_terminator='\n', index=False)
2026-02-19 13:14:09,321 root INFO: Filtering MPF blast results /nfs/turbo/umms-esnitkin/Project_Penn_KPC/Analysis/Combination_resistance/pre-intro-blbli-resistance-ms/data/evolution_experiment/mobsuite_short/PCMP_H019_MVB_R/__tmp/mpf_blast_results.txt  [in /home/kgontjes/.conda/envs/mobsuite_v3_1_9/lib/python3.11/site-packages/mob_suite/utils.py:1225]
2026-02-19 13:14:09,322 root INFO: Blasting orit sequences /home/kgontjes/.conda/envs/mobsuite_v3_1_9/lib/python3.11/site-packages/mob_suite/databases/orit.fas against /nfs/turbo/umms-esnitkin/Project_Penn_KPC/Analysis/Combination_resistance/pre-intro-blbli-resistance-ms/data/evolution_experiment/mobsuite_short/PCMP_H019_MVB_R/__tmp/fixed.input.fasta [in /home/kgontjes/.conda/envs/mobsuite_v3_1_9/lib/python3.11/site-packages/mob_suite/utils.py:1234]
/home/kgontjes/.conda/envs/mobsuite_v3_1_9/lib/python3.11/site-packages/mob_suite/utils.py:338: FutureWarning: the 'line_terminator'' keyword is deprecated, use 'lineterminator' instead.
  blast_df.to_csv(blast_results_file, sep='\t', header=True, line_terminator='\n', index=False)
2026-02-19 13:14:09,511 root INFO: Filtering orit blast results /nfs/turbo/umms-esnitkin/Project_Penn_KPC/Analysis/Combination_resistance/pre-intro-blbli-resistance-ms/data/evolution_experiment/mobsuite_short/PCMP_H019_MVB_R/__tmp/orit_blast_results.txt  [in /home/kgontjes/.conda/envs/mobsuite_v3_1_9/lib/python3.11/site-packages/mob_suite/utils.py:1239]
2026-02-19 13:14:09,528 root INFO: Blasting contigs against repetitive sequences db: /home/kgontjes/.conda/envs/mobsuite_v3_1_9/lib/python3.11/site-packages/mob_suite/databases/repetitive.dna.fas [in /home/kgontjes/.conda/envs/mobsuite_v3_1_9/lib/python3.11/site-packages/mob_suite/utils.py:1256]
/home/kgontjes/.conda/envs/mobsuite_v3_1_9/lib/python3.11/site-packages/mob_suite/utils.py:338: FutureWarning: the 'line_terminator'' keyword is deprecated, use 'lineterminator' instead.
  blast_df.to_csv(blast_results_file, sep='\t', header=True, line_terminator='\n', index=False)
2026-02-19 13:14:10,514 root INFO: Filtering repetitive blast results /nfs/turbo/umms-esnitkin/Project_Penn_KPC/Analysis/Combination_resistance/pre-intro-blbli-resistance-ms/data/evolution_experiment/mobsuite_short/PCMP_H019_MVB_R/__tmp/repetitive_blast_results.txt  [in /home/kgontjes/.conda/envs/mobsuite_v3_1_9/lib/python3.11/site-packages/mob_suite/utils.py:1260]
2026-02-19 13:14:10,525 root INFO: Filtering contig: 57_5732c19be2684962402136345c4ae78d_circular=false_9908 due to repetitive sequence [in /home/kgontjes/.conda/envs/mobsuite_v3_1_9/lib/python3.11/site-packages/mob_suite/utils.py:1275]
2026-02-19 13:14:10,525 root INFO: Filtering contig: 57_5732c19be2684962402136345c4ae78d_circular=false_9908 due to repetitive sequence [in /home/kgontjes/.conda/envs/mobsuite_v3_1_9/lib/python3.11/site-packages/mob_suite/utils.py:1275]
2026-02-19 13:14:10,525 root INFO: Filtering contig: 87_621d885c9dca758989d53ff67ffc488f_circular=false_1192 due to repetitive sequence [in /home/kgontjes/.conda/envs/mobsuite_v3_1_9/lib/python3.11/site-packages/mob_suite/utils.py:1275]
2026-02-19 13:14:10,525 root INFO: Filtering contig: 88_2ebae565fe5d5e5f731799c541987457_circular=false_1097 due to repetitive sequence [in /home/kgontjes/.conda/envs/mobsuite_v3_1_9/lib/python3.11/site-packages/mob_suite/utils.py:1275]
2026-02-19 13:14:10,525 root INFO: Filtering contig: 86_606ee60298c7b2f0e27b703b40145531_circular=false_1196 due to repetitive sequence [in /home/kgontjes/.conda/envs/mobsuite_v3_1_9/lib/python3.11/site-packages/mob_suite/utils.py:1275]
2026-02-19 13:14:10,525 root INFO: Filtering contig: 87_621d885c9dca758989d53ff67ffc488f_circular=false_1192 due to repetitive sequence [in /home/kgontjes/.conda/envs/mobsuite_v3_1_9/lib/python3.11/site-packages/mob_suite/utils.py:1275]
2026-02-19 13:14:10,525 root INFO: Filtering contig: 86_606ee60298c7b2f0e27b703b40145531_circular=false_1196 due to repetitive sequence [in /home/kgontjes/.conda/envs/mobsuite_v3_1_9/lib/python3.11/site-packages/mob_suite/utils.py:1275]
2026-02-19 13:14:10,525 root INFO: Filtering contig: 37_fd4d37da4628a1f720b64e033e8339fd_circular=false_38699 due to repetitive sequence [in /home/kgontjes/.conda/envs/mobsuite_v3_1_9/lib/python3.11/site-packages/mob_suite/utils.py:1275]
2026-02-19 13:14:10,525 root INFO: Filtering contig: 86_606ee60298c7b2f0e27b703b40145531_circular=false_1196 due to repetitive sequence [in /home/kgontjes/.conda/envs/mobsuite_v3_1_9/lib/python3.11/site-packages/mob_suite/utils.py:1275]
2026-02-19 13:14:10,525 root INFO: Filtering contig: 37_fd4d37da4628a1f720b64e033e8339fd_circular=false_38699 due to repetitive sequence [in /home/kgontjes/.conda/envs/mobsuite_v3_1_9/lib/python3.11/site-packages/mob_suite/utils.py:1275]
2026-02-19 13:14:10,525 root INFO: Filtering contig: 81_567406016c8d354c21b5fbee66307880_circular=false_1379 due to repetitive sequence [in /home/kgontjes/.conda/envs/mobsuite_v3_1_9/lib/python3.11/site-packages/mob_suite/utils.py:1275]
2026-02-19 13:14:10,525 root INFO: Filtering contig: 87_621d885c9dca758989d53ff67ffc488f_circular=false_1192 due to repetitive sequence [in /home/kgontjes/.conda/envs/mobsuite_v3_1_9/lib/python3.11/site-packages/mob_suite/utils.py:1275]
2026-02-19 13:14:10,525 root INFO: Filtering contig: 61_923caa742e137b6fe6c6ee2b023f0e52_circular=false_8241 due to repetitive sequence [in /home/kgontjes/.conda/envs/mobsuite_v3_1_9/lib/python3.11/site-packages/mob_suite/utils.py:1275]
2026-02-19 13:14:10,525 root INFO: Filtering contig: 61_923caa742e137b6fe6c6ee2b023f0e52_circular=false_8241 due to repetitive sequence [in /home/kgontjes/.conda/envs/mobsuite_v3_1_9/lib/python3.11/site-packages/mob_suite/utils.py:1275]
2026-02-19 13:14:10,525 root INFO: Filtering contig: 87_621d885c9dca758989d53ff67ffc488f_circular=false_1192 due to repetitive sequence [in /home/kgontjes/.conda/envs/mobsuite_v3_1_9/lib/python3.11/site-packages/mob_suite/utils.py:1275]
2026-02-19 13:14:10,525 root INFO: Filtering contig: 85_edd2fa787a462049eb6128cf8b454c71_circular=false_1223 due to repetitive sequence [in /home/kgontjes/.conda/envs/mobsuite_v3_1_9/lib/python3.11/site-packages/mob_suite/utils.py:1275]
2026-02-19 13:14:10,525 root INFO: Filtering contig: 84_a752eff8d56613c80da165fd977cce7f_circular=false_1291 due to repetitive sequence [in /home/kgontjes/.conda/envs/mobsuite_v3_1_9/lib/python3.11/site-packages/mob_suite/utils.py:1275]
2026-02-19 13:14:10,526 root INFO: Blasting contigs against reference sequence db: /home/kgontjes/.conda/envs/mobsuite_v3_1_9/lib/python3.11/site-packages/mob_suite/databases/ncbi_plasmid_full_seqs.fas [in /home/kgontjes/.conda/envs/mobsuite_v3_1_9/lib/python3.11/site-packages/mob_suite/mob_recon.py:1264]
/home/kgontjes/.conda/envs/mobsuite_v3_1_9/lib/python3.11/site-packages/mob_suite/utils.py:338: FutureWarning: the 'line_terminator'' keyword is deprecated, use 'lineterminator' instead.
  blast_df.to_csv(blast_results_file, sep='\t', header=True, line_terminator='\n', index=False)
2026-02-19 13:15:17,128 root INFO: Filtering contig blast results: /nfs/turbo/umms-esnitkin/Project_Penn_KPC/Analysis/Combination_resistance/pre-intro-blbli-resistance-ms/data/evolution_experiment/mobsuite_short/PCMP_H019_MVB_R/__tmp/contig_blast_results.txt [in /home/kgontjes/.conda/envs/mobsuite_v3_1_9/lib/python3.11/site-packages/mob_suite/mob_recon.py:1269]
2026-02-19 13:15:20,122 root INFO: Assigning contigs to plasmid groups [in /home/kgontjes/.conda/envs/mobsuite_v3_1_9/lib/python3.11/site-packages/mob_suite/mob_recon.py:1284]
2026-02-19 13:15:34,415 root INFO: Writting contig results to /nfs/turbo/umms-esnitkin/Project_Penn_KPC/Analysis/Combination_resistance/pre-intro-blbli-resistance-ms/data/evolution_experiment/mobsuite_short/PCMP_H019_MVB_R/contig_report.txt [in /home/kgontjes/.conda/envs/mobsuite_v3_1_9/lib/python3.11/site-packages/mob_suite/mob_recon.py:1387]
2026-02-19 13:15:35,988 root INFO: Writting plasmid sequences to /nfs/turbo/umms-esnitkin/Project_Penn_KPC/Analysis/Combination_resistance/pre-intro-blbli-resistance-ms/data/evolution_experiment/mobsuite_short/PCMP_H019_MVB_R/plasmid_AA275.fasta [in /home/kgontjes/.conda/envs/mobsuite_v3_1_9/lib/python3.11/site-packages/mob_suite/utils.py:971]
2026-02-19 13:15:43,104 root INFO: Writting plasmid sequences to /nfs/turbo/umms-esnitkin/Project_Penn_KPC/Analysis/Combination_resistance/pre-intro-blbli-resistance-ms/data/evolution_experiment/mobsuite_short/PCMP_H019_MVB_R/plasmid_AA019.fasta [in /home/kgontjes/.conda/envs/mobsuite_v3_1_9/lib/python3.11/site-packages/mob_suite/utils.py:971]
2026-02-19 13:15:49,477 root INFO: Writting plasmid sequences to /nfs/turbo/umms-esnitkin/Project_Penn_KPC/Analysis/Combination_resistance/pre-intro-blbli-resistance-ms/data/evolution_experiment/mobsuite_short/PCMP_H019_MVB_R/plasmid_AA941.fasta [in /home/kgontjes/.conda/envs/mobsuite_v3_1_9/lib/python3.11/site-packages/mob_suite/utils.py:971]
2026-02-19 13:15:50,162 root INFO: Writting plasmid sequences to /nfs/turbo/umms-esnitkin/Project_Penn_KPC/Analysis/Combination_resistance/pre-intro-blbli-resistance-ms/data/evolution_experiment/mobsuite_short/PCMP_H019_MVB_R/plasmid_novel_c12df222401f1b3fa774a000ed35e15f.fasta [in /home/kgontjes/.conda/envs/mobsuite_v3_1_9/lib/python3.11/site-packages/mob_suite/utils.py:971]
2026-02-19 13:15:50,519 root INFO: Writting chromosome sequences to /nfs/turbo/umms-esnitkin/Project_Penn_KPC/Analysis/Combination_resistance/pre-intro-blbli-resistance-ms/data/evolution_experiment/mobsuite_short/PCMP_H019_MVB_R/chromosome.fasta [in /home/kgontjes/.conda/envs/mobsuite_v3_1_9/lib/python3.11/site-packages/mob_suite/mob_recon.py:1404]
/home/kgontjes/.conda/envs/mobsuite_v3_1_9/lib/python3.11/site-packages/mob_suite/utils.py:338: FutureWarning: the 'line_terminator'' keyword is deprecated, use 'lineterminator' instead.
  blast_df.to_csv(blast_results_file, sep='\t', header=True, line_terminator='\n', index=False)
2026-02-19 13:15:51,592 root INFO: Creating plasmid biomarkers report ... [in /home/kgontjes/.conda/envs/mobsuite_v3_1_9/lib/python3.11/site-packages/mob_suite/utils.py:1382]
2026-02-19 13:15:51,781 root INFO: Writting plasmid biomarkers report contaning 43 biomarkers [in /home/kgontjes/.conda/envs/mobsuite_v3_1_9/lib/python3.11/site-packages/mob_suite/mob_recon.py:1478]
2026-02-19 13:15:51,785 root INFO: Cleaning up temporary files /nfs/turbo/umms-esnitkin/Project_Penn_KPC/Analysis/Combination_resistance/pre-intro-blbli-resistance-ms/data/evolution_experiment/mobsuite_short/PCMP_H019_MVB_R/__tmp [in /home/kgontjes/.conda/envs/mobsuite_v3_1_9/lib/python3.11/site-packages/mob_suite/mob_recon.py:1484]
2026-02-19 13:15:51,803 mob_suite.mob_recon INFO: MOB-recon completed and results written to /nfs/turbo/umms-esnitkin/Project_Penn_KPC/Analysis/Combination_resistance/pre-intro-blbli-resistance-ms/data/evolution_experiment/mobsuite_short/PCMP_H019_MVB_R [in /home/kgontjes/.conda/envs/mobsuite_v3_1_9/lib/python3.11/site-packages/mob_suite/mob_recon.py:1486]
Not 49_47557ecb0a736525ffbc4829e2410569_circular=false_9000 to cluster AA032 assigned as already present in cluster AA434
Not 63_9d48f1ba06a8542fae2d998deb17b913_circular=false_2716 to cluster AA032 assigned as already present in cluster AA357
Not 69_663d89be255e763ef7d60d7d165eced6_circular=false_2029 to cluster AA032 assigned as already present in cluster AA357
Not 70_4e40aa3e6c28c8ccfdef06606f07d236_circular=false_1914 to cluster AA032 assigned as already present in cluster AA038
Not 74_ff01a82f346305047579f97f007a28b6_circular=false_1337 to cluster AA032 assigned as already present in cluster AA357
Not 79_7a6161936d7b48af7da6ec46d82da3f8_circular=false_1196 to cluster AA032 assigned as already present in cluster AA038
Not 43_fdbecee940e8a22754c5b3a2988bf83b_circular=false_15527 to cluster AB130 assigned as already present in cluster AA357
Not 51_e34ccf32296cd7a7d960a81cfaab4c14_circular=false_6829 to cluster AB130 assigned as already present in cluster AA434
Not 53_d6a6f552ca2a9ff8aa4d75438fbf71a7_circular=false_6026 to cluster AB130 assigned as already present in cluster AA434
Not 54_892190f80054ef65bd4d2a2e4c05f466_circular=false_5325 to cluster AB130 assigned as already present in cluster AA357
Not 64_4211e5d926196aaa4731a372128f9e5c_circular=false_2393 to cluster AB130 assigned as already present in cluster AA357
Not 67_2459c151126d21b312161d8bc18ff213_circular=false_2179 to cluster AB130 assigned as already present in cluster AA434
Not 68_c773b4cf7bf5fcbb40d37d4f41dddb88_circular=false_2153 to cluster AB130 assigned as already present in cluster AA357
Not 69_663d89be255e763ef7d60d7d165eced6_circular=false_2029 to cluster AB130 assigned as already present in cluster AA357
Not 74_ff01a82f346305047579f97f007a28b6_circular=false_1337 to cluster AB130 assigned as already present in cluster AA357
Not 79_7a6161936d7b48af7da6ec46d82da3f8_circular=false_1196 to cluster AB130 assigned as already present in cluster AA038
Not 82_0abe4ae933e586d7fbb8b7f1120fe388_circular=false_1057 to cluster AB130 assigned as already present in cluster AA032
Not 42_98a750f8b6b7deef7baab5a32759d185_circular=false_16609 to cluster AF888 assigned as already present in cluster AF888
Not 72_0b97064a8a90c812f7801dd51c71c2c0_circular=false_1433 to cluster AF888 assigned as already present in cluster AF888
Not 76_a752eff8d56613c80da165fd977cce7f_circular=false_1291 to cluster AF888 assigned as already present in cluster AF888
Not 81_0e222cc2d3fc831b518367768173755a_circular=false_1122 to cluster AF888 assigned as already present in cluster AF888
2026-02-19 13:11:41,370 mob_suite.mob_recon INFO: MOB-recon version 3.1.9  [in /home/kgontjes/.conda/envs/mobsuite_v3_1_9/lib/python3.11/site-packages/mob_suite/mob_recon.py:984]
2026-02-19 13:11:41,370 mob_suite.mob_recon INFO: SUCCESS: Found program blastn at /home/kgontjes/.conda/envs/mobsuite_v3_1_9/bin/blastn [in /home/kgontjes/.conda/envs/mobsuite_v3_1_9/lib/python3.11/site-packages/mob_suite/utils.py:597]
2026-02-19 13:11:41,370 mob_suite.mob_recon INFO: SUCCESS: Found program makeblastdb at /home/kgontjes/.conda/envs/mobsuite_v3_1_9/bin/makeblastdb [in /home/kgontjes/.conda/envs/mobsuite_v3_1_9/lib/python3.11/site-packages/mob_suite/utils.py:597]
2026-02-19 13:11:41,370 mob_suite.mob_recon INFO: SUCCESS: Found program tblastn at /home/kgontjes/.conda/envs/mobsuite_v3_1_9/bin/tblastn [in /home/kgontjes/.conda/envs/mobsuite_v3_1_9/lib/python3.11/site-packages/mob_suite/utils.py:597]
2026-02-19 13:11:41,377 mob_suite.mob_recon INFO: Processing fasta file /nfs/turbo/umms-esnitkin/Project_Penn_KPC/Sequence_data/assembly/illumina/spades/PCMP_H116/PCMP_H116_contigs_l1000.fasta [in /home/kgontjes/.conda/envs/mobsuite_v3_1_9/lib/python3.11/site-packages/mob_suite/mob_recon.py:1011]
2026-02-19 13:11:41,377 mob_suite.mob_recon INFO: Analysis directory /nfs/turbo/umms-esnitkin/Project_Penn_KPC/Analysis/Combination_resistance/pre-intro-blbli-resistance-ms/data/evolution_experiment/mobsuite_short/PCMP_H116 [in /home/kgontjes/.conda/envs/mobsuite_v3_1_9/lib/python3.11/site-packages/mob_suite/mob_recon.py:1012]
2026-02-19 13:11:43,644 mob_suite.mob_recon INFO: Writing cleaned header input fasta file from /nfs/turbo/umms-esnitkin/Project_Penn_KPC/Sequence_data/assembly/illumina/spades/PCMP_H116/PCMP_H116_contigs_l1000.fasta to /nfs/turbo/umms-esnitkin/Project_Penn_KPC/Analysis/Combination_resistance/pre-intro-blbli-resistance-ms/data/evolution_experiment/mobsuite_short/PCMP_H116/__tmp/fixed.input.fasta [in /home/kgontjes/.conda/envs/mobsuite_v3_1_9/lib/python3.11/site-packages/mob_suite/mob_recon.py:1107]
2026-02-19 13:11:44,779 root INFO: Blasting replicon sequences /home/kgontjes/.conda/envs/mobsuite_v3_1_9/lib/python3.11/site-packages/mob_suite/databases/rep.dna.fas against /nfs/turbo/umms-esnitkin/Project_Penn_KPC/Analysis/Combination_resistance/pre-intro-blbli-resistance-ms/data/evolution_experiment/mobsuite_short/PCMP_H116/__tmp/fixed.input.fasta [in /home/kgontjes/.conda/envs/mobsuite_v3_1_9/lib/python3.11/site-packages/mob_suite/utils.py:1163]
/home/kgontjes/.conda/envs/mobsuite_v3_1_9/lib/python3.11/site-packages/mob_suite/utils.py:338: FutureWarning: the 'line_terminator'' keyword is deprecated, use 'lineterminator' instead.
  blast_df.to_csv(blast_results_file, sep='\t', header=True, line_terminator='\n', index=False)
2026-02-19 13:11:45,520 root INFO: Filtering replicon blast results /nfs/turbo/umms-esnitkin/Project_Penn_KPC/Analysis/Combination_resistance/pre-intro-blbli-resistance-ms/data/evolution_experiment/mobsuite_short/PCMP_H116/__tmp/replicon_blast_results.txt  [in /home/kgontjes/.conda/envs/mobsuite_v3_1_9/lib/python3.11/site-packages/mob_suite/utils.py:1168]
2026-02-19 13:11:45,550 root INFO: Blasting relaxase sequences /home/kgontjes/.conda/envs/mobsuite_v3_1_9/lib/python3.11/site-packages/mob_suite/databases/mob.proteins.faa against /nfs/turbo/umms-esnitkin/Project_Penn_KPC/Analysis/Combination_resistance/pre-intro-blbli-resistance-ms/data/evolution_experiment/mobsuite_short/PCMP_H116/__tmp/fixed.input.fasta [in /home/kgontjes/.conda/envs/mobsuite_v3_1_9/lib/python3.11/site-packages/mob_suite/utils.py:1186]
/home/kgontjes/.conda/envs/mobsuite_v3_1_9/lib/python3.11/site-packages/mob_suite/utils.py:365: FutureWarning: the 'line_terminator'' keyword is deprecated, use 'lineterminator' instead.
  blast_df.to_csv(blast_results_file, sep='\t', header=True, line_terminator='\n', index=False)
2026-02-19 13:13:11,702 root INFO: Filtering relaxase blast results /nfs/turbo/umms-esnitkin/Project_Penn_KPC/Analysis/Combination_resistance/pre-intro-blbli-resistance-ms/data/evolution_experiment/mobsuite_short/PCMP_H116/__tmp/mob_blast_results.txt  [in /home/kgontjes/.conda/envs/mobsuite_v3_1_9/lib/python3.11/site-packages/mob_suite/utils.py:1191]
2026-02-19 13:13:11,721 root INFO: Blasting MPF sequences /home/kgontjes/.conda/envs/mobsuite_v3_1_9/lib/python3.11/site-packages/mob_suite/databases/mpf.proteins.faa against /nfs/turbo/umms-esnitkin/Project_Penn_KPC/Analysis/Combination_resistance/pre-intro-blbli-resistance-ms/data/evolution_experiment/mobsuite_short/PCMP_H116/__tmp/fixed.input.fasta [in /home/kgontjes/.conda/envs/mobsuite_v3_1_9/lib/python3.11/site-packages/mob_suite/utils.py:1210]
/home/kgontjes/.conda/envs/mobsuite_v3_1_9/lib/python3.11/site-packages/mob_suite/utils.py:365: FutureWarning: the 'line_terminator'' keyword is deprecated, use 'lineterminator' instead.
  blast_df.to_csv(blast_results_file, sep='\t', header=True, line_terminator='\n', index=False)
2026-02-19 13:14:13,164 root INFO: Filtering MPF blast results /nfs/turbo/umms-esnitkin/Project_Penn_KPC/Analysis/Combination_resistance/pre-intro-blbli-resistance-ms/data/evolution_experiment/mobsuite_short/PCMP_H116/__tmp/mpf_blast_results.txt  [in /home/kgontjes/.conda/envs/mobsuite_v3_1_9/lib/python3.11/site-packages/mob_suite/utils.py:1225]
2026-02-19 13:14:13,165 root INFO: Blasting orit sequences /home/kgontjes/.conda/envs/mobsuite_v3_1_9/lib/python3.11/site-packages/mob_suite/databases/orit.fas against /nfs/turbo/umms-esnitkin/Project_Penn_KPC/Analysis/Combination_resistance/pre-intro-blbli-resistance-ms/data/evolution_experiment/mobsuite_short/PCMP_H116/__tmp/fixed.input.fasta [in /home/kgontjes/.conda/envs/mobsuite_v3_1_9/lib/python3.11/site-packages/mob_suite/utils.py:1234]
/home/kgontjes/.conda/envs/mobsuite_v3_1_9/lib/python3.11/site-packages/mob_suite/utils.py:338: FutureWarning: the 'line_terminator'' keyword is deprecated, use 'lineterminator' instead.
  blast_df.to_csv(blast_results_file, sep='\t', header=True, line_terminator='\n', index=False)
2026-02-19 13:14:13,354 root INFO: Filtering orit blast results /nfs/turbo/umms-esnitkin/Project_Penn_KPC/Analysis/Combination_resistance/pre-intro-blbli-resistance-ms/data/evolution_experiment/mobsuite_short/PCMP_H116/__tmp/orit_blast_results.txt  [in /home/kgontjes/.conda/envs/mobsuite_v3_1_9/lib/python3.11/site-packages/mob_suite/utils.py:1239]
2026-02-19 13:14:13,359 root INFO: Blasting contigs against repetitive sequences db: /home/kgontjes/.conda/envs/mobsuite_v3_1_9/lib/python3.11/site-packages/mob_suite/databases/repetitive.dna.fas [in /home/kgontjes/.conda/envs/mobsuite_v3_1_9/lib/python3.11/site-packages/mob_suite/utils.py:1256]
/home/kgontjes/.conda/envs/mobsuite_v3_1_9/lib/python3.11/site-packages/mob_suite/utils.py:338: FutureWarning: the 'line_terminator'' keyword is deprecated, use 'lineterminator' instead.
  blast_df.to_csv(blast_results_file, sep='\t', header=True, line_terminator='\n', index=False)
2026-02-19 13:14:14,344 root INFO: Filtering repetitive blast results /nfs/turbo/umms-esnitkin/Project_Penn_KPC/Analysis/Combination_resistance/pre-intro-blbli-resistance-ms/data/evolution_experiment/mobsuite_short/PCMP_H116/__tmp/repetitive_blast_results.txt  [in /home/kgontjes/.conda/envs/mobsuite_v3_1_9/lib/python3.11/site-packages/mob_suite/utils.py:1260]
2026-02-19 13:14:14,361 root INFO: Filtering contig: 69_663d89be255e763ef7d60d7d165eced6_circular=false_2029 due to repetitive sequence [in /home/kgontjes/.conda/envs/mobsuite_v3_1_9/lib/python3.11/site-packages/mob_suite/utils.py:1275]
2026-02-19 13:14:14,361 root INFO: Filtering contig: 51_e34ccf32296cd7a7d960a81cfaab4c14_circular=false_6829 due to repetitive sequence [in /home/kgontjes/.conda/envs/mobsuite_v3_1_9/lib/python3.11/site-packages/mob_suite/utils.py:1275]
2026-02-19 13:14:14,361 root INFO: Filtering contig: 69_663d89be255e763ef7d60d7d165eced6_circular=false_2029 due to repetitive sequence [in /home/kgontjes/.conda/envs/mobsuite_v3_1_9/lib/python3.11/site-packages/mob_suite/utils.py:1275]
2026-02-19 13:14:14,361 root INFO: Filtering contig: 74_ff01a82f346305047579f97f007a28b6_circular=false_1337 due to repetitive sequence [in /home/kgontjes/.conda/envs/mobsuite_v3_1_9/lib/python3.11/site-packages/mob_suite/utils.py:1275]
2026-02-19 13:14:14,361 root INFO: Filtering contig: 69_663d89be255e763ef7d60d7d165eced6_circular=false_2029 due to repetitive sequence [in /home/kgontjes/.conda/envs/mobsuite_v3_1_9/lib/python3.11/site-packages/mob_suite/utils.py:1275]
2026-02-19 13:14:14,361 root INFO: Filtering contig: 77_94ad234978596fbbb9f4b3a4a403922e_circular=false_1291 due to repetitive sequence [in /home/kgontjes/.conda/envs/mobsuite_v3_1_9/lib/python3.11/site-packages/mob_suite/utils.py:1275]
2026-02-19 13:14:14,361 root INFO: Filtering contig: 69_663d89be255e763ef7d60d7d165eced6_circular=false_2029 due to repetitive sequence [in /home/kgontjes/.conda/envs/mobsuite_v3_1_9/lib/python3.11/site-packages/mob_suite/utils.py:1275]
2026-02-19 13:14:14,361 root INFO: Filtering contig: 73_066beb2c65151340ed27922ca003ece8_circular=false_1401 due to repetitive sequence [in /home/kgontjes/.conda/envs/mobsuite_v3_1_9/lib/python3.11/site-packages/mob_suite/utils.py:1275]
2026-02-19 13:14:14,361 root INFO: Filtering contig: 57_6ed1255dcb76a3bcd76de62d145ee9a7_circular=false_4659 due to repetitive sequence [in /home/kgontjes/.conda/envs/mobsuite_v3_1_9/lib/python3.11/site-packages/mob_suite/utils.py:1275]
2026-02-19 13:14:14,361 root INFO: Filtering contig: 79_7a6161936d7b48af7da6ec46d82da3f8_circular=false_1196 due to repetitive sequence [in /home/kgontjes/.conda/envs/mobsuite_v3_1_9/lib/python3.11/site-packages/mob_suite/utils.py:1275]
2026-02-19 13:14:14,361 root INFO: Filtering contig: 82_0abe4ae933e586d7fbb8b7f1120fe388_circular=false_1057 due to repetitive sequence [in /home/kgontjes/.conda/envs/mobsuite_v3_1_9/lib/python3.11/site-packages/mob_suite/utils.py:1275]
2026-02-19 13:14:14,361 root INFO: Filtering contig: 82_0abe4ae933e586d7fbb8b7f1120fe388_circular=false_1057 due to repetitive sequence [in /home/kgontjes/.conda/envs/mobsuite_v3_1_9/lib/python3.11/site-packages/mob_suite/utils.py:1275]
2026-02-19 13:14:14,361 root INFO: Filtering contig: 74_ff01a82f346305047579f97f007a28b6_circular=false_1337 due to repetitive sequence [in /home/kgontjes/.conda/envs/mobsuite_v3_1_9/lib/python3.11/site-packages/mob_suite/utils.py:1275]
2026-02-19 13:14:14,362 root INFO: Filtering contig: 69_663d89be255e763ef7d60d7d165eced6_circular=false_2029 due to repetitive sequence [in /home/kgontjes/.conda/envs/mobsuite_v3_1_9/lib/python3.11/site-packages/mob_suite/utils.py:1275]
2026-02-19 13:14:14,362 root INFO: Filtering contig: 77_94ad234978596fbbb9f4b3a4a403922e_circular=false_1291 due to repetitive sequence [in /home/kgontjes/.conda/envs/mobsuite_v3_1_9/lib/python3.11/site-packages/mob_suite/utils.py:1275]
2026-02-19 13:14:14,362 root INFO: Filtering contig: 69_663d89be255e763ef7d60d7d165eced6_circular=false_2029 due to repetitive sequence [in /home/kgontjes/.conda/envs/mobsuite_v3_1_9/lib/python3.11/site-packages/mob_suite/utils.py:1275]
2026-02-19 13:14:14,362 root INFO: Filtering contig: 67_2459c151126d21b312161d8bc18ff213_circular=false_2179 due to repetitive sequence [in /home/kgontjes/.conda/envs/mobsuite_v3_1_9/lib/python3.11/site-packages/mob_suite/utils.py:1275]
2026-02-19 13:14:14,362 root INFO: Filtering contig: 77_94ad234978596fbbb9f4b3a4a403922e_circular=false_1291 due to repetitive sequence [in /home/kgontjes/.conda/envs/mobsuite_v3_1_9/lib/python3.11/site-packages/mob_suite/utils.py:1275]
2026-02-19 13:14:14,362 root INFO: Filtering contig: 79_7a6161936d7b48af7da6ec46d82da3f8_circular=false_1196 due to repetitive sequence [in /home/kgontjes/.conda/envs/mobsuite_v3_1_9/lib/python3.11/site-packages/mob_suite/utils.py:1275]
2026-02-19 13:14:14,362 root INFO: Filtering contig: 75_b64d1da7d7ce9d0f1517eeeec7373666_circular=false_1313 due to repetitive sequence [in /home/kgontjes/.conda/envs/mobsuite_v3_1_9/lib/python3.11/site-packages/mob_suite/utils.py:1275]
2026-02-19 13:14:14,362 root INFO: Filtering contig: 67_2459c151126d21b312161d8bc18ff213_circular=false_2179 due to repetitive sequence [in /home/kgontjes/.conda/envs/mobsuite_v3_1_9/lib/python3.11/site-packages/mob_suite/utils.py:1275]
2026-02-19 13:14:14,362 root INFO: Filtering contig: 46_b598f8e3f2577ad962e4b20cfbd6b4e2_circular=false_11898 due to repetitive sequence [in /home/kgontjes/.conda/envs/mobsuite_v3_1_9/lib/python3.11/site-packages/mob_suite/utils.py:1275]
2026-02-19 13:14:14,362 root INFO: Filtering contig: 79_7a6161936d7b48af7da6ec46d82da3f8_circular=false_1196 due to repetitive sequence [in /home/kgontjes/.conda/envs/mobsuite_v3_1_9/lib/python3.11/site-packages/mob_suite/utils.py:1275]
2026-02-19 13:14:14,362 root INFO: Filtering contig: 37_faba90baeda3575305f83ad9e49a19a1_circular=false_28163 due to repetitive sequence [in /home/kgontjes/.conda/envs/mobsuite_v3_1_9/lib/python3.11/site-packages/mob_suite/utils.py:1275]
2026-02-19 13:14:14,362 root INFO: Filtering contig: 46_b598f8e3f2577ad962e4b20cfbd6b4e2_circular=false_11898 due to repetitive sequence [in /home/kgontjes/.conda/envs/mobsuite_v3_1_9/lib/python3.11/site-packages/mob_suite/utils.py:1275]
2026-02-19 13:14:14,362 root INFO: Filtering contig: 82_0abe4ae933e586d7fbb8b7f1120fe388_circular=false_1057 due to repetitive sequence [in /home/kgontjes/.conda/envs/mobsuite_v3_1_9/lib/python3.11/site-packages/mob_suite/utils.py:1275]
2026-02-19 13:14:14,362 root INFO: Filtering contig: 69_663d89be255e763ef7d60d7d165eced6_circular=false_2029 due to repetitive sequence [in /home/kgontjes/.conda/envs/mobsuite_v3_1_9/lib/python3.11/site-packages/mob_suite/utils.py:1275]
2026-02-19 13:14:14,362 root INFO: Filtering contig: 69_663d89be255e763ef7d60d7d165eced6_circular=false_2029 due to repetitive sequence [in /home/kgontjes/.conda/envs/mobsuite_v3_1_9/lib/python3.11/site-packages/mob_suite/utils.py:1275]
2026-02-19 13:14:14,362 root INFO: Filtering contig: 74_ff01a82f346305047579f97f007a28b6_circular=false_1337 due to repetitive sequence [in /home/kgontjes/.conda/envs/mobsuite_v3_1_9/lib/python3.11/site-packages/mob_suite/utils.py:1275]
2026-02-19 13:14:14,362 root INFO: Filtering contig: 51_e34ccf32296cd7a7d960a81cfaab4c14_circular=false_6829 due to repetitive sequence [in /home/kgontjes/.conda/envs/mobsuite_v3_1_9/lib/python3.11/site-packages/mob_suite/utils.py:1275]
2026-02-19 13:14:14,362 root INFO: Filtering contig: 69_663d89be255e763ef7d60d7d165eced6_circular=false_2029 due to repetitive sequence [in /home/kgontjes/.conda/envs/mobsuite_v3_1_9/lib/python3.11/site-packages/mob_suite/utils.py:1275]
2026-02-19 13:14:14,362 root INFO: Filtering contig: 77_94ad234978596fbbb9f4b3a4a403922e_circular=false_1291 due to repetitive sequence [in /home/kgontjes/.conda/envs/mobsuite_v3_1_9/lib/python3.11/site-packages/mob_suite/utils.py:1275]
2026-02-19 13:14:14,362 root INFO: Filtering contig: 82_0abe4ae933e586d7fbb8b7f1120fe388_circular=false_1057 due to repetitive sequence [in /home/kgontjes/.conda/envs/mobsuite_v3_1_9/lib/python3.11/site-packages/mob_suite/utils.py:1275]
2026-02-19 13:14:14,362 root INFO: Filtering contig: 69_663d89be255e763ef7d60d7d165eced6_circular=false_2029 due to repetitive sequence [in /home/kgontjes/.conda/envs/mobsuite_v3_1_9/lib/python3.11/site-packages/mob_suite/utils.py:1275]
2026-02-19 13:14:14,362 root INFO: Filtering contig: 67_2459c151126d21b312161d8bc18ff213_circular=false_2179 due to repetitive sequence [in /home/kgontjes/.conda/envs/mobsuite_v3_1_9/lib/python3.11/site-packages/mob_suite/utils.py:1275]
2026-02-19 13:14:14,362 root INFO: Filtering contig: 77_94ad234978596fbbb9f4b3a4a403922e_circular=false_1291 due to repetitive sequence [in /home/kgontjes/.conda/envs/mobsuite_v3_1_9/lib/python3.11/site-packages/mob_suite/utils.py:1275]
2026-02-19 13:14:14,362 root INFO: Filtering contig: 69_663d89be255e763ef7d60d7d165eced6_circular=false_2029 due to repetitive sequence [in /home/kgontjes/.conda/envs/mobsuite_v3_1_9/lib/python3.11/site-packages/mob_suite/utils.py:1275]
2026-02-19 13:14:14,362 root INFO: Filtering contig: 74_ff01a82f346305047579f97f007a28b6_circular=false_1337 due to repetitive sequence [in /home/kgontjes/.conda/envs/mobsuite_v3_1_9/lib/python3.11/site-packages/mob_suite/utils.py:1275]
2026-02-19 13:14:14,362 root INFO: Filtering contig: 69_663d89be255e763ef7d60d7d165eced6_circular=false_2029 due to repetitive sequence [in /home/kgontjes/.conda/envs/mobsuite_v3_1_9/lib/python3.11/site-packages/mob_suite/utils.py:1275]
2026-02-19 13:14:14,362 root INFO: Filtering contig: 76_a752eff8d56613c80da165fd977cce7f_circular=false_1291 due to repetitive sequence [in /home/kgontjes/.conda/envs/mobsuite_v3_1_9/lib/python3.11/site-packages/mob_suite/utils.py:1275]
2026-02-19 13:14:14,363 root INFO: Blasting contigs against reference sequence db: /home/kgontjes/.conda/envs/mobsuite_v3_1_9/lib/python3.11/site-packages/mob_suite/databases/ncbi_plasmid_full_seqs.fas [in /home/kgontjes/.conda/envs/mobsuite_v3_1_9/lib/python3.11/site-packages/mob_suite/mob_recon.py:1264]
/home/kgontjes/.conda/envs/mobsuite_v3_1_9/lib/python3.11/site-packages/mob_suite/utils.py:338: FutureWarning: the 'line_terminator'' keyword is deprecated, use 'lineterminator' instead.
  blast_df.to_csv(blast_results_file, sep='\t', header=True, line_terminator='\n', index=False)
2026-02-19 13:15:29,664 root INFO: Filtering contig blast results: /nfs/turbo/umms-esnitkin/Project_Penn_KPC/Analysis/Combination_resistance/pre-intro-blbli-resistance-ms/data/evolution_experiment/mobsuite_short/PCMP_H116/__tmp/contig_blast_results.txt [in /home/kgontjes/.conda/envs/mobsuite_v3_1_9/lib/python3.11/site-packages/mob_suite/mob_recon.py:1269]
2026-02-19 13:15:32,667 root INFO: Assigning contigs to plasmid groups [in /home/kgontjes/.conda/envs/mobsuite_v3_1_9/lib/python3.11/site-packages/mob_suite/mob_recon.py:1284]
2026-02-19 13:15:44,986 root INFO: Writting contig results to /nfs/turbo/umms-esnitkin/Project_Penn_KPC/Analysis/Combination_resistance/pre-intro-blbli-resistance-ms/data/evolution_experiment/mobsuite_short/PCMP_H116/contig_report.txt [in /home/kgontjes/.conda/envs/mobsuite_v3_1_9/lib/python3.11/site-packages/mob_suite/mob_recon.py:1387]
2026-02-19 13:15:46,626 root INFO: Writting plasmid sequences to /nfs/turbo/umms-esnitkin/Project_Penn_KPC/Analysis/Combination_resistance/pre-intro-blbli-resistance-ms/data/evolution_experiment/mobsuite_short/PCMP_H116/plasmid_AA434.fasta [in /home/kgontjes/.conda/envs/mobsuite_v3_1_9/lib/python3.11/site-packages/mob_suite/utils.py:971]
/home/kgontjes/.conda/envs/mobsuite_v3_1_9/lib/python3.11/site-packages/ete3/ncbi_taxonomy/ncbiquery.py:243: UserWarning: taxid 211759 was translated into 615
  warnings.warn("taxid %s was translated into %s" %(taxid, merged_conversion[taxid]))
2026-02-19 13:15:51,975 root INFO: Writting plasmid sequences to /nfs/turbo/umms-esnitkin/Project_Penn_KPC/Analysis/Combination_resistance/pre-intro-blbli-resistance-ms/data/evolution_experiment/mobsuite_short/PCMP_H116/plasmid_AA357.fasta [in /home/kgontjes/.conda/envs/mobsuite_v3_1_9/lib/python3.11/site-packages/mob_suite/utils.py:971]
2026-02-19 13:15:56,778 root INFO: Writting plasmid sequences to /nfs/turbo/umms-esnitkin/Project_Penn_KPC/Analysis/Combination_resistance/pre-intro-blbli-resistance-ms/data/evolution_experiment/mobsuite_short/PCMP_H116/plasmid_AA274.fasta [in /home/kgontjes/.conda/envs/mobsuite_v3_1_9/lib/python3.11/site-packages/mob_suite/utils.py:971]
2026-02-19 13:15:57,328 root INFO: Writting chromosome sequences to /nfs/turbo/umms-esnitkin/Project_Penn_KPC/Analysis/Combination_resistance/pre-intro-blbli-resistance-ms/data/evolution_experiment/mobsuite_short/PCMP_H116/chromosome.fasta [in /home/kgontjes/.conda/envs/mobsuite_v3_1_9/lib/python3.11/site-packages/mob_suite/mob_recon.py:1404]
/home/kgontjes/.conda/envs/mobsuite_v3_1_9/lib/python3.11/site-packages/mob_suite/utils.py:338: FutureWarning: the 'line_terminator'' keyword is deprecated, use 'lineterminator' instead.
  blast_df.to_csv(blast_results_file, sep='\t', header=True, line_terminator='\n', index=False)
2026-02-19 13:15:58,339 root INFO: Creating plasmid biomarkers report ... [in /home/kgontjes/.conda/envs/mobsuite_v3_1_9/lib/python3.11/site-packages/mob_suite/utils.py:1382]
2026-02-19 13:15:58,432 root INFO: Writting plasmid biomarkers report contaning 27 biomarkers [in /home/kgontjes/.conda/envs/mobsuite_v3_1_9/lib/python3.11/site-packages/mob_suite/mob_recon.py:1478]
2026-02-19 13:15:58,438 root INFO: Cleaning up temporary files /nfs/turbo/umms-esnitkin/Project_Penn_KPC/Analysis/Combination_resistance/pre-intro-blbli-resistance-ms/data/evolution_experiment/mobsuite_short/PCMP_H116/__tmp [in /home/kgontjes/.conda/envs/mobsuite_v3_1_9/lib/python3.11/site-packages/mob_suite/mob_recon.py:1484]
2026-02-19 13:15:58,458 mob_suite.mob_recon INFO: MOB-recon completed and results written to /nfs/turbo/umms-esnitkin/Project_Penn_KPC/Analysis/Combination_resistance/pre-intro-blbli-resistance-ms/data/evolution_experiment/mobsuite_short/PCMP_H116 [in /home/kgontjes/.conda/envs/mobsuite_v3_1_9/lib/python3.11/site-packages/mob_suite/mob_recon.py:1486]
Not 38_45cea0569a962b483047ac0db45b14c9_circular=false_36305 to cluster AA171 assigned as already present in cluster AA171
Not 39_9fbe75765823b999e3468c7783895c3f_circular=false_34510 to cluster AA171 assigned as already present in cluster AA171
Not 46_07dc203afc58757d9762537b014d5a54_circular=false_20370 to cluster AA171 assigned as already present in cluster AA171
Not 54_cdb3b6376e2750aeda6bb5c7792edfbc_circular=false_11165 to cluster AA171 assigned as already present in cluster AA171
Not 55_8256ef21e2ac1a69273398a7a18f659d_circular=false_10524 to cluster AA171 assigned as already present in cluster AA171
Not 56_92e66960be0c5547ddd9e07b97f0d6bc_circular=false_10118 to cluster AA171 assigned as already present in cluster AA171
Not 62_11fd02eb133096a2d8cc9754666f44dd_circular=false_6307 to cluster AA171 assigned as already present in cluster AA171
Not 64_2bd032a01c21f57c7297ff1af1a58fcb_circular=false_3883 to cluster AA171 assigned as already present in cluster AA551
Not 65_01ff6e7f2f7344cdabf485ab0c481079_circular=false_3296 to cluster AA171 assigned as already present in cluster AA171
Not 73_845bbbb846586285f31a7afc2f2f69d6_circular=false_1632 to cluster AA171 assigned as already present in cluster AA171
Not 74_d8849b9edf4d3c6d3a5f967284767a29_circular=false_1467 to cluster AA171 assigned as already present in cluster AA171
2026-02-19 13:11:41,388 mob_suite.mob_recon INFO: MOB-recon version 3.1.9  [in /home/kgontjes/.conda/envs/mobsuite_v3_1_9/lib/python3.11/site-packages/mob_suite/mob_recon.py:984]
2026-02-19 13:11:41,388 mob_suite.mob_recon INFO: SUCCESS: Found program blastn at /home/kgontjes/.conda/envs/mobsuite_v3_1_9/bin/blastn [in /home/kgontjes/.conda/envs/mobsuite_v3_1_9/lib/python3.11/site-packages/mob_suite/utils.py:597]
2026-02-19 13:11:41,388 mob_suite.mob_recon INFO: SUCCESS: Found program makeblastdb at /home/kgontjes/.conda/envs/mobsuite_v3_1_9/bin/makeblastdb [in /home/kgontjes/.conda/envs/mobsuite_v3_1_9/lib/python3.11/site-packages/mob_suite/utils.py:597]
2026-02-19 13:11:41,388 mob_suite.mob_recon INFO: SUCCESS: Found program tblastn at /home/kgontjes/.conda/envs/mobsuite_v3_1_9/bin/tblastn [in /home/kgontjes/.conda/envs/mobsuite_v3_1_9/lib/python3.11/site-packages/mob_suite/utils.py:597]
2026-02-19 13:11:41,391 mob_suite.mob_recon INFO: Processing fasta file /nfs/turbo/umms-esnitkin/Project_Penn_KPC/Sequence_data/assembly/illumina/spades/PCMP_H318_MVB_R/PCMP_H318_MVB_R_contigs_l1000.fasta [in /home/kgontjes/.conda/envs/mobsuite_v3_1_9/lib/python3.11/site-packages/mob_suite/mob_recon.py:1011]
2026-02-19 13:11:41,391 mob_suite.mob_recon INFO: Analysis directory /nfs/turbo/umms-esnitkin/Project_Penn_KPC/Analysis/Combination_resistance/pre-intro-blbli-resistance-ms/data/evolution_experiment/mobsuite_short/PCMP_H318_MVB_R [in /home/kgontjes/.conda/envs/mobsuite_v3_1_9/lib/python3.11/site-packages/mob_suite/mob_recon.py:1012]
2026-02-19 13:11:43,607 mob_suite.mob_recon INFO: Writing cleaned header input fasta file from /nfs/turbo/umms-esnitkin/Project_Penn_KPC/Sequence_data/assembly/illumina/spades/PCMP_H318_MVB_R/PCMP_H318_MVB_R_contigs_l1000.fasta to /nfs/turbo/umms-esnitkin/Project_Penn_KPC/Analysis/Combination_resistance/pre-intro-blbli-resistance-ms/data/evolution_experiment/mobsuite_short/PCMP_H318_MVB_R/__tmp/fixed.input.fasta [in /home/kgontjes/.conda/envs/mobsuite_v3_1_9/lib/python3.11/site-packages/mob_suite/mob_recon.py:1107]
2026-02-19 13:11:44,761 root INFO: Blasting replicon sequences /home/kgontjes/.conda/envs/mobsuite_v3_1_9/lib/python3.11/site-packages/mob_suite/databases/rep.dna.fas against /nfs/turbo/umms-esnitkin/Project_Penn_KPC/Analysis/Combination_resistance/pre-intro-blbli-resistance-ms/data/evolution_experiment/mobsuite_short/PCMP_H318_MVB_R/__tmp/fixed.input.fasta [in /home/kgontjes/.conda/envs/mobsuite_v3_1_9/lib/python3.11/site-packages/mob_suite/utils.py:1163]
/home/kgontjes/.conda/envs/mobsuite_v3_1_9/lib/python3.11/site-packages/mob_suite/utils.py:338: FutureWarning: the 'line_terminator'' keyword is deprecated, use 'lineterminator' instead.
  blast_df.to_csv(blast_results_file, sep='\t', header=True, line_terminator='\n', index=False)
2026-02-19 13:11:45,579 root INFO: Filtering replicon blast results /nfs/turbo/umms-esnitkin/Project_Penn_KPC/Analysis/Combination_resistance/pre-intro-blbli-resistance-ms/data/evolution_experiment/mobsuite_short/PCMP_H318_MVB_R/__tmp/replicon_blast_results.txt  [in /home/kgontjes/.conda/envs/mobsuite_v3_1_9/lib/python3.11/site-packages/mob_suite/utils.py:1168]
2026-02-19 13:11:45,690 root INFO: Blasting relaxase sequences /home/kgontjes/.conda/envs/mobsuite_v3_1_9/lib/python3.11/site-packages/mob_suite/databases/mob.proteins.faa against /nfs/turbo/umms-esnitkin/Project_Penn_KPC/Analysis/Combination_resistance/pre-intro-blbli-resistance-ms/data/evolution_experiment/mobsuite_short/PCMP_H318_MVB_R/__tmp/fixed.input.fasta [in /home/kgontjes/.conda/envs/mobsuite_v3_1_9/lib/python3.11/site-packages/mob_suite/utils.py:1186]
/home/kgontjes/.conda/envs/mobsuite_v3_1_9/lib/python3.11/site-packages/mob_suite/utils.py:365: FutureWarning: the 'line_terminator'' keyword is deprecated, use 'lineterminator' instead.
  blast_df.to_csv(blast_results_file, sep='\t', header=True, line_terminator='\n', index=False)
2026-02-19 13:13:08,942 root INFO: Filtering relaxase blast results /nfs/turbo/umms-esnitkin/Project_Penn_KPC/Analysis/Combination_resistance/pre-intro-blbli-resistance-ms/data/evolution_experiment/mobsuite_short/PCMP_H318_MVB_R/__tmp/mob_blast_results.txt  [in /home/kgontjes/.conda/envs/mobsuite_v3_1_9/lib/python3.11/site-packages/mob_suite/utils.py:1191]
2026-02-19 13:13:08,992 root INFO: Blasting MPF sequences /home/kgontjes/.conda/envs/mobsuite_v3_1_9/lib/python3.11/site-packages/mob_suite/databases/mpf.proteins.faa against /nfs/turbo/umms-esnitkin/Project_Penn_KPC/Analysis/Combination_resistance/pre-intro-blbli-resistance-ms/data/evolution_experiment/mobsuite_short/PCMP_H318_MVB_R/__tmp/fixed.input.fasta [in /home/kgontjes/.conda/envs/mobsuite_v3_1_9/lib/python3.11/site-packages/mob_suite/utils.py:1210]
/home/kgontjes/.conda/envs/mobsuite_v3_1_9/lib/python3.11/site-packages/mob_suite/utils.py:365: FutureWarning: the 'line_terminator'' keyword is deprecated, use 'lineterminator' instead.
  blast_df.to_csv(blast_results_file, sep='\t', header=True, line_terminator='\n', index=False)
2026-02-19 13:14:07,929 root INFO: Filtering MPF blast results /nfs/turbo/umms-esnitkin/Project_Penn_KPC/Analysis/Combination_resistance/pre-intro-blbli-resistance-ms/data/evolution_experiment/mobsuite_short/PCMP_H318_MVB_R/__tmp/mpf_blast_results.txt  [in /home/kgontjes/.conda/envs/mobsuite_v3_1_9/lib/python3.11/site-packages/mob_suite/utils.py:1225]
2026-02-19 13:14:07,930 root INFO: Blasting orit sequences /home/kgontjes/.conda/envs/mobsuite_v3_1_9/lib/python3.11/site-packages/mob_suite/databases/orit.fas against /nfs/turbo/umms-esnitkin/Project_Penn_KPC/Analysis/Combination_resistance/pre-intro-blbli-resistance-ms/data/evolution_experiment/mobsuite_short/PCMP_H318_MVB_R/__tmp/fixed.input.fasta [in /home/kgontjes/.conda/envs/mobsuite_v3_1_9/lib/python3.11/site-packages/mob_suite/utils.py:1234]
/home/kgontjes/.conda/envs/mobsuite_v3_1_9/lib/python3.11/site-packages/mob_suite/utils.py:338: FutureWarning: the 'line_terminator'' keyword is deprecated, use 'lineterminator' instead.
  blast_df.to_csv(blast_results_file, sep='\t', header=True, line_terminator='\n', index=False)
2026-02-19 13:14:08,124 root INFO: Filtering orit blast results /nfs/turbo/umms-esnitkin/Project_Penn_KPC/Analysis/Combination_resistance/pre-intro-blbli-resistance-ms/data/evolution_experiment/mobsuite_short/PCMP_H318_MVB_R/__tmp/orit_blast_results.txt  [in /home/kgontjes/.conda/envs/mobsuite_v3_1_9/lib/python3.11/site-packages/mob_suite/utils.py:1239]
2026-02-19 13:14:08,162 root INFO: Blasting contigs against repetitive sequences db: /home/kgontjes/.conda/envs/mobsuite_v3_1_9/lib/python3.11/site-packages/mob_suite/databases/repetitive.dna.fas [in /home/kgontjes/.conda/envs/mobsuite_v3_1_9/lib/python3.11/site-packages/mob_suite/utils.py:1256]
/home/kgontjes/.conda/envs/mobsuite_v3_1_9/lib/python3.11/site-packages/mob_suite/utils.py:338: FutureWarning: the 'line_terminator'' keyword is deprecated, use 'lineterminator' instead.
  blast_df.to_csv(blast_results_file, sep='\t', header=True, line_terminator='\n', index=False)
2026-02-19 13:14:09,201 root INFO: Filtering repetitive blast results /nfs/turbo/umms-esnitkin/Project_Penn_KPC/Analysis/Combination_resistance/pre-intro-blbli-resistance-ms/data/evolution_experiment/mobsuite_short/PCMP_H318_MVB_R/__tmp/repetitive_blast_results.txt  [in /home/kgontjes/.conda/envs/mobsuite_v3_1_9/lib/python3.11/site-packages/mob_suite/utils.py:1260]
2026-02-19 13:14:09,209 root INFO: Filtering contig: 75_28b1f64dffd3b383bb925afb96a5b04f_circular=false_1388 due to repetitive sequence [in /home/kgontjes/.conda/envs/mobsuite_v3_1_9/lib/python3.11/site-packages/mob_suite/utils.py:1275]
2026-02-19 13:14:09,209 root INFO: Filtering contig: 57_0c5e56eb52ac1154236476b6e89afe34_circular=false_9908 due to repetitive sequence [in /home/kgontjes/.conda/envs/mobsuite_v3_1_9/lib/python3.11/site-packages/mob_suite/utils.py:1275]
2026-02-19 13:14:09,209 root INFO: Filtering contig: 57_0c5e56eb52ac1154236476b6e89afe34_circular=false_9908 due to repetitive sequence [in /home/kgontjes/.conda/envs/mobsuite_v3_1_9/lib/python3.11/site-packages/mob_suite/utils.py:1275]
2026-02-19 13:14:09,209 root INFO: Filtering contig: 68_32b906d49e7b04c1934e889bebf82ef6_circular=false_2595 due to repetitive sequence [in /home/kgontjes/.conda/envs/mobsuite_v3_1_9/lib/python3.11/site-packages/mob_suite/utils.py:1275]
2026-02-19 13:14:09,209 root INFO: Filtering contig: 65_01ff6e7f2f7344cdabf485ab0c481079_circular=false_3296 due to repetitive sequence [in /home/kgontjes/.conda/envs/mobsuite_v3_1_9/lib/python3.11/site-packages/mob_suite/utils.py:1275]
2026-02-19 13:14:09,209 root INFO: Filtering contig: 76_696e3bfaf00acc619ba0f1dd3356a727_circular=false_1312 due to repetitive sequence [in /home/kgontjes/.conda/envs/mobsuite_v3_1_9/lib/python3.11/site-packages/mob_suite/utils.py:1275]
2026-02-19 13:14:09,209 root INFO: Filtering contig: 79_07a24b0decbbfe842dde5297a275bcda_circular=false_1202 due to repetitive sequence [in /home/kgontjes/.conda/envs/mobsuite_v3_1_9/lib/python3.11/site-packages/mob_suite/utils.py:1275]
2026-02-19 13:14:09,209 root INFO: Blasting contigs against reference sequence db: /home/kgontjes/.conda/envs/mobsuite_v3_1_9/lib/python3.11/site-packages/mob_suite/databases/ncbi_plasmid_full_seqs.fas [in /home/kgontjes/.conda/envs/mobsuite_v3_1_9/lib/python3.11/site-packages/mob_suite/mob_recon.py:1264]
/home/kgontjes/.conda/envs/mobsuite_v3_1_9/lib/python3.11/site-packages/mob_suite/utils.py:338: FutureWarning: the 'line_terminator'' keyword is deprecated, use 'lineterminator' instead.
  blast_df.to_csv(blast_results_file, sep='\t', header=True, line_terminator='\n', index=False)
2026-02-19 13:15:24,750 root INFO: Filtering contig blast results: /nfs/turbo/umms-esnitkin/Project_Penn_KPC/Analysis/Combination_resistance/pre-intro-blbli-resistance-ms/data/evolution_experiment/mobsuite_short/PCMP_H318_MVB_R/__tmp/contig_blast_results.txt [in /home/kgontjes/.conda/envs/mobsuite_v3_1_9/lib/python3.11/site-packages/mob_suite/mob_recon.py:1269]
2026-02-19 13:15:29,022 root INFO: Assigning contigs to plasmid groups [in /home/kgontjes/.conda/envs/mobsuite_v3_1_9/lib/python3.11/site-packages/mob_suite/mob_recon.py:1284]
2026-02-19 13:15:40,942 root INFO: Writting contig results to /nfs/turbo/umms-esnitkin/Project_Penn_KPC/Analysis/Combination_resistance/pre-intro-blbli-resistance-ms/data/evolution_experiment/mobsuite_short/PCMP_H318_MVB_R/contig_report.txt [in /home/kgontjes/.conda/envs/mobsuite_v3_1_9/lib/python3.11/site-packages/mob_suite/mob_recon.py:1387]
2026-02-19 13:15:42,519 root INFO: Writting plasmid sequences to /nfs/turbo/umms-esnitkin/Project_Penn_KPC/Analysis/Combination_resistance/pre-intro-blbli-resistance-ms/data/evolution_experiment/mobsuite_short/PCMP_H318_MVB_R/plasmid_AA018.fasta [in /home/kgontjes/.conda/envs/mobsuite_v3_1_9/lib/python3.11/site-packages/mob_suite/utils.py:971]
2026-02-19 13:15:49,176 root INFO: Writting plasmid sequences to /nfs/turbo/umms-esnitkin/Project_Penn_KPC/Analysis/Combination_resistance/pre-intro-blbli-resistance-ms/data/evolution_experiment/mobsuite_short/PCMP_H318_MVB_R/plasmid_AA171.fasta [in /home/kgontjes/.conda/envs/mobsuite_v3_1_9/lib/python3.11/site-packages/mob_suite/utils.py:971]
2026-02-19 13:15:56,689 root INFO: Writting plasmid sequences to /nfs/turbo/umms-esnitkin/Project_Penn_KPC/Analysis/Combination_resistance/pre-intro-blbli-resistance-ms/data/evolution_experiment/mobsuite_short/PCMP_H318_MVB_R/plasmid_AA552.fasta [in /home/kgontjes/.conda/envs/mobsuite_v3_1_9/lib/python3.11/site-packages/mob_suite/utils.py:971]
2026-02-19 13:15:58,724 root INFO: Writting plasmid sequences to /nfs/turbo/umms-esnitkin/Project_Penn_KPC/Analysis/Combination_resistance/pre-intro-blbli-resistance-ms/data/evolution_experiment/mobsuite_short/PCMP_H318_MVB_R/plasmid_AB957.fasta [in /home/kgontjes/.conda/envs/mobsuite_v3_1_9/lib/python3.11/site-packages/mob_suite/utils.py:971]
2026-02-19 13:15:58,997 root INFO: Writting chromosome sequences to /nfs/turbo/umms-esnitkin/Project_Penn_KPC/Analysis/Combination_resistance/pre-intro-blbli-resistance-ms/data/evolution_experiment/mobsuite_short/PCMP_H318_MVB_R/chromosome.fasta [in /home/kgontjes/.conda/envs/mobsuite_v3_1_9/lib/python3.11/site-packages/mob_suite/mob_recon.py:1404]
/home/kgontjes/.conda/envs/mobsuite_v3_1_9/lib/python3.11/site-packages/mob_suite/utils.py:338: FutureWarning: the 'line_terminator'' keyword is deprecated, use 'lineterminator' instead.
  blast_df.to_csv(blast_results_file, sep='\t', header=True, line_terminator='\n', index=False)
2026-02-19 13:16:00,118 root INFO: Creating plasmid biomarkers report ... [in /home/kgontjes/.conda/envs/mobsuite_v3_1_9/lib/python3.11/site-packages/mob_suite/utils.py:1382]
2026-02-19 13:16:00,376 root INFO: Writting plasmid biomarkers report contaning 44 biomarkers [in /home/kgontjes/.conda/envs/mobsuite_v3_1_9/lib/python3.11/site-packages/mob_suite/mob_recon.py:1478]
2026-02-19 13:16:00,380 root INFO: Cleaning up temporary files /nfs/turbo/umms-esnitkin/Project_Penn_KPC/Analysis/Combination_resistance/pre-intro-blbli-resistance-ms/data/evolution_experiment/mobsuite_short/PCMP_H318_MVB_R/__tmp [in /home/kgontjes/.conda/envs/mobsuite_v3_1_9/lib/python3.11/site-packages/mob_suite/mob_recon.py:1484]
2026-02-19 13:16:00,400 mob_suite.mob_recon INFO: MOB-recon completed and results written to /nfs/turbo/umms-esnitkin/Project_Penn_KPC/Analysis/Combination_resistance/pre-intro-blbli-resistance-ms/data/evolution_experiment/mobsuite_short/PCMP_H318_MVB_R [in /home/kgontjes/.conda/envs/mobsuite_v3_1_9/lib/python3.11/site-packages/mob_suite/mob_recon.py:1486]
Not 46_f37cff2185a920ed4df9c81855d2f2c9_circular=false_16525 to cluster AF888 assigned as already present in cluster AF888
Not 86_07a24b0decbbfe842dde5297a275bcda_circular=false_1202 to cluster AF888 assigned as already present in cluster AF888
Not 89_6a1d059d510959ebf18015cca7b2fde8_circular=false_1160 to cluster AF888 assigned as already present in cluster AF888
2026-02-19 13:11:41,369 mob_suite.mob_recon INFO: MOB-recon version 3.1.9  [in /home/kgontjes/.conda/envs/mobsuite_v3_1_9/lib/python3.11/site-packages/mob_suite/mob_recon.py:984]
2026-02-19 13:11:41,369 mob_suite.mob_recon INFO: SUCCESS: Found program blastn at /home/kgontjes/.conda/envs/mobsuite_v3_1_9/bin/blastn [in /home/kgontjes/.conda/envs/mobsuite_v3_1_9/lib/python3.11/site-packages/mob_suite/utils.py:597]
2026-02-19 13:11:41,370 mob_suite.mob_recon INFO: SUCCESS: Found program makeblastdb at /home/kgontjes/.conda/envs/mobsuite_v3_1_9/bin/makeblastdb [in /home/kgontjes/.conda/envs/mobsuite_v3_1_9/lib/python3.11/site-packages/mob_suite/utils.py:597]
2026-02-19 13:11:41,370 mob_suite.mob_recon INFO: SUCCESS: Found program tblastn at /home/kgontjes/.conda/envs/mobsuite_v3_1_9/bin/tblastn [in /home/kgontjes/.conda/envs/mobsuite_v3_1_9/lib/python3.11/site-packages/mob_suite/utils.py:597]
2026-02-19 13:11:41,377 mob_suite.mob_recon INFO: Processing fasta file /nfs/turbo/umms-esnitkin/Project_Penn_KPC/Sequence_data/assembly/illumina/spades/PCMP_H414/PCMP_H414_contigs_l1000.fasta [in /home/kgontjes/.conda/envs/mobsuite_v3_1_9/lib/python3.11/site-packages/mob_suite/mob_recon.py:1011]
2026-02-19 13:11:41,377 mob_suite.mob_recon INFO: Analysis directory /nfs/turbo/umms-esnitkin/Project_Penn_KPC/Analysis/Combination_resistance/pre-intro-blbli-resistance-ms/data/evolution_experiment/mobsuite_short/PCMP_H414 [in /home/kgontjes/.conda/envs/mobsuite_v3_1_9/lib/python3.11/site-packages/mob_suite/mob_recon.py:1012]
2026-02-19 13:11:43,659 mob_suite.mob_recon INFO: Writing cleaned header input fasta file from /nfs/turbo/umms-esnitkin/Project_Penn_KPC/Sequence_data/assembly/illumina/spades/PCMP_H414/PCMP_H414_contigs_l1000.fasta to /nfs/turbo/umms-esnitkin/Project_Penn_KPC/Analysis/Combination_resistance/pre-intro-blbli-resistance-ms/data/evolution_experiment/mobsuite_short/PCMP_H414/__tmp/fixed.input.fasta [in /home/kgontjes/.conda/envs/mobsuite_v3_1_9/lib/python3.11/site-packages/mob_suite/mob_recon.py:1107]
2026-02-19 13:11:44,781 root INFO: Blasting replicon sequences /home/kgontjes/.conda/envs/mobsuite_v3_1_9/lib/python3.11/site-packages/mob_suite/databases/rep.dna.fas against /nfs/turbo/umms-esnitkin/Project_Penn_KPC/Analysis/Combination_resistance/pre-intro-blbli-resistance-ms/data/evolution_experiment/mobsuite_short/PCMP_H414/__tmp/fixed.input.fasta [in /home/kgontjes/.conda/envs/mobsuite_v3_1_9/lib/python3.11/site-packages/mob_suite/utils.py:1163]
/home/kgontjes/.conda/envs/mobsuite_v3_1_9/lib/python3.11/site-packages/mob_suite/utils.py:338: FutureWarning: the 'line_terminator'' keyword is deprecated, use 'lineterminator' instead.
  blast_df.to_csv(blast_results_file, sep='\t', header=True, line_terminator='\n', index=False)
2026-02-19 13:11:45,538 root INFO: Filtering replicon blast results /nfs/turbo/umms-esnitkin/Project_Penn_KPC/Analysis/Combination_resistance/pre-intro-blbli-resistance-ms/data/evolution_experiment/mobsuite_short/PCMP_H414/__tmp/replicon_blast_results.txt  [in /home/kgontjes/.conda/envs/mobsuite_v3_1_9/lib/python3.11/site-packages/mob_suite/utils.py:1168]
2026-02-19 13:11:45,643 root INFO: Blasting relaxase sequences /home/kgontjes/.conda/envs/mobsuite_v3_1_9/lib/python3.11/site-packages/mob_suite/databases/mob.proteins.faa against /nfs/turbo/umms-esnitkin/Project_Penn_KPC/Analysis/Combination_resistance/pre-intro-blbli-resistance-ms/data/evolution_experiment/mobsuite_short/PCMP_H414/__tmp/fixed.input.fasta [in /home/kgontjes/.conda/envs/mobsuite_v3_1_9/lib/python3.11/site-packages/mob_suite/utils.py:1186]
/home/kgontjes/.conda/envs/mobsuite_v3_1_9/lib/python3.11/site-packages/mob_suite/utils.py:365: FutureWarning: the 'line_terminator'' keyword is deprecated, use 'lineterminator' instead.
  blast_df.to_csv(blast_results_file, sep='\t', header=True, line_terminator='\n', index=False)
2026-02-19 13:13:11,896 root INFO: Filtering relaxase blast results /nfs/turbo/umms-esnitkin/Project_Penn_KPC/Analysis/Combination_resistance/pre-intro-blbli-resistance-ms/data/evolution_experiment/mobsuite_short/PCMP_H414/__tmp/mob_blast_results.txt  [in /home/kgontjes/.conda/envs/mobsuite_v3_1_9/lib/python3.11/site-packages/mob_suite/utils.py:1191]
2026-02-19 13:13:11,967 root INFO: Blasting MPF sequences /home/kgontjes/.conda/envs/mobsuite_v3_1_9/lib/python3.11/site-packages/mob_suite/databases/mpf.proteins.faa against /nfs/turbo/umms-esnitkin/Project_Penn_KPC/Analysis/Combination_resistance/pre-intro-blbli-resistance-ms/data/evolution_experiment/mobsuite_short/PCMP_H414/__tmp/fixed.input.fasta [in /home/kgontjes/.conda/envs/mobsuite_v3_1_9/lib/python3.11/site-packages/mob_suite/utils.py:1210]
/home/kgontjes/.conda/envs/mobsuite_v3_1_9/lib/python3.11/site-packages/mob_suite/utils.py:365: FutureWarning: the 'line_terminator'' keyword is deprecated, use 'lineterminator' instead.
  blast_df.to_csv(blast_results_file, sep='\t', header=True, line_terminator='\n', index=False)
2026-02-19 13:14:12,402 root INFO: Filtering MPF blast results /nfs/turbo/umms-esnitkin/Project_Penn_KPC/Analysis/Combination_resistance/pre-intro-blbli-resistance-ms/data/evolution_experiment/mobsuite_short/PCMP_H414/__tmp/mpf_blast_results.txt  [in /home/kgontjes/.conda/envs/mobsuite_v3_1_9/lib/python3.11/site-packages/mob_suite/utils.py:1225]
2026-02-19 13:14:12,403 root INFO: Blasting orit sequences /home/kgontjes/.conda/envs/mobsuite_v3_1_9/lib/python3.11/site-packages/mob_suite/databases/orit.fas against /nfs/turbo/umms-esnitkin/Project_Penn_KPC/Analysis/Combination_resistance/pre-intro-blbli-resistance-ms/data/evolution_experiment/mobsuite_short/PCMP_H414/__tmp/fixed.input.fasta [in /home/kgontjes/.conda/envs/mobsuite_v3_1_9/lib/python3.11/site-packages/mob_suite/utils.py:1234]
/home/kgontjes/.conda/envs/mobsuite_v3_1_9/lib/python3.11/site-packages/mob_suite/utils.py:338: FutureWarning: the 'line_terminator'' keyword is deprecated, use 'lineterminator' instead.
  blast_df.to_csv(blast_results_file, sep='\t', header=True, line_terminator='\n', index=False)
2026-02-19 13:14:12,645 root INFO: Filtering orit blast results /nfs/turbo/umms-esnitkin/Project_Penn_KPC/Analysis/Combination_resistance/pre-intro-blbli-resistance-ms/data/evolution_experiment/mobsuite_short/PCMP_H414/__tmp/orit_blast_results.txt  [in /home/kgontjes/.conda/envs/mobsuite_v3_1_9/lib/python3.11/site-packages/mob_suite/utils.py:1239]
2026-02-19 13:14:12,714 root INFO: Blasting contigs against repetitive sequences db: /home/kgontjes/.conda/envs/mobsuite_v3_1_9/lib/python3.11/site-packages/mob_suite/databases/repetitive.dna.fas [in /home/kgontjes/.conda/envs/mobsuite_v3_1_9/lib/python3.11/site-packages/mob_suite/utils.py:1256]
/home/kgontjes/.conda/envs/mobsuite_v3_1_9/lib/python3.11/site-packages/mob_suite/utils.py:338: FutureWarning: the 'line_terminator'' keyword is deprecated, use 'lineterminator' instead.
  blast_df.to_csv(blast_results_file, sep='\t', header=True, line_terminator='\n', index=False)
2026-02-19 13:14:13,786 root INFO: Filtering repetitive blast results /nfs/turbo/umms-esnitkin/Project_Penn_KPC/Analysis/Combination_resistance/pre-intro-blbli-resistance-ms/data/evolution_experiment/mobsuite_short/PCMP_H414/__tmp/repetitive_blast_results.txt  [in /home/kgontjes/.conda/envs/mobsuite_v3_1_9/lib/python3.11/site-packages/mob_suite/utils.py:1260]
2026-02-19 13:14:13,813 root INFO: Filtering contig: 84_8ca4cfbe69d288ff8849b4ff78a8d0f4_circular=false_1382 due to repetitive sequence [in /home/kgontjes/.conda/envs/mobsuite_v3_1_9/lib/python3.11/site-packages/mob_suite/utils.py:1275]
2026-02-19 13:14:13,813 root INFO: Filtering contig: 90_669ce900e9e1ded52249b4aea9720c5f_circular=false_1053 due to repetitive sequence [in /home/kgontjes/.conda/envs/mobsuite_v3_1_9/lib/python3.11/site-packages/mob_suite/utils.py:1275]
2026-02-19 13:14:13,813 root INFO: Filtering contig: 73_ad03cd07526299aed8b7a0b7da1bbb7e_circular=false_2695 due to repetitive sequence [in /home/kgontjes/.conda/envs/mobsuite_v3_1_9/lib/python3.11/site-packages/mob_suite/utils.py:1275]
2026-02-19 13:14:13,813 root INFO: Filtering contig: 90_669ce900e9e1ded52249b4aea9720c5f_circular=false_1053 due to repetitive sequence [in /home/kgontjes/.conda/envs/mobsuite_v3_1_9/lib/python3.11/site-packages/mob_suite/utils.py:1275]
2026-02-19 13:14:13,813 root INFO: Filtering contig: 71_f3e8867e59034cc421a6473bca2f930d_circular=false_3396 due to repetitive sequence [in /home/kgontjes/.conda/envs/mobsuite_v3_1_9/lib/python3.11/site-packages/mob_suite/utils.py:1275]
2026-02-19 13:14:13,813 root INFO: Filtering contig: 90_669ce900e9e1ded52249b4aea9720c5f_circular=false_1053 due to repetitive sequence [in /home/kgontjes/.conda/envs/mobsuite_v3_1_9/lib/python3.11/site-packages/mob_suite/utils.py:1275]
2026-02-19 13:14:13,813 root INFO: Filtering contig: 86_07a24b0decbbfe842dde5297a275bcda_circular=false_1202 due to repetitive sequence [in /home/kgontjes/.conda/envs/mobsuite_v3_1_9/lib/python3.11/site-packages/mob_suite/utils.py:1275]
2026-02-19 13:14:13,814 root INFO: Blasting contigs against reference sequence db: /home/kgontjes/.conda/envs/mobsuite_v3_1_9/lib/python3.11/site-packages/mob_suite/databases/ncbi_plasmid_full_seqs.fas [in /home/kgontjes/.conda/envs/mobsuite_v3_1_9/lib/python3.11/site-packages/mob_suite/mob_recon.py:1264]
/home/kgontjes/.conda/envs/mobsuite_v3_1_9/lib/python3.11/site-packages/mob_suite/utils.py:338: FutureWarning: the 'line_terminator'' keyword is deprecated, use 'lineterminator' instead.
  blast_df.to_csv(blast_results_file, sep='\t', header=True, line_terminator='\n', index=False)
2026-02-19 13:15:31,818 root INFO: Filtering contig blast results: /nfs/turbo/umms-esnitkin/Project_Penn_KPC/Analysis/Combination_resistance/pre-intro-blbli-resistance-ms/data/evolution_experiment/mobsuite_short/PCMP_H414/__tmp/contig_blast_results.txt [in /home/kgontjes/.conda/envs/mobsuite_v3_1_9/lib/python3.11/site-packages/mob_suite/mob_recon.py:1269]
2026-02-19 13:15:35,460 root INFO: Assigning contigs to plasmid groups [in /home/kgontjes/.conda/envs/mobsuite_v3_1_9/lib/python3.11/site-packages/mob_suite/mob_recon.py:1284]
2026-02-19 13:15:46,555 root INFO: Writting contig results to /nfs/turbo/umms-esnitkin/Project_Penn_KPC/Analysis/Combination_resistance/pre-intro-blbli-resistance-ms/data/evolution_experiment/mobsuite_short/PCMP_H414/contig_report.txt [in /home/kgontjes/.conda/envs/mobsuite_v3_1_9/lib/python3.11/site-packages/mob_suite/mob_recon.py:1387]
2026-02-19 13:15:48,228 root INFO: Writting plasmid sequences to /nfs/turbo/umms-esnitkin/Project_Penn_KPC/Analysis/Combination_resistance/pre-intro-blbli-resistance-ms/data/evolution_experiment/mobsuite_short/PCMP_H414/plasmid_AA018.fasta [in /home/kgontjes/.conda/envs/mobsuite_v3_1_9/lib/python3.11/site-packages/mob_suite/utils.py:971]
2026-02-19 13:15:54,671 root INFO: Writting plasmid sequences to /nfs/turbo/umms-esnitkin/Project_Penn_KPC/Analysis/Combination_resistance/pre-intro-blbli-resistance-ms/data/evolution_experiment/mobsuite_short/PCMP_H414/plasmid_AA171.fasta [in /home/kgontjes/.conda/envs/mobsuite_v3_1_9/lib/python3.11/site-packages/mob_suite/utils.py:971]
/home/kgontjes/.conda/envs/mobsuite_v3_1_9/lib/python3.11/site-packages/ete3/ncbi_taxonomy/ncbiquery.py:243: UserWarning: taxid 211759 was translated into 615
  warnings.warn("taxid %s was translated into %s" %(taxid, merged_conversion[taxid]))
2026-02-19 13:16:02,450 root INFO: Writting plasmid sequences to /nfs/turbo/umms-esnitkin/Project_Penn_KPC/Analysis/Combination_resistance/pre-intro-blbli-resistance-ms/data/evolution_experiment/mobsuite_short/PCMP_H414/plasmid_AA552.fasta [in /home/kgontjes/.conda/envs/mobsuite_v3_1_9/lib/python3.11/site-packages/mob_suite/utils.py:971]
2026-02-19 13:16:04,663 root INFO: Writting chromosome sequences to /nfs/turbo/umms-esnitkin/Project_Penn_KPC/Analysis/Combination_resistance/pre-intro-blbli-resistance-ms/data/evolution_experiment/mobsuite_short/PCMP_H414/chromosome.fasta [in /home/kgontjes/.conda/envs/mobsuite_v3_1_9/lib/python3.11/site-packages/mob_suite/mob_recon.py:1404]
/home/kgontjes/.conda/envs/mobsuite_v3_1_9/lib/python3.11/site-packages/mob_suite/utils.py:338: FutureWarning: the 'line_terminator'' keyword is deprecated, use 'lineterminator' instead.
  blast_df.to_csv(blast_results_file, sep='\t', header=True, line_terminator='\n', index=False)
2026-02-19 13:16:05,697 root INFO: Creating plasmid biomarkers report ... [in /home/kgontjes/.conda/envs/mobsuite_v3_1_9/lib/python3.11/site-packages/mob_suite/utils.py:1382]
2026-02-19 13:16:05,926 root INFO: Writting plasmid biomarkers report contaning 37 biomarkers [in /home/kgontjes/.conda/envs/mobsuite_v3_1_9/lib/python3.11/site-packages/mob_suite/mob_recon.py:1478]
2026-02-19 13:16:05,929 root INFO: Cleaning up temporary files /nfs/turbo/umms-esnitkin/Project_Penn_KPC/Analysis/Combination_resistance/pre-intro-blbli-resistance-ms/data/evolution_experiment/mobsuite_short/PCMP_H414/__tmp [in /home/kgontjes/.conda/envs/mobsuite_v3_1_9/lib/python3.11/site-packages/mob_suite/mob_recon.py:1484]
2026-02-19 13:16:05,948 mob_suite.mob_recon INFO: MOB-recon completed and results written to /nfs/turbo/umms-esnitkin/Project_Penn_KPC/Analysis/Combination_resistance/pre-intro-blbli-resistance-ms/data/evolution_experiment/mobsuite_short/PCMP_H414 [in /home/kgontjes/.conda/envs/mobsuite_v3_1_9/lib/python3.11/site-packages/mob_suite/mob_recon.py:1486]
Not 53_f2eec5f0ef46d5c61e125ecb4dc94a8b_circular=false_11262 to cluster AB130 assigned as already present in cluster AA552
Not 59_32ce990a3dffe61ccbe68c465e357ebd_circular=false_6476 to cluster AB130 assigned as already present in cluster AA552
Not 62_b8c5de6fd742ab563f2f5f6b586852b3_circular=false_4909 to cluster AB130 assigned as already present in cluster AA018
Not 63_cdead6a97be8696d3c66608a38e3f066_circular=false_4037 to cluster AB130 assigned as already present in cluster AA018
Not 64_2bd032a01c21f57c7297ff1af1a58fcb_circular=false_3883 to cluster AB130 assigned as already present in cluster AA551
Not 80_3543bd27763f437d7a60b159b039fabd_circular=false_1151 to cluster AB130 assigned as already present in cluster AA018
2026-02-19 13:11:41,376 mob_suite.mob_recon INFO: MOB-recon version 3.1.9  [in /home/kgontjes/.conda/envs/mobsuite_v3_1_9/lib/python3.11/site-packages/mob_suite/mob_recon.py:984]
2026-02-19 13:11:41,376 mob_suite.mob_recon INFO: SUCCESS: Found program blastn at /home/kgontjes/.conda/envs/mobsuite_v3_1_9/bin/blastn [in /home/kgontjes/.conda/envs/mobsuite_v3_1_9/lib/python3.11/site-packages/mob_suite/utils.py:597]
2026-02-19 13:11:41,376 mob_suite.mob_recon INFO: SUCCESS: Found program makeblastdb at /home/kgontjes/.conda/envs/mobsuite_v3_1_9/bin/makeblastdb [in /home/kgontjes/.conda/envs/mobsuite_v3_1_9/lib/python3.11/site-packages/mob_suite/utils.py:597]
2026-02-19 13:11:41,376 mob_suite.mob_recon INFO: SUCCESS: Found program tblastn at /home/kgontjes/.conda/envs/mobsuite_v3_1_9/bin/tblastn [in /home/kgontjes/.conda/envs/mobsuite_v3_1_9/lib/python3.11/site-packages/mob_suite/utils.py:597]
2026-02-19 13:11:41,378 mob_suite.mob_recon INFO: Processing fasta file /nfs/turbo/umms-esnitkin/Project_Penn_KPC/Sequence_data/assembly/illumina/spades/PCMP_H414_MVB_R/PCMP_H414_MVB_R_contigs_l1000.fasta [in /home/kgontjes/.conda/envs/mobsuite_v3_1_9/lib/python3.11/site-packages/mob_suite/mob_recon.py:1011]
2026-02-19 13:11:41,378 mob_suite.mob_recon INFO: Analysis directory /nfs/turbo/umms-esnitkin/Project_Penn_KPC/Analysis/Combination_resistance/pre-intro-blbli-resistance-ms/data/evolution_experiment/mobsuite_short/PCMP_H414_MVB_R [in /home/kgontjes/.conda/envs/mobsuite_v3_1_9/lib/python3.11/site-packages/mob_suite/mob_recon.py:1012]
2026-02-19 13:11:43,673 mob_suite.mob_recon INFO: Writing cleaned header input fasta file from /nfs/turbo/umms-esnitkin/Project_Penn_KPC/Sequence_data/assembly/illumina/spades/PCMP_H414_MVB_R/PCMP_H414_MVB_R_contigs_l1000.fasta to /nfs/turbo/umms-esnitkin/Project_Penn_KPC/Analysis/Combination_resistance/pre-intro-blbli-resistance-ms/data/evolution_experiment/mobsuite_short/PCMP_H414_MVB_R/__tmp/fixed.input.fasta [in /home/kgontjes/.conda/envs/mobsuite_v3_1_9/lib/python3.11/site-packages/mob_suite/mob_recon.py:1107]
2026-02-19 13:11:44,758 root INFO: Blasting replicon sequences /home/kgontjes/.conda/envs/mobsuite_v3_1_9/lib/python3.11/site-packages/mob_suite/databases/rep.dna.fas against /nfs/turbo/umms-esnitkin/Project_Penn_KPC/Analysis/Combination_resistance/pre-intro-blbli-resistance-ms/data/evolution_experiment/mobsuite_short/PCMP_H414_MVB_R/__tmp/fixed.input.fasta [in /home/kgontjes/.conda/envs/mobsuite_v3_1_9/lib/python3.11/site-packages/mob_suite/utils.py:1163]
/home/kgontjes/.conda/envs/mobsuite_v3_1_9/lib/python3.11/site-packages/mob_suite/utils.py:338: FutureWarning: the 'line_terminator'' keyword is deprecated, use 'lineterminator' instead.
  blast_df.to_csv(blast_results_file, sep='\t', header=True, line_terminator='\n', index=False)
2026-02-19 13:11:45,535 root INFO: Filtering replicon blast results /nfs/turbo/umms-esnitkin/Project_Penn_KPC/Analysis/Combination_resistance/pre-intro-blbli-resistance-ms/data/evolution_experiment/mobsuite_short/PCMP_H414_MVB_R/__tmp/replicon_blast_results.txt  [in /home/kgontjes/.conda/envs/mobsuite_v3_1_9/lib/python3.11/site-packages/mob_suite/utils.py:1168]
2026-02-19 13:11:45,639 root INFO: Blasting relaxase sequences /home/kgontjes/.conda/envs/mobsuite_v3_1_9/lib/python3.11/site-packages/mob_suite/databases/mob.proteins.faa against /nfs/turbo/umms-esnitkin/Project_Penn_KPC/Analysis/Combination_resistance/pre-intro-blbli-resistance-ms/data/evolution_experiment/mobsuite_short/PCMP_H414_MVB_R/__tmp/fixed.input.fasta [in /home/kgontjes/.conda/envs/mobsuite_v3_1_9/lib/python3.11/site-packages/mob_suite/utils.py:1186]
/home/kgontjes/.conda/envs/mobsuite_v3_1_9/lib/python3.11/site-packages/mob_suite/utils.py:365: FutureWarning: the 'line_terminator'' keyword is deprecated, use 'lineterminator' instead.
  blast_df.to_csv(blast_results_file, sep='\t', header=True, line_terminator='\n', index=False)
2026-02-19 13:13:11,668 root INFO: Filtering relaxase blast results /nfs/turbo/umms-esnitkin/Project_Penn_KPC/Analysis/Combination_resistance/pre-intro-blbli-resistance-ms/data/evolution_experiment/mobsuite_short/PCMP_H414_MVB_R/__tmp/mob_blast_results.txt  [in /home/kgontjes/.conda/envs/mobsuite_v3_1_9/lib/python3.11/site-packages/mob_suite/utils.py:1191]
2026-02-19 13:13:11,719 root INFO: Blasting MPF sequences /home/kgontjes/.conda/envs/mobsuite_v3_1_9/lib/python3.11/site-packages/mob_suite/databases/mpf.proteins.faa against /nfs/turbo/umms-esnitkin/Project_Penn_KPC/Analysis/Combination_resistance/pre-intro-blbli-resistance-ms/data/evolution_experiment/mobsuite_short/PCMP_H414_MVB_R/__tmp/fixed.input.fasta [in /home/kgontjes/.conda/envs/mobsuite_v3_1_9/lib/python3.11/site-packages/mob_suite/utils.py:1210]
/home/kgontjes/.conda/envs/mobsuite_v3_1_9/lib/python3.11/site-packages/mob_suite/utils.py:365: FutureWarning: the 'line_terminator'' keyword is deprecated, use 'lineterminator' instead.
  blast_df.to_csv(blast_results_file, sep='\t', header=True, line_terminator='\n', index=False)
2026-02-19 13:14:12,203 root INFO: Filtering MPF blast results /nfs/turbo/umms-esnitkin/Project_Penn_KPC/Analysis/Combination_resistance/pre-intro-blbli-resistance-ms/data/evolution_experiment/mobsuite_short/PCMP_H414_MVB_R/__tmp/mpf_blast_results.txt  [in /home/kgontjes/.conda/envs/mobsuite_v3_1_9/lib/python3.11/site-packages/mob_suite/utils.py:1225]
2026-02-19 13:14:12,204 root INFO: Blasting orit sequences /home/kgontjes/.conda/envs/mobsuite_v3_1_9/lib/python3.11/site-packages/mob_suite/databases/orit.fas against /nfs/turbo/umms-esnitkin/Project_Penn_KPC/Analysis/Combination_resistance/pre-intro-blbli-resistance-ms/data/evolution_experiment/mobsuite_short/PCMP_H414_MVB_R/__tmp/fixed.input.fasta [in /home/kgontjes/.conda/envs/mobsuite_v3_1_9/lib/python3.11/site-packages/mob_suite/utils.py:1234]
/home/kgontjes/.conda/envs/mobsuite_v3_1_9/lib/python3.11/site-packages/mob_suite/utils.py:338: FutureWarning: the 'line_terminator'' keyword is deprecated, use 'lineterminator' instead.
  blast_df.to_csv(blast_results_file, sep='\t', header=True, line_terminator='\n', index=False)
2026-02-19 13:14:12,501 root INFO: Filtering orit blast results /nfs/turbo/umms-esnitkin/Project_Penn_KPC/Analysis/Combination_resistance/pre-intro-blbli-resistance-ms/data/evolution_experiment/mobsuite_short/PCMP_H414_MVB_R/__tmp/orit_blast_results.txt  [in /home/kgontjes/.conda/envs/mobsuite_v3_1_9/lib/python3.11/site-packages/mob_suite/utils.py:1239]
2026-02-19 13:14:12,540 root INFO: Blasting contigs against repetitive sequences db: /home/kgontjes/.conda/envs/mobsuite_v3_1_9/lib/python3.11/site-packages/mob_suite/databases/repetitive.dna.fas [in /home/kgontjes/.conda/envs/mobsuite_v3_1_9/lib/python3.11/site-packages/mob_suite/utils.py:1256]
/home/kgontjes/.conda/envs/mobsuite_v3_1_9/lib/python3.11/site-packages/mob_suite/utils.py:338: FutureWarning: the 'line_terminator'' keyword is deprecated, use 'lineterminator' instead.
  blast_df.to_csv(blast_results_file, sep='\t', header=True, line_terminator='\n', index=False)
2026-02-19 13:14:13,722 root INFO: Filtering repetitive blast results /nfs/turbo/umms-esnitkin/Project_Penn_KPC/Analysis/Combination_resistance/pre-intro-blbli-resistance-ms/data/evolution_experiment/mobsuite_short/PCMP_H414_MVB_R/__tmp/repetitive_blast_results.txt  [in /home/kgontjes/.conda/envs/mobsuite_v3_1_9/lib/python3.11/site-packages/mob_suite/utils.py:1260]
2026-02-19 13:14:13,733 root INFO: Filtering contig: 76_e36dc339f55e1ee06591b21a9d93c536_circular=false_1382 due to repetitive sequence [in /home/kgontjes/.conda/envs/mobsuite_v3_1_9/lib/python3.11/site-packages/mob_suite/utils.py:1275]
2026-02-19 13:14:13,733 root INFO: Filtering contig: 80_3543bd27763f437d7a60b159b039fabd_circular=false_1151 due to repetitive sequence [in /home/kgontjes/.conda/envs/mobsuite_v3_1_9/lib/python3.11/site-packages/mob_suite/utils.py:1275]
2026-02-19 13:14:13,733 root INFO: Filtering contig: 75_6974169ecf0efb7d56b38f1f495212ee_circular=false_1401 due to repetitive sequence [in /home/kgontjes/.conda/envs/mobsuite_v3_1_9/lib/python3.11/site-packages/mob_suite/utils.py:1275]
2026-02-19 13:14:13,733 root INFO: Filtering contig: 80_3543bd27763f437d7a60b159b039fabd_circular=false_1151 due to repetitive sequence [in /home/kgontjes/.conda/envs/mobsuite_v3_1_9/lib/python3.11/site-packages/mob_suite/utils.py:1275]
2026-02-19 13:14:13,733 root INFO: Filtering contig: 62_b8c5de6fd742ab563f2f5f6b586852b3_circular=false_4909 due to repetitive sequence [in /home/kgontjes/.conda/envs/mobsuite_v3_1_9/lib/python3.11/site-packages/mob_suite/utils.py:1275]
2026-02-19 13:14:13,733 root INFO: Filtering contig: 63_cdead6a97be8696d3c66608a38e3f066_circular=false_4037 due to repetitive sequence [in /home/kgontjes/.conda/envs/mobsuite_v3_1_9/lib/python3.11/site-packages/mob_suite/utils.py:1275]
2026-02-19 13:14:13,733 root INFO: Filtering contig: 63_cdead6a97be8696d3c66608a38e3f066_circular=false_4037 due to repetitive sequence [in /home/kgontjes/.conda/envs/mobsuite_v3_1_9/lib/python3.11/site-packages/mob_suite/utils.py:1275]
2026-02-19 13:14:13,733 root INFO: Filtering contig: 68_32b906d49e7b04c1934e889bebf82ef6_circular=false_2595 due to repetitive sequence [in /home/kgontjes/.conda/envs/mobsuite_v3_1_9/lib/python3.11/site-packages/mob_suite/utils.py:1275]
2026-02-19 13:14:13,733 root INFO: Filtering contig: 80_3543bd27763f437d7a60b159b039fabd_circular=false_1151 due to repetitive sequence [in /home/kgontjes/.conda/envs/mobsuite_v3_1_9/lib/python3.11/site-packages/mob_suite/utils.py:1275]
2026-02-19 13:14:13,733 root INFO: Filtering contig: 63_cdead6a97be8696d3c66608a38e3f066_circular=false_4037 due to repetitive sequence [in /home/kgontjes/.conda/envs/mobsuite_v3_1_9/lib/python3.11/site-packages/mob_suite/utils.py:1275]
2026-02-19 13:14:13,733 root INFO: Filtering contig: 66_01ff6e7f2f7344cdabf485ab0c481079_circular=false_3296 due to repetitive sequence [in /home/kgontjes/.conda/envs/mobsuite_v3_1_9/lib/python3.11/site-packages/mob_suite/utils.py:1275]
2026-02-19 13:14:13,733 root INFO: Filtering contig: 62_b8c5de6fd742ab563f2f5f6b586852b3_circular=false_4909 due to repetitive sequence [in /home/kgontjes/.conda/envs/mobsuite_v3_1_9/lib/python3.11/site-packages/mob_suite/utils.py:1275]
2026-02-19 13:14:13,733 root INFO: Filtering contig: 63_cdead6a97be8696d3c66608a38e3f066_circular=false_4037 due to repetitive sequence [in /home/kgontjes/.conda/envs/mobsuite_v3_1_9/lib/python3.11/site-packages/mob_suite/utils.py:1275]
2026-02-19 13:14:13,733 root INFO: Filtering contig: 80_3543bd27763f437d7a60b159b039fabd_circular=false_1151 due to repetitive sequence [in /home/kgontjes/.conda/envs/mobsuite_v3_1_9/lib/python3.11/site-packages/mob_suite/utils.py:1275]
2026-02-19 13:14:13,733 root INFO: Filtering contig: 62_b8c5de6fd742ab563f2f5f6b586852b3_circular=false_4909 due to repetitive sequence [in /home/kgontjes/.conda/envs/mobsuite_v3_1_9/lib/python3.11/site-packages/mob_suite/utils.py:1275]
2026-02-19 13:14:13,734 root INFO: Filtering contig: 83_3c959fe26f6a0f1e471f39ec8d3d7f21_circular=false_1087 due to repetitive sequence [in /home/kgontjes/.conda/envs/mobsuite_v3_1_9/lib/python3.11/site-packages/mob_suite/utils.py:1275]
2026-02-19 13:14:13,734 root INFO: Filtering contig: 79_07a24b0decbbfe842dde5297a275bcda_circular=false_1202 due to repetitive sequence [in /home/kgontjes/.conda/envs/mobsuite_v3_1_9/lib/python3.11/site-packages/mob_suite/utils.py:1275]
2026-02-19 13:14:13,734 root INFO: Blasting contigs against reference sequence db: /home/kgontjes/.conda/envs/mobsuite_v3_1_9/lib/python3.11/site-packages/mob_suite/databases/ncbi_plasmid_full_seqs.fas [in /home/kgontjes/.conda/envs/mobsuite_v3_1_9/lib/python3.11/site-packages/mob_suite/mob_recon.py:1264]
/home/kgontjes/.conda/envs/mobsuite_v3_1_9/lib/python3.11/site-packages/mob_suite/utils.py:338: FutureWarning: the 'line_terminator'' keyword is deprecated, use 'lineterminator' instead.
  blast_df.to_csv(blast_results_file, sep='\t', header=True, line_terminator='\n', index=False)
2026-02-19 13:15:31,050 root INFO: Filtering contig blast results: /nfs/turbo/umms-esnitkin/Project_Penn_KPC/Analysis/Combination_resistance/pre-intro-blbli-resistance-ms/data/evolution_experiment/mobsuite_short/PCMP_H414_MVB_R/__tmp/contig_blast_results.txt [in /home/kgontjes/.conda/envs/mobsuite_v3_1_9/lib/python3.11/site-packages/mob_suite/mob_recon.py:1269]
2026-02-19 13:15:34,278 root INFO: Assigning contigs to plasmid groups [in /home/kgontjes/.conda/envs/mobsuite_v3_1_9/lib/python3.11/site-packages/mob_suite/mob_recon.py:1284]
2026-02-19 13:15:47,659 root INFO: Writting contig results to /nfs/turbo/umms-esnitkin/Project_Penn_KPC/Analysis/Combination_resistance/pre-intro-blbli-resistance-ms/data/evolution_experiment/mobsuite_short/PCMP_H414_MVB_R/contig_report.txt [in /home/kgontjes/.conda/envs/mobsuite_v3_1_9/lib/python3.11/site-packages/mob_suite/mob_recon.py:1387]
2026-02-19 13:15:49,286 root INFO: Writting plasmid sequences to /nfs/turbo/umms-esnitkin/Project_Penn_KPC/Analysis/Combination_resistance/pre-intro-blbli-resistance-ms/data/evolution_experiment/mobsuite_short/PCMP_H414_MVB_R/plasmid_AA018.fasta [in /home/kgontjes/.conda/envs/mobsuite_v3_1_9/lib/python3.11/site-packages/mob_suite/utils.py:971]
2026-02-19 13:15:55,816 root INFO: Writting plasmid sequences to /nfs/turbo/umms-esnitkin/Project_Penn_KPC/Analysis/Combination_resistance/pre-intro-blbli-resistance-ms/data/evolution_experiment/mobsuite_short/PCMP_H414_MVB_R/plasmid_AA552.fasta [in /home/kgontjes/.conda/envs/mobsuite_v3_1_9/lib/python3.11/site-packages/mob_suite/utils.py:971]
2026-02-19 13:15:57,858 root INFO: Writting plasmid sequences to /nfs/turbo/umms-esnitkin/Project_Penn_KPC/Analysis/Combination_resistance/pre-intro-blbli-resistance-ms/data/evolution_experiment/mobsuite_short/PCMP_H414_MVB_R/plasmid_AA171.fasta [in /home/kgontjes/.conda/envs/mobsuite_v3_1_9/lib/python3.11/site-packages/mob_suite/utils.py:971]
2026-02-19 13:16:04,465 root INFO: Writting plasmid sequences to /nfs/turbo/umms-esnitkin/Project_Penn_KPC/Analysis/Combination_resistance/pre-intro-blbli-resistance-ms/data/evolution_experiment/mobsuite_short/PCMP_H414_MVB_R/plasmid_AB713.fasta [in /home/kgontjes/.conda/envs/mobsuite_v3_1_9/lib/python3.11/site-packages/mob_suite/utils.py:971]
2026-02-19 13:16:04,768 root INFO: Writting plasmid sequences to /nfs/turbo/umms-esnitkin/Project_Penn_KPC/Analysis/Combination_resistance/pre-intro-blbli-resistance-ms/data/evolution_experiment/mobsuite_short/PCMP_H414_MVB_R/plasmid_AA941.fasta [in /home/kgontjes/.conda/envs/mobsuite_v3_1_9/lib/python3.11/site-packages/mob_suite/utils.py:971]
2026-02-19 13:16:05,436 root INFO: Writting plasmid sequences to /nfs/turbo/umms-esnitkin/Project_Penn_KPC/Analysis/Combination_resistance/pre-intro-blbli-resistance-ms/data/evolution_experiment/mobsuite_short/PCMP_H414_MVB_R/plasmid_AB595.fasta [in /home/kgontjes/.conda/envs/mobsuite_v3_1_9/lib/python3.11/site-packages/mob_suite/utils.py:971]
2026-02-19 13:16:05,748 root INFO: Writting chromosome sequences to /nfs/turbo/umms-esnitkin/Project_Penn_KPC/Analysis/Combination_resistance/pre-intro-blbli-resistance-ms/data/evolution_experiment/mobsuite_short/PCMP_H414_MVB_R/chromosome.fasta [in /home/kgontjes/.conda/envs/mobsuite_v3_1_9/lib/python3.11/site-packages/mob_suite/mob_recon.py:1404]
/home/kgontjes/.conda/envs/mobsuite_v3_1_9/lib/python3.11/site-packages/mob_suite/utils.py:338: FutureWarning: the 'line_terminator'' keyword is deprecated, use 'lineterminator' instead.
  blast_df.to_csv(blast_results_file, sep='\t', header=True, line_terminator='\n', index=False)
2026-02-19 13:16:06,768 root INFO: Creating plasmid biomarkers report ... [in /home/kgontjes/.conda/envs/mobsuite_v3_1_9/lib/python3.11/site-packages/mob_suite/utils.py:1382]
2026-02-19 13:16:07,012 root INFO: Writting plasmid biomarkers report contaning 38 biomarkers [in /home/kgontjes/.conda/envs/mobsuite_v3_1_9/lib/python3.11/site-packages/mob_suite/mob_recon.py:1478]
2026-02-19 13:16:07,015 root INFO: Cleaning up temporary files /nfs/turbo/umms-esnitkin/Project_Penn_KPC/Analysis/Combination_resistance/pre-intro-blbli-resistance-ms/data/evolution_experiment/mobsuite_short/PCMP_H414_MVB_R/__tmp [in /home/kgontjes/.conda/envs/mobsuite_v3_1_9/lib/python3.11/site-packages/mob_suite/mob_recon.py:1484]
2026-02-19 13:16:07,033 mob_suite.mob_recon INFO: MOB-recon completed and results written to /nfs/turbo/umms-esnitkin/Project_Penn_KPC/Analysis/Combination_resistance/pre-intro-blbli-resistance-ms/data/evolution_experiment/mobsuite_short/PCMP_H414_MVB_R [in /home/kgontjes/.conda/envs/mobsuite_v3_1_9/lib/python3.11/site-packages/mob_suite/mob_recon.py:1486]
Not 51_9cd9da6f688d3b5f6c4e95ad673f5ae5_circular=false_7536 to cluster AA032 assigned as already present in cluster AA275
Not 59_a1c044d6233fc106f2dc7f1a933b4fbc_circular=false_5205 to cluster AA032 assigned as already present in cluster AA275
Not 64_45e05a8245f503e3bd034bfb82991ed9_circular=false_2537 to cluster AA032 assigned as already present in cluster AA275
Not 66_618a9677a90fb841dfebe82edb575381_circular=false_1914 to cluster AA032 assigned as already present in cluster AA275
Not 67_26e9ac4fba6fb75ab5f0f4aaad5e917f_circular=false_1842 to cluster AA032 assigned as already present in cluster AA275
Not 71_776fc15906f48324e5545c598a2618dc_circular=false_1570 to cluster AA032 assigned as already present in cluster AA038
Not 72_202a95a5dad8356caab60ba60d089d73_circular=false_1531 to cluster AA032 assigned as already present in cluster AA275
Not 80_606ee60298c7b2f0e27b703b40145531_circular=false_1196 to cluster AA032 assigned as already present in cluster AA275
Not 84_2ebae565fe5d5e5f731799c541987457_circular=false_1097 to cluster AA032 assigned as already present in cluster AA275
Not 21_2ef518f8a16e5e78969f5d6b8c064865_circular=false_60641 to cluster AA275 assigned as already present in cluster AA275
Not 23_5d5a9f4992b0e4144d1c75cd092de0fa_circular=false_51072 to cluster AA275 assigned as already present in cluster AA275
Not 36_8901fc6da52dc8cd7ec5cc1b8e205eb1_circular=false_18452 to cluster AA275 assigned as already present in cluster AA275
Not 38_70ae0735983b19cdfe09d0ae276feb8d_circular=false_14347 to cluster AA275 assigned as already present in cluster AA275
Not 39_fe8176c1db639ca13d2e165e2616eeac_circular=false_12708 to cluster AA275 assigned as already present in cluster AA275
Not 43_961aa9ac7935288c97326400019f20cd_circular=false_10929 to cluster AA275 assigned as already present in cluster AA275
Not 44_05fe991c9e95915a4aa54114076fac45_circular=false_10789 to cluster AA275 assigned as already present in cluster AA275
Not 46_be99a5218b2047f51a037a6228eaa906_circular=false_9908 to cluster AA275 assigned as already present in cluster AA275
Not 48_648f9820ffd1feda0213df46c49dc58a_circular=false_9226 to cluster AA275 assigned as already present in cluster AA275
Not 49_c93b2b6b5a3f5a68fb6c3ca70205f446_circular=false_8928 to cluster AA275 assigned as already present in cluster AA275
Not 51_9cd9da6f688d3b5f6c4e95ad673f5ae5_circular=false_7536 to cluster AA275 assigned as already present in cluster AA275
Not 52_68c5217b812c73e0852b5dcd0287b552_circular=false_7111 to cluster AA275 assigned as already present in cluster AA275
Not 53_1e40b77e772b9ce74c51dd9a45590d16_circular=false_6920 to cluster AA275 assigned as already present in cluster AA275
Not 54_c00891ba6fa0e9815b7c9786afe5e2b7_circular=false_6692 to cluster AA275 assigned as already present in cluster AA275
Not 57_c2fd64faee9aa410110ebe0be48c2745_circular=false_5351 to cluster AA275 assigned as already present in cluster AA275
Not 59_a1c044d6233fc106f2dc7f1a933b4fbc_circular=false_5205 to cluster AA275 assigned as already present in cluster AA275
Not 60_f38b22a49f6e4b6a9bdfc3280b7c57d1_circular=false_4718 to cluster AA275 assigned as already present in cluster AA275
Not 64_45e05a8245f503e3bd034bfb82991ed9_circular=false_2537 to cluster AA275 assigned as already present in cluster AA275
Not 65_2bc717474d9d0fe3c16b8e303c7bf764_circular=false_2055 to cluster AA275 assigned as already present in cluster AA275
Not 66_618a9677a90fb841dfebe82edb575381_circular=false_1914 to cluster AA275 assigned as already present in cluster AA275
Not 67_26e9ac4fba6fb75ab5f0f4aaad5e917f_circular=false_1842 to cluster AA275 assigned as already present in cluster AA275
Not 69_0b9c656017fa438734e6f10e7ed36525_circular=false_1607 to cluster AA275 assigned as already present in cluster AA275
Not 70_27d2ece90b2132f3fac4edd3d6518baa_circular=false_1586 to cluster AA275 assigned as already present in cluster AA275
Not 71_776fc15906f48324e5545c598a2618dc_circular=false_1570 to cluster AA275 assigned as already present in cluster AA038
Not 72_202a95a5dad8356caab60ba60d089d73_circular=false_1531 to cluster AA275 assigned as already present in cluster AA275
Not 73_14c2c2168d844bfbda8efd0f4d9c975d_circular=false_1512 to cluster AA275 assigned as already present in cluster AA274
Not 74_7b2a1347f5f966a5e9e4284a29fe5d46_circular=false_1443 to cluster AA275 assigned as already present in cluster AA275
Not 75_aa7b76adb93f1b2e30fafaf0373b2dcc_circular=false_1303 to cluster AA275 assigned as already present in cluster AA275
Not 76_bded1d3cfe124c92198b2779050e2b21_circular=false_1293 to cluster AA275 assigned as already present in cluster AA275
Not 79_73d7bd01eb813d55dbf5311d14d72fbf_circular=false_1234 to cluster AA275 assigned as already present in cluster AA275
Not 80_606ee60298c7b2f0e27b703b40145531_circular=false_1196 to cluster AA275 assigned as already present in cluster AA275
Not 81_9ee3af6bfd07fb7d7b235ce320bbb3a8_circular=false_1147 to cluster AA275 assigned as already present in cluster AA275
Not 82_f82d7b7c9a797a0000ca51a8e629c7a1_circular=false_1128 to cluster AA275 assigned as already present in cluster AA274
Not 84_2ebae565fe5d5e5f731799c541987457_circular=false_1097 to cluster AA275 assigned as already present in cluster AA275
Not 30_d07d28020a6ed0242e3de6cf1af5d5d3_circular=false_28282 to cluster AA448 assigned as already present in cluster AA436
Not 36_8901fc6da52dc8cd7ec5cc1b8e205eb1_circular=false_18452 to cluster AA448 assigned as already present in cluster AA275
Not 38_70ae0735983b19cdfe09d0ae276feb8d_circular=false_14347 to cluster AA448 assigned as already present in cluster AA275
Not 42_d48f959d84cfade44f97b59febc5d6f2_circular=false_11560 to cluster AA448 assigned as already present in cluster AA274
Not 43_961aa9ac7935288c97326400019f20cd_circular=false_10929 to cluster AA448 assigned as already present in cluster AA275
Not 44_05fe991c9e95915a4aa54114076fac45_circular=false_10789 to cluster AA448 assigned as already present in cluster AA275
Not 49_c93b2b6b5a3f5a68fb6c3ca70205f446_circular=false_8928 to cluster AA448 assigned as already present in cluster AA275
Not 51_9cd9da6f688d3b5f6c4e95ad673f5ae5_circular=false_7536 to cluster AA448 assigned as already present in cluster AA275
Not 53_1e40b77e772b9ce74c51dd9a45590d16_circular=false_6920 to cluster AA448 assigned as already present in cluster AA275
Not 54_c00891ba6fa0e9815b7c9786afe5e2b7_circular=false_6692 to cluster AA448 assigned as already present in cluster AA275
Not 56_d5d812bba302dcddd07c930a9aa5aa2c_circular=false_5841 to cluster AA448 assigned as already present in cluster AA942
Not 57_c2fd64faee9aa410110ebe0be48c2745_circular=false_5351 to cluster AA448 assigned as already present in cluster AA275
Not 59_a1c044d6233fc106f2dc7f1a933b4fbc_circular=false_5205 to cluster AA448 assigned as already present in cluster AA275
Not 64_45e05a8245f503e3bd034bfb82991ed9_circular=false_2537 to cluster AA448 assigned as already present in cluster AA275
Not 66_618a9677a90fb841dfebe82edb575381_circular=false_1914 to cluster AA448 assigned as already present in cluster AA275
Not 67_26e9ac4fba6fb75ab5f0f4aaad5e917f_circular=false_1842 to cluster AA448 assigned as already present in cluster AA275
Not 69_0b9c656017fa438734e6f10e7ed36525_circular=false_1607 to cluster AA448 assigned as already present in cluster AA275
Not 72_202a95a5dad8356caab60ba60d089d73_circular=false_1531 to cluster AA448 assigned as already present in cluster AA275
Not 73_14c2c2168d844bfbda8efd0f4d9c975d_circular=false_1512 to cluster AA448 assigned as already present in cluster AA274
Not 76_bded1d3cfe124c92198b2779050e2b21_circular=false_1293 to cluster AA448 assigned as already present in cluster AA275
Not 79_73d7bd01eb813d55dbf5311d14d72fbf_circular=false_1234 to cluster AA448 assigned as already present in cluster AA275
Not 80_606ee60298c7b2f0e27b703b40145531_circular=false_1196 to cluster AA448 assigned as already present in cluster AA275
Not 84_2ebae565fe5d5e5f731799c541987457_circular=false_1097 to cluster AA448 assigned as already present in cluster AA275
2026-02-19 13:11:41,384 mob_suite.mob_recon INFO: MOB-recon version 3.1.9  [in /home/kgontjes/.conda/envs/mobsuite_v3_1_9/lib/python3.11/site-packages/mob_suite/mob_recon.py:984]
2026-02-19 13:11:41,384 mob_suite.mob_recon INFO: SUCCESS: Found program blastn at /home/kgontjes/.conda/envs/mobsuite_v3_1_9/bin/blastn [in /home/kgontjes/.conda/envs/mobsuite_v3_1_9/lib/python3.11/site-packages/mob_suite/utils.py:597]
2026-02-19 13:11:41,384 mob_suite.mob_recon INFO: SUCCESS: Found program makeblastdb at /home/kgontjes/.conda/envs/mobsuite_v3_1_9/bin/makeblastdb [in /home/kgontjes/.conda/envs/mobsuite_v3_1_9/lib/python3.11/site-packages/mob_suite/utils.py:597]
2026-02-19 13:11:41,384 mob_suite.mob_recon INFO: SUCCESS: Found program tblastn at /home/kgontjes/.conda/envs/mobsuite_v3_1_9/bin/tblastn [in /home/kgontjes/.conda/envs/mobsuite_v3_1_9/lib/python3.11/site-packages/mob_suite/utils.py:597]
2026-02-19 13:11:41,386 mob_suite.mob_recon INFO: Processing fasta file /nfs/turbo/umms-esnitkin/Project_Penn_KPC/Sequence_data/assembly/illumina/spades/PCMP_H19/PCMP_H19_contigs_l1000.fasta [in /home/kgontjes/.conda/envs/mobsuite_v3_1_9/lib/python3.11/site-packages/mob_suite/mob_recon.py:1011]
2026-02-19 13:11:41,386 mob_suite.mob_recon INFO: Analysis directory /nfs/turbo/umms-esnitkin/Project_Penn_KPC/Analysis/Combination_resistance/pre-intro-blbli-resistance-ms/data/evolution_experiment/mobsuite_short/PCMP_H19 [in /home/kgontjes/.conda/envs/mobsuite_v3_1_9/lib/python3.11/site-packages/mob_suite/mob_recon.py:1012]
2026-02-19 13:11:43,716 mob_suite.mob_recon INFO: Writing cleaned header input fasta file from /nfs/turbo/umms-esnitkin/Project_Penn_KPC/Sequence_data/assembly/illumina/spades/PCMP_H19/PCMP_H19_contigs_l1000.fasta to /nfs/turbo/umms-esnitkin/Project_Penn_KPC/Analysis/Combination_resistance/pre-intro-blbli-resistance-ms/data/evolution_experiment/mobsuite_short/PCMP_H19/__tmp/fixed.input.fasta [in /home/kgontjes/.conda/envs/mobsuite_v3_1_9/lib/python3.11/site-packages/mob_suite/mob_recon.py:1107]
2026-02-19 13:11:44,758 root INFO: Blasting replicon sequences /home/kgontjes/.conda/envs/mobsuite_v3_1_9/lib/python3.11/site-packages/mob_suite/databases/rep.dna.fas against /nfs/turbo/umms-esnitkin/Project_Penn_KPC/Analysis/Combination_resistance/pre-intro-blbli-resistance-ms/data/evolution_experiment/mobsuite_short/PCMP_H19/__tmp/fixed.input.fasta [in /home/kgontjes/.conda/envs/mobsuite_v3_1_9/lib/python3.11/site-packages/mob_suite/utils.py:1163]
/home/kgontjes/.conda/envs/mobsuite_v3_1_9/lib/python3.11/site-packages/mob_suite/utils.py:338: FutureWarning: the 'line_terminator'' keyword is deprecated, use 'lineterminator' instead.
  blast_df.to_csv(blast_results_file, sep='\t', header=True, line_terminator='\n', index=False)
2026-02-19 13:11:45,573 root INFO: Filtering replicon blast results /nfs/turbo/umms-esnitkin/Project_Penn_KPC/Analysis/Combination_resistance/pre-intro-blbli-resistance-ms/data/evolution_experiment/mobsuite_short/PCMP_H19/__tmp/replicon_blast_results.txt  [in /home/kgontjes/.conda/envs/mobsuite_v3_1_9/lib/python3.11/site-packages/mob_suite/utils.py:1168]
2026-02-19 13:11:45,625 root INFO: Blasting relaxase sequences /home/kgontjes/.conda/envs/mobsuite_v3_1_9/lib/python3.11/site-packages/mob_suite/databases/mob.proteins.faa against /nfs/turbo/umms-esnitkin/Project_Penn_KPC/Analysis/Combination_resistance/pre-intro-blbli-resistance-ms/data/evolution_experiment/mobsuite_short/PCMP_H19/__tmp/fixed.input.fasta [in /home/kgontjes/.conda/envs/mobsuite_v3_1_9/lib/python3.11/site-packages/mob_suite/utils.py:1186]
/home/kgontjes/.conda/envs/mobsuite_v3_1_9/lib/python3.11/site-packages/mob_suite/utils.py:365: FutureWarning: the 'line_terminator'' keyword is deprecated, use 'lineterminator' instead.
  blast_df.to_csv(blast_results_file, sep='\t', header=True, line_terminator='\n', index=False)
2026-02-19 13:13:09,460 root INFO: Filtering relaxase blast results /nfs/turbo/umms-esnitkin/Project_Penn_KPC/Analysis/Combination_resistance/pre-intro-blbli-resistance-ms/data/evolution_experiment/mobsuite_short/PCMP_H19/__tmp/mob_blast_results.txt  [in /home/kgontjes/.conda/envs/mobsuite_v3_1_9/lib/python3.11/site-packages/mob_suite/utils.py:1191]
2026-02-19 13:13:09,474 root INFO: Blasting MPF sequences /home/kgontjes/.conda/envs/mobsuite_v3_1_9/lib/python3.11/site-packages/mob_suite/databases/mpf.proteins.faa against /nfs/turbo/umms-esnitkin/Project_Penn_KPC/Analysis/Combination_resistance/pre-intro-blbli-resistance-ms/data/evolution_experiment/mobsuite_short/PCMP_H19/__tmp/fixed.input.fasta [in /home/kgontjes/.conda/envs/mobsuite_v3_1_9/lib/python3.11/site-packages/mob_suite/utils.py:1210]
/home/kgontjes/.conda/envs/mobsuite_v3_1_9/lib/python3.11/site-packages/mob_suite/utils.py:365: FutureWarning: the 'line_terminator'' keyword is deprecated, use 'lineterminator' instead.
  blast_df.to_csv(blast_results_file, sep='\t', header=True, line_terminator='\n', index=False)
2026-02-19 13:14:09,477 root INFO: Filtering MPF blast results /nfs/turbo/umms-esnitkin/Project_Penn_KPC/Analysis/Combination_resistance/pre-intro-blbli-resistance-ms/data/evolution_experiment/mobsuite_short/PCMP_H19/__tmp/mpf_blast_results.txt  [in /home/kgontjes/.conda/envs/mobsuite_v3_1_9/lib/python3.11/site-packages/mob_suite/utils.py:1225]
2026-02-19 13:14:09,478 root INFO: Blasting orit sequences /home/kgontjes/.conda/envs/mobsuite_v3_1_9/lib/python3.11/site-packages/mob_suite/databases/orit.fas against /nfs/turbo/umms-esnitkin/Project_Penn_KPC/Analysis/Combination_resistance/pre-intro-blbli-resistance-ms/data/evolution_experiment/mobsuite_short/PCMP_H19/__tmp/fixed.input.fasta [in /home/kgontjes/.conda/envs/mobsuite_v3_1_9/lib/python3.11/site-packages/mob_suite/utils.py:1234]
/home/kgontjes/.conda/envs/mobsuite_v3_1_9/lib/python3.11/site-packages/mob_suite/utils.py:338: FutureWarning: the 'line_terminator'' keyword is deprecated, use 'lineterminator' instead.
  blast_df.to_csv(blast_results_file, sep='\t', header=True, line_terminator='\n', index=False)
2026-02-19 13:14:09,665 root INFO: Filtering orit blast results /nfs/turbo/umms-esnitkin/Project_Penn_KPC/Analysis/Combination_resistance/pre-intro-blbli-resistance-ms/data/evolution_experiment/mobsuite_short/PCMP_H19/__tmp/orit_blast_results.txt  [in /home/kgontjes/.conda/envs/mobsuite_v3_1_9/lib/python3.11/site-packages/mob_suite/utils.py:1239]
2026-02-19 13:14:09,682 root INFO: Blasting contigs against repetitive sequences db: /home/kgontjes/.conda/envs/mobsuite_v3_1_9/lib/python3.11/site-packages/mob_suite/databases/repetitive.dna.fas [in /home/kgontjes/.conda/envs/mobsuite_v3_1_9/lib/python3.11/site-packages/mob_suite/utils.py:1256]
/home/kgontjes/.conda/envs/mobsuite_v3_1_9/lib/python3.11/site-packages/mob_suite/utils.py:338: FutureWarning: the 'line_terminator'' keyword is deprecated, use 'lineterminator' instead.
  blast_df.to_csv(blast_results_file, sep='\t', header=True, line_terminator='\n', index=False)
2026-02-19 13:14:10,656 root INFO: Filtering repetitive blast results /nfs/turbo/umms-esnitkin/Project_Penn_KPC/Analysis/Combination_resistance/pre-intro-blbli-resistance-ms/data/evolution_experiment/mobsuite_short/PCMP_H19/__tmp/repetitive_blast_results.txt  [in /home/kgontjes/.conda/envs/mobsuite_v3_1_9/lib/python3.11/site-packages/mob_suite/utils.py:1260]
2026-02-19 13:14:10,667 root INFO: Filtering contig: 46_be99a5218b2047f51a037a6228eaa906_circular=false_9908 due to repetitive sequence [in /home/kgontjes/.conda/envs/mobsuite_v3_1_9/lib/python3.11/site-packages/mob_suite/utils.py:1275]
2026-02-19 13:14:10,667 root INFO: Filtering contig: 46_be99a5218b2047f51a037a6228eaa906_circular=false_9908 due to repetitive sequence [in /home/kgontjes/.conda/envs/mobsuite_v3_1_9/lib/python3.11/site-packages/mob_suite/utils.py:1275]
2026-02-19 13:14:10,667 root INFO: Filtering contig: 76_bded1d3cfe124c92198b2779050e2b21_circular=false_1293 due to repetitive sequence [in /home/kgontjes/.conda/envs/mobsuite_v3_1_9/lib/python3.11/site-packages/mob_suite/utils.py:1275]
2026-02-19 13:14:10,667 root INFO: Filtering contig: 84_2ebae565fe5d5e5f731799c541987457_circular=false_1097 due to repetitive sequence [in /home/kgontjes/.conda/envs/mobsuite_v3_1_9/lib/python3.11/site-packages/mob_suite/utils.py:1275]
2026-02-19 13:14:10,667 root INFO: Filtering contig: 80_606ee60298c7b2f0e27b703b40145531_circular=false_1196 due to repetitive sequence [in /home/kgontjes/.conda/envs/mobsuite_v3_1_9/lib/python3.11/site-packages/mob_suite/utils.py:1275]
2026-02-19 13:14:10,667 root INFO: Filtering contig: 76_bded1d3cfe124c92198b2779050e2b21_circular=false_1293 due to repetitive sequence [in /home/kgontjes/.conda/envs/mobsuite_v3_1_9/lib/python3.11/site-packages/mob_suite/utils.py:1275]
2026-02-19 13:14:10,667 root INFO: Filtering contig: 80_606ee60298c7b2f0e27b703b40145531_circular=false_1196 due to repetitive sequence [in /home/kgontjes/.conda/envs/mobsuite_v3_1_9/lib/python3.11/site-packages/mob_suite/utils.py:1275]
2026-02-19 13:14:10,667 root INFO: Filtering contig: 25_b13a98fc76f2b5beff3d136540c47ef7_circular=false_38884 due to repetitive sequence [in /home/kgontjes/.conda/envs/mobsuite_v3_1_9/lib/python3.11/site-packages/mob_suite/utils.py:1275]
2026-02-19 13:14:10,667 root INFO: Filtering contig: 80_606ee60298c7b2f0e27b703b40145531_circular=false_1196 due to repetitive sequence [in /home/kgontjes/.conda/envs/mobsuite_v3_1_9/lib/python3.11/site-packages/mob_suite/utils.py:1275]
2026-02-19 13:14:10,667 root INFO: Filtering contig: 25_b13a98fc76f2b5beff3d136540c47ef7_circular=false_38884 due to repetitive sequence [in /home/kgontjes/.conda/envs/mobsuite_v3_1_9/lib/python3.11/site-packages/mob_suite/utils.py:1275]
2026-02-19 13:14:10,667 root INFO: Filtering contig: 59_a1c044d6233fc106f2dc7f1a933b4fbc_circular=false_5205 due to repetitive sequence [in /home/kgontjes/.conda/envs/mobsuite_v3_1_9/lib/python3.11/site-packages/mob_suite/utils.py:1275]
2026-02-19 13:14:10,667 root INFO: Filtering contig: 76_bded1d3cfe124c92198b2779050e2b21_circular=false_1293 due to repetitive sequence [in /home/kgontjes/.conda/envs/mobsuite_v3_1_9/lib/python3.11/site-packages/mob_suite/utils.py:1275]
2026-02-19 13:14:10,668 root INFO: Filtering contig: 59_a1c044d6233fc106f2dc7f1a933b4fbc_circular=false_5205 due to repetitive sequence [in /home/kgontjes/.conda/envs/mobsuite_v3_1_9/lib/python3.11/site-packages/mob_suite/utils.py:1275]
2026-02-19 13:14:10,668 root INFO: Filtering contig: 76_bded1d3cfe124c92198b2779050e2b21_circular=false_1293 due to repetitive sequence [in /home/kgontjes/.conda/envs/mobsuite_v3_1_9/lib/python3.11/site-packages/mob_suite/utils.py:1275]
2026-02-19 13:14:10,668 root INFO: Filtering contig: 77_a752eff8d56613c80da165fd977cce7f_circular=false_1291 due to repetitive sequence [in /home/kgontjes/.conda/envs/mobsuite_v3_1_9/lib/python3.11/site-packages/mob_suite/utils.py:1275]
2026-02-19 13:14:10,668 root INFO: Blasting contigs against reference sequence db: /home/kgontjes/.conda/envs/mobsuite_v3_1_9/lib/python3.11/site-packages/mob_suite/databases/ncbi_plasmid_full_seqs.fas [in /home/kgontjes/.conda/envs/mobsuite_v3_1_9/lib/python3.11/site-packages/mob_suite/mob_recon.py:1264]
/home/kgontjes/.conda/envs/mobsuite_v3_1_9/lib/python3.11/site-packages/mob_suite/utils.py:338: FutureWarning: the 'line_terminator'' keyword is deprecated, use 'lineterminator' instead.
  blast_df.to_csv(blast_results_file, sep='\t', header=True, line_terminator='\n', index=False)
2026-02-19 13:15:27,944 root INFO: Filtering contig blast results: /nfs/turbo/umms-esnitkin/Project_Penn_KPC/Analysis/Combination_resistance/pre-intro-blbli-resistance-ms/data/evolution_experiment/mobsuite_short/PCMP_H19/__tmp/contig_blast_results.txt [in /home/kgontjes/.conda/envs/mobsuite_v3_1_9/lib/python3.11/site-packages/mob_suite/mob_recon.py:1269]
2026-02-19 13:15:31,359 root INFO: Assigning contigs to plasmid groups [in /home/kgontjes/.conda/envs/mobsuite_v3_1_9/lib/python3.11/site-packages/mob_suite/mob_recon.py:1284]
2026-02-19 13:15:49,005 root INFO: Writting contig results to /nfs/turbo/umms-esnitkin/Project_Penn_KPC/Analysis/Combination_resistance/pre-intro-blbli-resistance-ms/data/evolution_experiment/mobsuite_short/PCMP_H19/contig_report.txt [in /home/kgontjes/.conda/envs/mobsuite_v3_1_9/lib/python3.11/site-packages/mob_suite/mob_recon.py:1387]
2026-02-19 13:15:50,667 root INFO: Writting plasmid sequences to /nfs/turbo/umms-esnitkin/Project_Penn_KPC/Analysis/Combination_resistance/pre-intro-blbli-resistance-ms/data/evolution_experiment/mobsuite_short/PCMP_H19/plasmid_AA275.fasta [in /home/kgontjes/.conda/envs/mobsuite_v3_1_9/lib/python3.11/site-packages/mob_suite/utils.py:971]
2026-02-19 13:15:57,897 root INFO: Writting plasmid sequences to /nfs/turbo/umms-esnitkin/Project_Penn_KPC/Analysis/Combination_resistance/pre-intro-blbli-resistance-ms/data/evolution_experiment/mobsuite_short/PCMP_H19/plasmid_AA038.fasta [in /home/kgontjes/.conda/envs/mobsuite_v3_1_9/lib/python3.11/site-packages/mob_suite/utils.py:971]
2026-02-19 13:15:58,832 root INFO: Writting plasmid sequences to /nfs/turbo/umms-esnitkin/Project_Penn_KPC/Analysis/Combination_resistance/pre-intro-blbli-resistance-ms/data/evolution_experiment/mobsuite_short/PCMP_H19/plasmid_AA019.fasta [in /home/kgontjes/.conda/envs/mobsuite_v3_1_9/lib/python3.11/site-packages/mob_suite/utils.py:971]
2026-02-19 13:16:04,906 root INFO: Writting plasmid sequences to /nfs/turbo/umms-esnitkin/Project_Penn_KPC/Analysis/Combination_resistance/pre-intro-blbli-resistance-ms/data/evolution_experiment/mobsuite_short/PCMP_H19/plasmid_AA941.fasta [in /home/kgontjes/.conda/envs/mobsuite_v3_1_9/lib/python3.11/site-packages/mob_suite/utils.py:971]
2026-02-19 13:16:05,584 root INFO: Writting plasmid sequences to /nfs/turbo/umms-esnitkin/Project_Penn_KPC/Analysis/Combination_resistance/pre-intro-blbli-resistance-ms/data/evolution_experiment/mobsuite_short/PCMP_H19/plasmid_novel_d5d812bba302dcddd07c930a9aa5aa2c.fasta [in /home/kgontjes/.conda/envs/mobsuite_v3_1_9/lib/python3.11/site-packages/mob_suite/utils.py:971]
2026-02-19 13:16:05,907 root INFO: Writting plasmid sequences to /nfs/turbo/umms-esnitkin/Project_Penn_KPC/Analysis/Combination_resistance/pre-intro-blbli-resistance-ms/data/evolution_experiment/mobsuite_short/PCMP_H19/plasmid_AD094.fasta [in /home/kgontjes/.conda/envs/mobsuite_v3_1_9/lib/python3.11/site-packages/mob_suite/utils.py:971]
2026-02-19 13:16:06,100 root INFO: Writting chromosome sequences to /nfs/turbo/umms-esnitkin/Project_Penn_KPC/Analysis/Combination_resistance/pre-intro-blbli-resistance-ms/data/evolution_experiment/mobsuite_short/PCMP_H19/chromosome.fasta [in /home/kgontjes/.conda/envs/mobsuite_v3_1_9/lib/python3.11/site-packages/mob_suite/mob_recon.py:1404]
/home/kgontjes/.conda/envs/mobsuite_v3_1_9/lib/python3.11/site-packages/mob_suite/utils.py:338: FutureWarning: the 'line_terminator'' keyword is deprecated, use 'lineterminator' instead.
  blast_df.to_csv(blast_results_file, sep='\t', header=True, line_terminator='\n', index=False)
2026-02-19 13:16:07,104 root INFO: Creating plasmid biomarkers report ... [in /home/kgontjes/.conda/envs/mobsuite_v3_1_9/lib/python3.11/site-packages/mob_suite/utils.py:1382]
2026-02-19 13:16:07,229 root INFO: Writting plasmid biomarkers report contaning 36 biomarkers [in /home/kgontjes/.conda/envs/mobsuite_v3_1_9/lib/python3.11/site-packages/mob_suite/mob_recon.py:1478]
2026-02-19 13:16:07,232 root INFO: Cleaning up temporary files /nfs/turbo/umms-esnitkin/Project_Penn_KPC/Analysis/Combination_resistance/pre-intro-blbli-resistance-ms/data/evolution_experiment/mobsuite_short/PCMP_H19/__tmp [in /home/kgontjes/.conda/envs/mobsuite_v3_1_9/lib/python3.11/site-packages/mob_suite/mob_recon.py:1484]
2026-02-19 13:16:07,251 mob_suite.mob_recon INFO: MOB-recon completed and results written to /nfs/turbo/umms-esnitkin/Project_Penn_KPC/Analysis/Combination_resistance/pre-intro-blbli-resistance-ms/data/evolution_experiment/mobsuite_short/PCMP_H19 [in /home/kgontjes/.conda/envs/mobsuite_v3_1_9/lib/python3.11/site-packages/mob_suite/mob_recon.py:1486]
Not 29_a5f168d42d3fc8acc6aa94cb0d941384_circular=false_34610 to cluster AA171 assigned as already present in cluster AA171
Not 31_2924f873b5a2913f845fac8951e82193_circular=false_32371 to cluster AA171 assigned as already present in cluster AA171
Not 35_4bf84627cfcda8394a2efa0d21d9dca3_circular=false_20652 to cluster AA171 assigned as already present in cluster AA171
Not 41_e61bb549e6fefa15a378fab4ad64ccc7_circular=false_11455 to cluster AA171 assigned as already present in cluster AA171
Not 43_8256ef21e2ac1a69273398a7a18f659d_circular=false_10524 to cluster AA171 assigned as already present in cluster AA171
Not 44_d18b2aa2a9a711cdf919ffb4effb0473_circular=false_10218 to cluster AA171 assigned as already present in cluster AA171
Not 48_a601bfdabf88291999350d21efb589cd_circular=false_6407 to cluster AA171 assigned as already present in cluster AA171
Not 50_ec272891e9e935948009ac748ee50fde_circular=false_3983 to cluster AA171 assigned as already present in cluster AA551
Not 51_6acb4c76b79915820dc4f96225617893_circular=false_3396 to cluster AA171 assigned as already present in cluster AA171
Not 53_e7f1cb26279a16995b0f7df408b089dc_circular=false_3135 to cluster AA171 assigned as already present in cluster AA171
Not 55_79f5a706f01c861d79aaaae84f6cd2f4_circular=false_2639 to cluster AA171 assigned as already present in cluster AA171
Not 61_eb244d306a9ec40046c35f7650f87e58_circular=false_1632 to cluster AA171 assigned as already present in cluster AA171
Not 68_d5adc9b6a494065080868109857c86f4_circular=false_1053 to cluster AA171 assigned as already present in cluster AA552
2026-02-19 13:11:41,374 mob_suite.mob_recon INFO: MOB-recon version 3.1.9  [in /home/kgontjes/.conda/envs/mobsuite_v3_1_9/lib/python3.11/site-packages/mob_suite/mob_recon.py:984]
2026-02-19 13:11:41,374 mob_suite.mob_recon INFO: SUCCESS: Found program blastn at /home/kgontjes/.conda/envs/mobsuite_v3_1_9/bin/blastn [in /home/kgontjes/.conda/envs/mobsuite_v3_1_9/lib/python3.11/site-packages/mob_suite/utils.py:597]
2026-02-19 13:11:41,374 mob_suite.mob_recon INFO: SUCCESS: Found program makeblastdb at /home/kgontjes/.conda/envs/mobsuite_v3_1_9/bin/makeblastdb [in /home/kgontjes/.conda/envs/mobsuite_v3_1_9/lib/python3.11/site-packages/mob_suite/utils.py:597]
2026-02-19 13:11:41,375 mob_suite.mob_recon INFO: SUCCESS: Found program tblastn at /home/kgontjes/.conda/envs/mobsuite_v3_1_9/bin/tblastn [in /home/kgontjes/.conda/envs/mobsuite_v3_1_9/lib/python3.11/site-packages/mob_suite/utils.py:597]
2026-02-19 13:11:41,377 mob_suite.mob_recon INFO: Processing fasta file /nfs/turbo/umms-esnitkin/Project_Penn_KPC/Sequence_data/assembly/illumina/spades/PCMP_H318/PCMP_H318_contigs_l1000.fasta [in /home/kgontjes/.conda/envs/mobsuite_v3_1_9/lib/python3.11/site-packages/mob_suite/mob_recon.py:1011]
2026-02-19 13:11:41,377 mob_suite.mob_recon INFO: Analysis directory /nfs/turbo/umms-esnitkin/Project_Penn_KPC/Analysis/Combination_resistance/pre-intro-blbli-resistance-ms/data/evolution_experiment/mobsuite_short/PCMP_H318 [in /home/kgontjes/.conda/envs/mobsuite_v3_1_9/lib/python3.11/site-packages/mob_suite/mob_recon.py:1012]
2026-02-19 13:11:43,658 mob_suite.mob_recon INFO: Writing cleaned header input fasta file from /nfs/turbo/umms-esnitkin/Project_Penn_KPC/Sequence_data/assembly/illumina/spades/PCMP_H318/PCMP_H318_contigs_l1000.fasta to /nfs/turbo/umms-esnitkin/Project_Penn_KPC/Analysis/Combination_resistance/pre-intro-blbli-resistance-ms/data/evolution_experiment/mobsuite_short/PCMP_H318/__tmp/fixed.input.fasta [in /home/kgontjes/.conda/envs/mobsuite_v3_1_9/lib/python3.11/site-packages/mob_suite/mob_recon.py:1107]
2026-02-19 13:11:44,763 root INFO: Blasting replicon sequences /home/kgontjes/.conda/envs/mobsuite_v3_1_9/lib/python3.11/site-packages/mob_suite/databases/rep.dna.fas against /nfs/turbo/umms-esnitkin/Project_Penn_KPC/Analysis/Combination_resistance/pre-intro-blbli-resistance-ms/data/evolution_experiment/mobsuite_short/PCMP_H318/__tmp/fixed.input.fasta [in /home/kgontjes/.conda/envs/mobsuite_v3_1_9/lib/python3.11/site-packages/mob_suite/utils.py:1163]
/home/kgontjes/.conda/envs/mobsuite_v3_1_9/lib/python3.11/site-packages/mob_suite/utils.py:338: FutureWarning: the 'line_terminator'' keyword is deprecated, use 'lineterminator' instead.
  blast_df.to_csv(blast_results_file, sep='\t', header=True, line_terminator='\n', index=False)
2026-02-19 13:11:45,575 root INFO: Filtering replicon blast results /nfs/turbo/umms-esnitkin/Project_Penn_KPC/Analysis/Combination_resistance/pre-intro-blbli-resistance-ms/data/evolution_experiment/mobsuite_short/PCMP_H318/__tmp/replicon_blast_results.txt  [in /home/kgontjes/.conda/envs/mobsuite_v3_1_9/lib/python3.11/site-packages/mob_suite/utils.py:1168]
2026-02-19 13:11:45,680 root INFO: Blasting relaxase sequences /home/kgontjes/.conda/envs/mobsuite_v3_1_9/lib/python3.11/site-packages/mob_suite/databases/mob.proteins.faa against /nfs/turbo/umms-esnitkin/Project_Penn_KPC/Analysis/Combination_resistance/pre-intro-blbli-resistance-ms/data/evolution_experiment/mobsuite_short/PCMP_H318/__tmp/fixed.input.fasta [in /home/kgontjes/.conda/envs/mobsuite_v3_1_9/lib/python3.11/site-packages/mob_suite/utils.py:1186]
/home/kgontjes/.conda/envs/mobsuite_v3_1_9/lib/python3.11/site-packages/mob_suite/utils.py:365: FutureWarning: the 'line_terminator'' keyword is deprecated, use 'lineterminator' instead.
  blast_df.to_csv(blast_results_file, sep='\t', header=True, line_terminator='\n', index=False)
2026-02-19 13:13:11,492 root INFO: Filtering relaxase blast results /nfs/turbo/umms-esnitkin/Project_Penn_KPC/Analysis/Combination_resistance/pre-intro-blbli-resistance-ms/data/evolution_experiment/mobsuite_short/PCMP_H318/__tmp/mob_blast_results.txt  [in /home/kgontjes/.conda/envs/mobsuite_v3_1_9/lib/python3.11/site-packages/mob_suite/utils.py:1191]
2026-02-19 13:13:11,544 root INFO: Blasting MPF sequences /home/kgontjes/.conda/envs/mobsuite_v3_1_9/lib/python3.11/site-packages/mob_suite/databases/mpf.proteins.faa against /nfs/turbo/umms-esnitkin/Project_Penn_KPC/Analysis/Combination_resistance/pre-intro-blbli-resistance-ms/data/evolution_experiment/mobsuite_short/PCMP_H318/__tmp/fixed.input.fasta [in /home/kgontjes/.conda/envs/mobsuite_v3_1_9/lib/python3.11/site-packages/mob_suite/utils.py:1210]
/home/kgontjes/.conda/envs/mobsuite_v3_1_9/lib/python3.11/site-packages/mob_suite/utils.py:365: FutureWarning: the 'line_terminator'' keyword is deprecated, use 'lineterminator' instead.
  blast_df.to_csv(blast_results_file, sep='\t', header=True, line_terminator='\n', index=False)
2026-02-19 13:14:11,899 root INFO: Filtering MPF blast results /nfs/turbo/umms-esnitkin/Project_Penn_KPC/Analysis/Combination_resistance/pre-intro-blbli-resistance-ms/data/evolution_experiment/mobsuite_short/PCMP_H318/__tmp/mpf_blast_results.txt  [in /home/kgontjes/.conda/envs/mobsuite_v3_1_9/lib/python3.11/site-packages/mob_suite/utils.py:1225]
2026-02-19 13:14:11,900 root INFO: Blasting orit sequences /home/kgontjes/.conda/envs/mobsuite_v3_1_9/lib/python3.11/site-packages/mob_suite/databases/orit.fas against /nfs/turbo/umms-esnitkin/Project_Penn_KPC/Analysis/Combination_resistance/pre-intro-blbli-resistance-ms/data/evolution_experiment/mobsuite_short/PCMP_H318/__tmp/fixed.input.fasta [in /home/kgontjes/.conda/envs/mobsuite_v3_1_9/lib/python3.11/site-packages/mob_suite/utils.py:1234]
/home/kgontjes/.conda/envs/mobsuite_v3_1_9/lib/python3.11/site-packages/mob_suite/utils.py:338: FutureWarning: the 'line_terminator'' keyword is deprecated, use 'lineterminator' instead.
  blast_df.to_csv(blast_results_file, sep='\t', header=True, line_terminator='\n', index=False)
2026-02-19 13:14:12,096 root INFO: Filtering orit blast results /nfs/turbo/umms-esnitkin/Project_Penn_KPC/Analysis/Combination_resistance/pre-intro-blbli-resistance-ms/data/evolution_experiment/mobsuite_short/PCMP_H318/__tmp/orit_blast_results.txt  [in /home/kgontjes/.conda/envs/mobsuite_v3_1_9/lib/python3.11/site-packages/mob_suite/utils.py:1239]
2026-02-19 13:14:12,136 root INFO: Blasting contigs against repetitive sequences db: /home/kgontjes/.conda/envs/mobsuite_v3_1_9/lib/python3.11/site-packages/mob_suite/databases/repetitive.dna.fas [in /home/kgontjes/.conda/envs/mobsuite_v3_1_9/lib/python3.11/site-packages/mob_suite/utils.py:1256]
/home/kgontjes/.conda/envs/mobsuite_v3_1_9/lib/python3.11/site-packages/mob_suite/utils.py:338: FutureWarning: the 'line_terminator'' keyword is deprecated, use 'lineterminator' instead.
  blast_df.to_csv(blast_results_file, sep='\t', header=True, line_terminator='\n', index=False)
2026-02-19 13:14:13,191 root INFO: Filtering repetitive blast results /nfs/turbo/umms-esnitkin/Project_Penn_KPC/Analysis/Combination_resistance/pre-intro-blbli-resistance-ms/data/evolution_experiment/mobsuite_short/PCMP_H318/__tmp/repetitive_blast_results.txt  [in /home/kgontjes/.conda/envs/mobsuite_v3_1_9/lib/python3.11/site-packages/mob_suite/utils.py:1260]
2026-02-19 13:14:13,203 root INFO: Filtering contig: 63_0d7673942e0f6371a9645d7f281d199b_circular=false_1388 due to repetitive sequence [in /home/kgontjes/.conda/envs/mobsuite_v3_1_9/lib/python3.11/site-packages/mob_suite/utils.py:1275]
2026-02-19 13:14:13,203 root INFO: Filtering contig: 68_d5adc9b6a494065080868109857c86f4_circular=false_1053 due to repetitive sequence [in /home/kgontjes/.conda/envs/mobsuite_v3_1_9/lib/python3.11/site-packages/mob_suite/utils.py:1275]
2026-02-19 13:14:13,203 root INFO: Filtering contig: 54_ad03cd07526299aed8b7a0b7da1bbb7e_circular=false_2695 due to repetitive sequence [in /home/kgontjes/.conda/envs/mobsuite_v3_1_9/lib/python3.11/site-packages/mob_suite/utils.py:1275]
2026-02-19 13:14:13,203 root INFO: Filtering contig: 68_d5adc9b6a494065080868109857c86f4_circular=false_1053 due to repetitive sequence [in /home/kgontjes/.conda/envs/mobsuite_v3_1_9/lib/python3.11/site-packages/mob_suite/utils.py:1275]
2026-02-19 13:14:13,203 root INFO: Filtering contig: 51_6acb4c76b79915820dc4f96225617893_circular=false_3396 due to repetitive sequence [in /home/kgontjes/.conda/envs/mobsuite_v3_1_9/lib/python3.11/site-packages/mob_suite/utils.py:1275]
2026-02-19 13:14:13,203 root INFO: Filtering contig: 68_d5adc9b6a494065080868109857c86f4_circular=false_1053 due to repetitive sequence [in /home/kgontjes/.conda/envs/mobsuite_v3_1_9/lib/python3.11/site-packages/mob_suite/utils.py:1275]
2026-02-19 13:14:13,203 root INFO: Filtering contig: 66_b14f56405e3861dc7f31d375e091e0b6_circular=false_1233 due to repetitive sequence [in /home/kgontjes/.conda/envs/mobsuite_v3_1_9/lib/python3.11/site-packages/mob_suite/utils.py:1275]
2026-02-19 13:14:13,203 root INFO: Filtering contig: 64_15871033f6603fd93a345f8fcfd2acb5_circular=false_1362 due to repetitive sequence [in /home/kgontjes/.conda/envs/mobsuite_v3_1_9/lib/python3.11/site-packages/mob_suite/utils.py:1275]
2026-02-19 13:14:13,203 root INFO: Filtering contig: 67_07a24b0decbbfe842dde5297a275bcda_circular=false_1202 due to repetitive sequence [in /home/kgontjes/.conda/envs/mobsuite_v3_1_9/lib/python3.11/site-packages/mob_suite/utils.py:1275]
2026-02-19 13:14:13,204 root INFO: Blasting contigs against reference sequence db: /home/kgontjes/.conda/envs/mobsuite_v3_1_9/lib/python3.11/site-packages/mob_suite/databases/ncbi_plasmid_full_seqs.fas [in /home/kgontjes/.conda/envs/mobsuite_v3_1_9/lib/python3.11/site-packages/mob_suite/mob_recon.py:1264]
/home/kgontjes/.conda/envs/mobsuite_v3_1_9/lib/python3.11/site-packages/mob_suite/utils.py:338: FutureWarning: the 'line_terminator'' keyword is deprecated, use 'lineterminator' instead.
  blast_df.to_csv(blast_results_file, sep='\t', header=True, line_terminator='\n', index=False)
2026-02-19 13:15:35,252 root INFO: Filtering contig blast results: /nfs/turbo/umms-esnitkin/Project_Penn_KPC/Analysis/Combination_resistance/pre-intro-blbli-resistance-ms/data/evolution_experiment/mobsuite_short/PCMP_H318/__tmp/contig_blast_results.txt [in /home/kgontjes/.conda/envs/mobsuite_v3_1_9/lib/python3.11/site-packages/mob_suite/mob_recon.py:1269]
2026-02-19 13:15:38,914 root INFO: Assigning contigs to plasmid groups [in /home/kgontjes/.conda/envs/mobsuite_v3_1_9/lib/python3.11/site-packages/mob_suite/mob_recon.py:1284]
2026-02-19 13:15:51,427 root INFO: Writting contig results to /nfs/turbo/umms-esnitkin/Project_Penn_KPC/Analysis/Combination_resistance/pre-intro-blbli-resistance-ms/data/evolution_experiment/mobsuite_short/PCMP_H318/contig_report.txt [in /home/kgontjes/.conda/envs/mobsuite_v3_1_9/lib/python3.11/site-packages/mob_suite/mob_recon.py:1387]
2026-02-19 13:15:53,015 root INFO: Writting plasmid sequences to /nfs/turbo/umms-esnitkin/Project_Penn_KPC/Analysis/Combination_resistance/pre-intro-blbli-resistance-ms/data/evolution_experiment/mobsuite_short/PCMP_H318/plasmid_AA018.fasta [in /home/kgontjes/.conda/envs/mobsuite_v3_1_9/lib/python3.11/site-packages/mob_suite/utils.py:971]
2026-02-19 13:15:59,721 root INFO: Writting plasmid sequences to /nfs/turbo/umms-esnitkin/Project_Penn_KPC/Analysis/Combination_resistance/pre-intro-blbli-resistance-ms/data/evolution_experiment/mobsuite_short/PCMP_H318/plasmid_AA552.fasta [in /home/kgontjes/.conda/envs/mobsuite_v3_1_9/lib/python3.11/site-packages/mob_suite/utils.py:971]
2026-02-19 13:16:01,877 root INFO: Writting plasmid sequences to /nfs/turbo/umms-esnitkin/Project_Penn_KPC/Analysis/Combination_resistance/pre-intro-blbli-resistance-ms/data/evolution_experiment/mobsuite_short/PCMP_H318/plasmid_AA171.fasta [in /home/kgontjes/.conda/envs/mobsuite_v3_1_9/lib/python3.11/site-packages/mob_suite/utils.py:971]
2026-02-19 13:16:07,983 root INFO: Writting plasmid sequences to /nfs/turbo/umms-esnitkin/Project_Penn_KPC/Analysis/Combination_resistance/pre-intro-blbli-resistance-ms/data/evolution_experiment/mobsuite_short/PCMP_H318/plasmid_AA941.fasta [in /home/kgontjes/.conda/envs/mobsuite_v3_1_9/lib/python3.11/site-packages/mob_suite/utils.py:971]
2026-02-19 13:16:09,012 root INFO: Writting plasmid sequences to /nfs/turbo/umms-esnitkin/Project_Penn_KPC/Analysis/Combination_resistance/pre-intro-blbli-resistance-ms/data/evolution_experiment/mobsuite_short/PCMP_H318/plasmid_AB957.fasta [in /home/kgontjes/.conda/envs/mobsuite_v3_1_9/lib/python3.11/site-packages/mob_suite/utils.py:971]
2026-02-19 13:16:09,276 root INFO: Writting chromosome sequences to /nfs/turbo/umms-esnitkin/Project_Penn_KPC/Analysis/Combination_resistance/pre-intro-blbli-resistance-ms/data/evolution_experiment/mobsuite_short/PCMP_H318/chromosome.fasta [in /home/kgontjes/.conda/envs/mobsuite_v3_1_9/lib/python3.11/site-packages/mob_suite/mob_recon.py:1404]
/home/kgontjes/.conda/envs/mobsuite_v3_1_9/lib/python3.11/site-packages/mob_suite/utils.py:338: FutureWarning: the 'line_terminator'' keyword is deprecated, use 'lineterminator' instead.
  blast_df.to_csv(blast_results_file, sep='\t', header=True, line_terminator='\n', index=False)
2026-02-19 13:16:10,302 root INFO: Creating plasmid biomarkers report ... [in /home/kgontjes/.conda/envs/mobsuite_v3_1_9/lib/python3.11/site-packages/mob_suite/utils.py:1382]
2026-02-19 13:16:10,550 root INFO: Writting plasmid biomarkers report contaning 45 biomarkers [in /home/kgontjes/.conda/envs/mobsuite_v3_1_9/lib/python3.11/site-packages/mob_suite/mob_recon.py:1478]
2026-02-19 13:16:10,554 root INFO: Cleaning up temporary files /nfs/turbo/umms-esnitkin/Project_Penn_KPC/Analysis/Combination_resistance/pre-intro-blbli-resistance-ms/data/evolution_experiment/mobsuite_short/PCMP_H318/__tmp [in /home/kgontjes/.conda/envs/mobsuite_v3_1_9/lib/python3.11/site-packages/mob_suite/mob_recon.py:1484]
2026-02-19 13:16:10,573 mob_suite.mob_recon INFO: MOB-recon completed and results written to /nfs/turbo/umms-esnitkin/Project_Penn_KPC/Analysis/Combination_resistance/pre-intro-blbli-resistance-ms/data/evolution_experiment/mobsuite_short/PCMP_H318 [in /home/kgontjes/.conda/envs/mobsuite_v3_1_9/lib/python3.11/site-packages/mob_suite/mob_recon.py:1486]
Not 29_2a2da74ab2b3f21e255304424f3d9b54_circular=false_35371 to cluster AA032 assigned as already present in cluster AA274
Not 35_2ca7e55f0c465e5c733470cb8b87538e_circular=false_25468 to cluster AA032 assigned as already present in cluster AA274
Not 51_dacd61a2f7f9a3f5a71edf91bbe95384_circular=false_10005 to cluster AA032 assigned as already present in cluster AA274
Not 60_3dd053b8f96f3079982422855aee8d79_circular=false_6733 to cluster AA032 assigned as already present in cluster AA274
Not 68_3f9a9db77368e2ca242b8c5aed7eda30_circular=false_4135 to cluster AA032 assigned as already present in cluster AA541
Not 75_c2c1db7d88b3de2fac9fcf30c8652e2a_circular=false_2027 to cluster AA032 assigned as already present in cluster AA274
Not 77_3779ef2ddee3817106a56dd8c5010b75_circular=false_1800 to cluster AA032 assigned as already present in cluster AA274
Not 86_56bcfdbe0c902890e781894501508f2e_circular=false_1341 to cluster AA032 assigned as already present in cluster AA275
Not 87_9e767052649d24ed05dceaf10fe353ee_circular=false_1338 to cluster AA032 assigned as already present in cluster AA275
Not 92_cb513b76b79fee96d1d45e8af823594b_circular=false_1240 to cluster AA032 assigned as already present in cluster AA541
Not 93_606ee60298c7b2f0e27b703b40145531_circular=false_1196 to cluster AA032 assigned as already present in cluster AA274
Not 96_8b619fba5606082fa5a84eb9c6fbbc27_circular=false_1051 to cluster AA032 assigned as already present in cluster AA275
Not 26_affa0b841ed41701954947c707f8e46c_circular=false_53230 to cluster AB531 assigned as already present in cluster AB531
Not 93_606ee60298c7b2f0e27b703b40145531_circular=false_1196 to cluster AB531 assigned as already present in cluster AA274
Not 29_2a2da74ab2b3f21e255304424f3d9b54_circular=false_35371 to cluster AA860 assigned as already present in cluster AA274
Not 32_a340413d9503912294bca086d96cfbec_circular=false_27291 to cluster AA860 assigned as already present in cluster AA275
Not 34_33e3229a4dd4d464a0c3f68944f00fb4_circular=false_26261 to cluster AA860 assigned as already present in cluster AD548
Not 36_ec3fc0e3d87dd36cc6ee2dfe21a1dbb3_circular=false_24404 to cluster AA860 assigned as already present in cluster AA274
Not 38_cd177dbf4e65459f319e2fdad2cf097c_circular=false_22492 to cluster AA860 assigned as already present in cluster AA274
Not 55_58e542ed2169555ed45739fc55ef4b6c_circular=false_7831 to cluster AA860 assigned as already present in cluster AA274
Not 57_f5f17257703a00a594bc4a5de8066b78_circular=false_7700 to cluster AA860 assigned as already present in cluster AA275
Not 60_3dd053b8f96f3079982422855aee8d79_circular=false_6733 to cluster AA860 assigned as already present in cluster AA274
Not 61_6746fa44fc7ad76a9f895bfee13e7337_circular=false_6048 to cluster AA860 assigned as already present in cluster AA274
Not 64_e1df22777885d486be5f485ca2e110c0_circular=false_5054 to cluster AA860 assigned as already present in cluster AA274
Not 66_b96dd7d7bc491da60024364c3fc84633_circular=false_4718 to cluster AA860 assigned as already present in cluster AA274
Not 67_ae70a9ab7a7ab153f97fab97a6ab9905_circular=false_4677 to cluster AA860 assigned as already present in cluster AA274
Not 69_4a528463a1b1de24c76e374ea1415ce8_circular=false_3773 to cluster AA860 assigned as already present in cluster AA274
Not 71_e872d3a3d173900325f4ab395f1e8041_circular=false_3486 to cluster AA860 assigned as already present in cluster AA275
Not 74_9433c3081208696a81fd78e98520ce87_circular=false_2063 to cluster AA860 assigned as already present in cluster AA274
Not 75_c2c1db7d88b3de2fac9fcf30c8652e2a_circular=false_2027 to cluster AA860 assigned as already present in cluster AA274
Not 76_86c1d212c1dae813d58460dbe399ee63_circular=false_1956 to cluster AA860 assigned as already present in cluster AA275
Not 77_3779ef2ddee3817106a56dd8c5010b75_circular=false_1800 to cluster AA860 assigned as already present in cluster AA274
Not 78_1a81282b211d6d13415d8623537c03b1_circular=false_1760 to cluster AA860 assigned as already present in cluster AA275
Not 79_5a7ac64c1f9999a363fa89ea8a288534_circular=false_1751 to cluster AA860 assigned as already present in cluster AA274
Not 80_c0324e1416ac30022b8923d19ca0e3d2_circular=false_1699 to cluster AA860 assigned as already present in cluster AA275
Not 81_6d81dfb29478d18f91edb0c65c4b5e49_circular=false_1688 to cluster AA860 assigned as already present in cluster AA274
Not 82_eebd27df2140702c4794c8a0571feacc_circular=false_1564 to cluster AA860 assigned as already present in cluster AA275
Not 83_3d7316594aca72987e9ba6a6d072da2e_circular=false_1454 to cluster AA860 assigned as already present in cluster AA274
Not 85_0522037526f4443856287c633ec4756c_circular=false_1368 to cluster AA860 assigned as already present in cluster AA434
Not 86_56bcfdbe0c902890e781894501508f2e_circular=false_1341 to cluster AA860 assigned as already present in cluster AA275
Not 87_9e767052649d24ed05dceaf10fe353ee_circular=false_1338 to cluster AA860 assigned as already present in cluster AA275
Not 89_05d5dd54e86af5faf56cf05ffd012ac2_circular=false_1291 to cluster AA860 assigned as already present in cluster AA275
Not 90_e25f78961d9efc04da85510447144fce_circular=false_1286 to cluster AA860 assigned as already present in cluster AA434
Not 93_606ee60298c7b2f0e27b703b40145531_circular=false_1196 to cluster AA860 assigned as already present in cluster AA274
Not 94_e8ec8f84b2d4dddf77aeff46d44d3f2b_circular=false_1155 to cluster AA860 assigned as already present in cluster AA274
Not 96_8b619fba5606082fa5a84eb9c6fbbc27_circular=false_1051 to cluster AA860 assigned as already present in cluster AA275
Not 97_be5774afe29cfd1638af8ec674acfd37_circular=false_1006 to cluster AA860 assigned as already present in cluster AA275
2026-02-19 13:11:41,387 mob_suite.mob_recon INFO: MOB-recon version 3.1.9  [in /home/kgontjes/.conda/envs/mobsuite_v3_1_9/lib/python3.11/site-packages/mob_suite/mob_recon.py:984]
2026-02-19 13:11:41,387 mob_suite.mob_recon INFO: SUCCESS: Found program blastn at /home/kgontjes/.conda/envs/mobsuite_v3_1_9/bin/blastn [in /home/kgontjes/.conda/envs/mobsuite_v3_1_9/lib/python3.11/site-packages/mob_suite/utils.py:597]
2026-02-19 13:11:41,387 mob_suite.mob_recon INFO: SUCCESS: Found program makeblastdb at /home/kgontjes/.conda/envs/mobsuite_v3_1_9/bin/makeblastdb [in /home/kgontjes/.conda/envs/mobsuite_v3_1_9/lib/python3.11/site-packages/mob_suite/utils.py:597]
2026-02-19 13:11:41,387 mob_suite.mob_recon INFO: SUCCESS: Found program tblastn at /home/kgontjes/.conda/envs/mobsuite_v3_1_9/bin/tblastn [in /home/kgontjes/.conda/envs/mobsuite_v3_1_9/lib/python3.11/site-packages/mob_suite/utils.py:597]
2026-02-19 13:11:41,389 mob_suite.mob_recon INFO: Processing fasta file /nfs/turbo/umms-esnitkin/Project_Penn_KPC/Sequence_data/assembly/illumina/spades/PCMP_H226/PCMP_H226_contigs_l1000.fasta [in /home/kgontjes/.conda/envs/mobsuite_v3_1_9/lib/python3.11/site-packages/mob_suite/mob_recon.py:1011]
2026-02-19 13:11:41,389 mob_suite.mob_recon INFO: Analysis directory /nfs/turbo/umms-esnitkin/Project_Penn_KPC/Analysis/Combination_resistance/pre-intro-blbli-resistance-ms/data/evolution_experiment/mobsuite_short/PCMP_H226 [in /home/kgontjes/.conda/envs/mobsuite_v3_1_9/lib/python3.11/site-packages/mob_suite/mob_recon.py:1012]
2026-02-19 13:11:44,187 mob_suite.mob_recon INFO: Writing cleaned header input fasta file from /nfs/turbo/umms-esnitkin/Project_Penn_KPC/Sequence_data/assembly/illumina/spades/PCMP_H226/PCMP_H226_contigs_l1000.fasta to /nfs/turbo/umms-esnitkin/Project_Penn_KPC/Analysis/Combination_resistance/pre-intro-blbli-resistance-ms/data/evolution_experiment/mobsuite_short/PCMP_H226/__tmp/fixed.input.fasta [in /home/kgontjes/.conda/envs/mobsuite_v3_1_9/lib/python3.11/site-packages/mob_suite/mob_recon.py:1107]
2026-02-19 13:11:44,763 root INFO: Blasting replicon sequences /home/kgontjes/.conda/envs/mobsuite_v3_1_9/lib/python3.11/site-packages/mob_suite/databases/rep.dna.fas against /nfs/turbo/umms-esnitkin/Project_Penn_KPC/Analysis/Combination_resistance/pre-intro-blbli-resistance-ms/data/evolution_experiment/mobsuite_short/PCMP_H226/__tmp/fixed.input.fasta [in /home/kgontjes/.conda/envs/mobsuite_v3_1_9/lib/python3.11/site-packages/mob_suite/utils.py:1163]
/home/kgontjes/.conda/envs/mobsuite_v3_1_9/lib/python3.11/site-packages/mob_suite/utils.py:338: FutureWarning: the 'line_terminator'' keyword is deprecated, use 'lineterminator' instead.
  blast_df.to_csv(blast_results_file, sep='\t', header=True, line_terminator='\n', index=False)
2026-02-19 13:11:45,567 root INFO: Filtering replicon blast results /nfs/turbo/umms-esnitkin/Project_Penn_KPC/Analysis/Combination_resistance/pre-intro-blbli-resistance-ms/data/evolution_experiment/mobsuite_short/PCMP_H226/__tmp/replicon_blast_results.txt  [in /home/kgontjes/.conda/envs/mobsuite_v3_1_9/lib/python3.11/site-packages/mob_suite/utils.py:1168]
2026-02-19 13:11:45,632 root INFO: Blasting relaxase sequences /home/kgontjes/.conda/envs/mobsuite_v3_1_9/lib/python3.11/site-packages/mob_suite/databases/mob.proteins.faa against /nfs/turbo/umms-esnitkin/Project_Penn_KPC/Analysis/Combination_resistance/pre-intro-blbli-resistance-ms/data/evolution_experiment/mobsuite_short/PCMP_H226/__tmp/fixed.input.fasta [in /home/kgontjes/.conda/envs/mobsuite_v3_1_9/lib/python3.11/site-packages/mob_suite/utils.py:1186]
/home/kgontjes/.conda/envs/mobsuite_v3_1_9/lib/python3.11/site-packages/mob_suite/utils.py:365: FutureWarning: the 'line_terminator'' keyword is deprecated, use 'lineterminator' instead.
  blast_df.to_csv(blast_results_file, sep='\t', header=True, line_terminator='\n', index=False)
2026-02-19 13:13:11,565 root INFO: Filtering relaxase blast results /nfs/turbo/umms-esnitkin/Project_Penn_KPC/Analysis/Combination_resistance/pre-intro-blbli-resistance-ms/data/evolution_experiment/mobsuite_short/PCMP_H226/__tmp/mob_blast_results.txt  [in /home/kgontjes/.conda/envs/mobsuite_v3_1_9/lib/python3.11/site-packages/mob_suite/utils.py:1191]
2026-02-19 13:13:11,589 root INFO: Blasting MPF sequences /home/kgontjes/.conda/envs/mobsuite_v3_1_9/lib/python3.11/site-packages/mob_suite/databases/mpf.proteins.faa against /nfs/turbo/umms-esnitkin/Project_Penn_KPC/Analysis/Combination_resistance/pre-intro-blbli-resistance-ms/data/evolution_experiment/mobsuite_short/PCMP_H226/__tmp/fixed.input.fasta [in /home/kgontjes/.conda/envs/mobsuite_v3_1_9/lib/python3.11/site-packages/mob_suite/utils.py:1210]
/home/kgontjes/.conda/envs/mobsuite_v3_1_9/lib/python3.11/site-packages/mob_suite/utils.py:365: FutureWarning: the 'line_terminator'' keyword is deprecated, use 'lineterminator' instead.
  blast_df.to_csv(blast_results_file, sep='\t', header=True, line_terminator='\n', index=False)
2026-02-19 13:14:11,996 root INFO: Filtering MPF blast results /nfs/turbo/umms-esnitkin/Project_Penn_KPC/Analysis/Combination_resistance/pre-intro-blbli-resistance-ms/data/evolution_experiment/mobsuite_short/PCMP_H226/__tmp/mpf_blast_results.txt  [in /home/kgontjes/.conda/envs/mobsuite_v3_1_9/lib/python3.11/site-packages/mob_suite/utils.py:1225]
2026-02-19 13:14:11,997 root INFO: Blasting orit sequences /home/kgontjes/.conda/envs/mobsuite_v3_1_9/lib/python3.11/site-packages/mob_suite/databases/orit.fas against /nfs/turbo/umms-esnitkin/Project_Penn_KPC/Analysis/Combination_resistance/pre-intro-blbli-resistance-ms/data/evolution_experiment/mobsuite_short/PCMP_H226/__tmp/fixed.input.fasta [in /home/kgontjes/.conda/envs/mobsuite_v3_1_9/lib/python3.11/site-packages/mob_suite/utils.py:1234]
/home/kgontjes/.conda/envs/mobsuite_v3_1_9/lib/python3.11/site-packages/mob_suite/utils.py:338: FutureWarning: the 'line_terminator'' keyword is deprecated, use 'lineterminator' instead.
  blast_df.to_csv(blast_results_file, sep='\t', header=True, line_terminator='\n', index=False)
2026-02-19 13:14:12,200 root INFO: Filtering orit blast results /nfs/turbo/umms-esnitkin/Project_Penn_KPC/Analysis/Combination_resistance/pre-intro-blbli-resistance-ms/data/evolution_experiment/mobsuite_short/PCMP_H226/__tmp/orit_blast_results.txt  [in /home/kgontjes/.conda/envs/mobsuite_v3_1_9/lib/python3.11/site-packages/mob_suite/utils.py:1239]
2026-02-19 13:14:12,235 root INFO: Blasting contigs against repetitive sequences db: /home/kgontjes/.conda/envs/mobsuite_v3_1_9/lib/python3.11/site-packages/mob_suite/databases/repetitive.dna.fas [in /home/kgontjes/.conda/envs/mobsuite_v3_1_9/lib/python3.11/site-packages/mob_suite/utils.py:1256]
/home/kgontjes/.conda/envs/mobsuite_v3_1_9/lib/python3.11/site-packages/mob_suite/utils.py:338: FutureWarning: the 'line_terminator'' keyword is deprecated, use 'lineterminator' instead.
  blast_df.to_csv(blast_results_file, sep='\t', header=True, line_terminator='\n', index=False)
2026-02-19 13:14:13,380 root INFO: Filtering repetitive blast results /nfs/turbo/umms-esnitkin/Project_Penn_KPC/Analysis/Combination_resistance/pre-intro-blbli-resistance-ms/data/evolution_experiment/mobsuite_short/PCMP_H226/__tmp/repetitive_blast_results.txt  [in /home/kgontjes/.conda/envs/mobsuite_v3_1_9/lib/python3.11/site-packages/mob_suite/utils.py:1260]
2026-02-19 13:14:13,424 root INFO: Filtering contig: 75_c2c1db7d88b3de2fac9fcf30c8652e2a_circular=false_2027 due to repetitive sequence [in /home/kgontjes/.conda/envs/mobsuite_v3_1_9/lib/python3.11/site-packages/mob_suite/utils.py:1275]
2026-02-19 13:14:13,424 root INFO: Filtering contig: 97_be5774afe29cfd1638af8ec674acfd37_circular=false_1006 due to repetitive sequence [in /home/kgontjes/.conda/envs/mobsuite_v3_1_9/lib/python3.11/site-packages/mob_suite/utils.py:1275]
2026-02-19 13:14:13,424 root INFO: Filtering contig: 78_1a81282b211d6d13415d8623537c03b1_circular=false_1760 due to repetitive sequence [in /home/kgontjes/.conda/envs/mobsuite_v3_1_9/lib/python3.11/site-packages/mob_suite/utils.py:1275]
2026-02-19 13:14:13,424 root INFO: Filtering contig: 85_0522037526f4443856287c633ec4756c_circular=false_1368 due to repetitive sequence [in /home/kgontjes/.conda/envs/mobsuite_v3_1_9/lib/python3.11/site-packages/mob_suite/utils.py:1275]
2026-02-19 13:14:13,424 root INFO: Filtering contig: 59_82e032be74ef7098703760a0afa600db_circular=false_7081 due to repetitive sequence [in /home/kgontjes/.conda/envs/mobsuite_v3_1_9/lib/python3.11/site-packages/mob_suite/utils.py:1275]
2026-02-19 13:14:13,424 root INFO: Filtering contig: 75_c2c1db7d88b3de2fac9fcf30c8652e2a_circular=false_2027 due to repetitive sequence [in /home/kgontjes/.conda/envs/mobsuite_v3_1_9/lib/python3.11/site-packages/mob_suite/utils.py:1275]
2026-02-19 13:14:13,424 root INFO: Filtering contig: 86_56bcfdbe0c902890e781894501508f2e_circular=false_1341 due to repetitive sequence [in /home/kgontjes/.conda/envs/mobsuite_v3_1_9/lib/python3.11/site-packages/mob_suite/utils.py:1275]
2026-02-19 13:14:13,424 root INFO: Filtering contig: 87_9e767052649d24ed05dceaf10fe353ee_circular=false_1338 due to repetitive sequence [in /home/kgontjes/.conda/envs/mobsuite_v3_1_9/lib/python3.11/site-packages/mob_suite/utils.py:1275]
2026-02-19 13:14:13,424 root INFO: Filtering contig: 86_56bcfdbe0c902890e781894501508f2e_circular=false_1341 due to repetitive sequence [in /home/kgontjes/.conda/envs/mobsuite_v3_1_9/lib/python3.11/site-packages/mob_suite/utils.py:1275]
2026-02-19 13:14:13,424 root INFO: Filtering contig: 87_9e767052649d24ed05dceaf10fe353ee_circular=false_1338 due to repetitive sequence [in /home/kgontjes/.conda/envs/mobsuite_v3_1_9/lib/python3.11/site-packages/mob_suite/utils.py:1275]
2026-02-19 13:14:13,424 root INFO: Filtering contig: 86_56bcfdbe0c902890e781894501508f2e_circular=false_1341 due to repetitive sequence [in /home/kgontjes/.conda/envs/mobsuite_v3_1_9/lib/python3.11/site-packages/mob_suite/utils.py:1275]
2026-02-19 13:14:13,424 root INFO: Filtering contig: 75_c2c1db7d88b3de2fac9fcf30c8652e2a_circular=false_2027 due to repetitive sequence [in /home/kgontjes/.conda/envs/mobsuite_v3_1_9/lib/python3.11/site-packages/mob_suite/utils.py:1275]
2026-02-19 13:14:13,424 root INFO: Filtering contig: 97_be5774afe29cfd1638af8ec674acfd37_circular=false_1006 due to repetitive sequence [in /home/kgontjes/.conda/envs/mobsuite_v3_1_9/lib/python3.11/site-packages/mob_suite/utils.py:1275]
2026-02-19 13:14:13,424 root INFO: Filtering contig: 75_c2c1db7d88b3de2fac9fcf30c8652e2a_circular=false_2027 due to repetitive sequence [in /home/kgontjes/.conda/envs/mobsuite_v3_1_9/lib/python3.11/site-packages/mob_suite/utils.py:1275]
2026-02-19 13:14:13,424 root INFO: Filtering contig: 97_be5774afe29cfd1638af8ec674acfd37_circular=false_1006 due to repetitive sequence [in /home/kgontjes/.conda/envs/mobsuite_v3_1_9/lib/python3.11/site-packages/mob_suite/utils.py:1275]
2026-02-19 13:14:13,424 root INFO: Filtering contig: 70_d5e09939fa8d546538d01cda8497120b_circular=false_3764 due to repetitive sequence [in /home/kgontjes/.conda/envs/mobsuite_v3_1_9/lib/python3.11/site-packages/mob_suite/utils.py:1275]
2026-02-19 13:14:13,424 root INFO: Filtering contig: 97_be5774afe29cfd1638af8ec674acfd37_circular=false_1006 due to repetitive sequence [in /home/kgontjes/.conda/envs/mobsuite_v3_1_9/lib/python3.11/site-packages/mob_suite/utils.py:1275]
2026-02-19 13:14:13,424 root INFO: Filtering contig: 93_606ee60298c7b2f0e27b703b40145531_circular=false_1196 due to repetitive sequence [in /home/kgontjes/.conda/envs/mobsuite_v3_1_9/lib/python3.11/site-packages/mob_suite/utils.py:1275]
2026-02-19 13:14:13,424 root INFO: Filtering contig: 87_9e767052649d24ed05dceaf10fe353ee_circular=false_1338 due to repetitive sequence [in /home/kgontjes/.conda/envs/mobsuite_v3_1_9/lib/python3.11/site-packages/mob_suite/utils.py:1275]
2026-02-19 13:14:13,424 root INFO: Filtering contig: 86_56bcfdbe0c902890e781894501508f2e_circular=false_1341 due to repetitive sequence [in /home/kgontjes/.conda/envs/mobsuite_v3_1_9/lib/python3.11/site-packages/mob_suite/utils.py:1275]
2026-02-19 13:14:13,424 root INFO: Filtering contig: 75_c2c1db7d88b3de2fac9fcf30c8652e2a_circular=false_2027 due to repetitive sequence [in /home/kgontjes/.conda/envs/mobsuite_v3_1_9/lib/python3.11/site-packages/mob_suite/utils.py:1275]
2026-02-19 13:14:13,424 root INFO: Filtering contig: 96_8b619fba5606082fa5a84eb9c6fbbc27_circular=false_1051 due to repetitive sequence [in /home/kgontjes/.conda/envs/mobsuite_v3_1_9/lib/python3.11/site-packages/mob_suite/utils.py:1275]
2026-02-19 13:14:13,424 root INFO: Filtering contig: 75_c2c1db7d88b3de2fac9fcf30c8652e2a_circular=false_2027 due to repetitive sequence [in /home/kgontjes/.conda/envs/mobsuite_v3_1_9/lib/python3.11/site-packages/mob_suite/utils.py:1275]
2026-02-19 13:14:13,424 root INFO: Filtering contig: 63_4c03099059b9c3fb431ba01276e7dda9_circular=false_5445 due to repetitive sequence [in /home/kgontjes/.conda/envs/mobsuite_v3_1_9/lib/python3.11/site-packages/mob_suite/utils.py:1275]
2026-02-19 13:14:13,424 root INFO: Filtering contig: 97_be5774afe29cfd1638af8ec674acfd37_circular=false_1006 due to repetitive sequence [in /home/kgontjes/.conda/envs/mobsuite_v3_1_9/lib/python3.11/site-packages/mob_suite/utils.py:1275]
2026-02-19 13:14:13,424 root INFO: Filtering contig: 75_c2c1db7d88b3de2fac9fcf30c8652e2a_circular=false_2027 due to repetitive sequence [in /home/kgontjes/.conda/envs/mobsuite_v3_1_9/lib/python3.11/site-packages/mob_suite/utils.py:1275]
2026-02-19 13:14:13,424 root INFO: Filtering contig: 78_1a81282b211d6d13415d8623537c03b1_circular=false_1760 due to repetitive sequence [in /home/kgontjes/.conda/envs/mobsuite_v3_1_9/lib/python3.11/site-packages/mob_suite/utils.py:1275]
2026-02-19 13:14:13,424 root INFO: Filtering contig: 83_3d7316594aca72987e9ba6a6d072da2e_circular=false_1454 due to repetitive sequence [in /home/kgontjes/.conda/envs/mobsuite_v3_1_9/lib/python3.11/site-packages/mob_suite/utils.py:1275]
2026-02-19 13:14:13,424 root INFO: Filtering contig: 96_8b619fba5606082fa5a84eb9c6fbbc27_circular=false_1051 due to repetitive sequence [in /home/kgontjes/.conda/envs/mobsuite_v3_1_9/lib/python3.11/site-packages/mob_suite/utils.py:1275]
2026-02-19 13:14:13,424 root INFO: Filtering contig: 97_be5774afe29cfd1638af8ec674acfd37_circular=false_1006 due to repetitive sequence [in /home/kgontjes/.conda/envs/mobsuite_v3_1_9/lib/python3.11/site-packages/mob_suite/utils.py:1275]
2026-02-19 13:14:13,424 root INFO: Filtering contig: 93_606ee60298c7b2f0e27b703b40145531_circular=false_1196 due to repetitive sequence [in /home/kgontjes/.conda/envs/mobsuite_v3_1_9/lib/python3.11/site-packages/mob_suite/utils.py:1275]
2026-02-19 13:14:13,424 root INFO: Filtering contig: 81_6d81dfb29478d18f91edb0c65c4b5e49_circular=false_1688 due to repetitive sequence [in /home/kgontjes/.conda/envs/mobsuite_v3_1_9/lib/python3.11/site-packages/mob_suite/utils.py:1275]
2026-02-19 13:14:13,424 root INFO: Filtering contig: 83_3d7316594aca72987e9ba6a6d072da2e_circular=false_1454 due to repetitive sequence [in /home/kgontjes/.conda/envs/mobsuite_v3_1_9/lib/python3.11/site-packages/mob_suite/utils.py:1275]
2026-02-19 13:14:13,424 root INFO: Filtering contig: 96_8b619fba5606082fa5a84eb9c6fbbc27_circular=false_1051 due to repetitive sequence [in /home/kgontjes/.conda/envs/mobsuite_v3_1_9/lib/python3.11/site-packages/mob_suite/utils.py:1275]
2026-02-19 13:14:13,424 root INFO: Filtering contig: 70_d5e09939fa8d546538d01cda8497120b_circular=false_3764 due to repetitive sequence [in /home/kgontjes/.conda/envs/mobsuite_v3_1_9/lib/python3.11/site-packages/mob_suite/utils.py:1275]
2026-02-19 13:14:13,424 root INFO: Filtering contig: 93_606ee60298c7b2f0e27b703b40145531_circular=false_1196 due to repetitive sequence [in /home/kgontjes/.conda/envs/mobsuite_v3_1_9/lib/python3.11/site-packages/mob_suite/utils.py:1275]
2026-02-19 13:14:13,424 root INFO: Filtering contig: 71_e872d3a3d173900325f4ab395f1e8041_circular=false_3486 due to repetitive sequence [in /home/kgontjes/.conda/envs/mobsuite_v3_1_9/lib/python3.11/site-packages/mob_suite/utils.py:1275]
2026-02-19 13:14:13,424 root INFO: Filtering contig: 97_be5774afe29cfd1638af8ec674acfd37_circular=false_1006 due to repetitive sequence [in /home/kgontjes/.conda/envs/mobsuite_v3_1_9/lib/python3.11/site-packages/mob_suite/utils.py:1275]
2026-02-19 13:14:13,424 root INFO: Filtering contig: 75_c2c1db7d88b3de2fac9fcf30c8652e2a_circular=false_2027 due to repetitive sequence [in /home/kgontjes/.conda/envs/mobsuite_v3_1_9/lib/python3.11/site-packages/mob_suite/utils.py:1275]
2026-02-19 13:14:13,424 root INFO: Filtering contig: 87_9e767052649d24ed05dceaf10fe353ee_circular=false_1338 due to repetitive sequence [in /home/kgontjes/.conda/envs/mobsuite_v3_1_9/lib/python3.11/site-packages/mob_suite/utils.py:1275]
2026-02-19 13:14:13,424 root INFO: Filtering contig: 75_c2c1db7d88b3de2fac9fcf30c8652e2a_circular=false_2027 due to repetitive sequence [in /home/kgontjes/.conda/envs/mobsuite_v3_1_9/lib/python3.11/site-packages/mob_suite/utils.py:1275]
2026-02-19 13:14:13,424 root INFO: Filtering contig: 86_56bcfdbe0c902890e781894501508f2e_circular=false_1341 due to repetitive sequence [in /home/kgontjes/.conda/envs/mobsuite_v3_1_9/lib/python3.11/site-packages/mob_suite/utils.py:1275]
2026-02-19 13:14:13,424 root INFO: Filtering contig: 87_9e767052649d24ed05dceaf10fe353ee_circular=false_1338 due to repetitive sequence [in /home/kgontjes/.conda/envs/mobsuite_v3_1_9/lib/python3.11/site-packages/mob_suite/utils.py:1275]
2026-02-19 13:14:13,424 root INFO: Filtering contig: 59_82e032be74ef7098703760a0afa600db_circular=false_7081 due to repetitive sequence [in /home/kgontjes/.conda/envs/mobsuite_v3_1_9/lib/python3.11/site-packages/mob_suite/utils.py:1275]
2026-02-19 13:14:13,424 root INFO: Filtering contig: 78_1a81282b211d6d13415d8623537c03b1_circular=false_1760 due to repetitive sequence [in /home/kgontjes/.conda/envs/mobsuite_v3_1_9/lib/python3.11/site-packages/mob_suite/utils.py:1275]
2026-02-19 13:14:13,424 root INFO: Filtering contig: 75_c2c1db7d88b3de2fac9fcf30c8652e2a_circular=false_2027 due to repetitive sequence [in /home/kgontjes/.conda/envs/mobsuite_v3_1_9/lib/python3.11/site-packages/mob_suite/utils.py:1275]
2026-02-19 13:14:13,425 root INFO: Filtering contig: 96_8b619fba5606082fa5a84eb9c6fbbc27_circular=false_1051 due to repetitive sequence [in /home/kgontjes/.conda/envs/mobsuite_v3_1_9/lib/python3.11/site-packages/mob_suite/utils.py:1275]
2026-02-19 13:14:13,425 root INFO: Filtering contig: 70_d5e09939fa8d546538d01cda8497120b_circular=false_3764 due to repetitive sequence [in /home/kgontjes/.conda/envs/mobsuite_v3_1_9/lib/python3.11/site-packages/mob_suite/utils.py:1275]
2026-02-19 13:14:13,425 root INFO: Filtering contig: 96_8b619fba5606082fa5a84eb9c6fbbc27_circular=false_1051 due to repetitive sequence [in /home/kgontjes/.conda/envs/mobsuite_v3_1_9/lib/python3.11/site-packages/mob_suite/utils.py:1275]
2026-02-19 13:14:13,425 root INFO: Filtering contig: 75_c2c1db7d88b3de2fac9fcf30c8652e2a_circular=false_2027 due to repetitive sequence [in /home/kgontjes/.conda/envs/mobsuite_v3_1_9/lib/python3.11/site-packages/mob_suite/utils.py:1275]
2026-02-19 13:14:13,425 root INFO: Filtering contig: 96_8b619fba5606082fa5a84eb9c6fbbc27_circular=false_1051 due to repetitive sequence [in /home/kgontjes/.conda/envs/mobsuite_v3_1_9/lib/python3.11/site-packages/mob_suite/utils.py:1275]
2026-02-19 13:14:13,425 root INFO: Filtering contig: 83_3d7316594aca72987e9ba6a6d072da2e_circular=false_1454 due to repetitive sequence [in /home/kgontjes/.conda/envs/mobsuite_v3_1_9/lib/python3.11/site-packages/mob_suite/utils.py:1275]
2026-02-19 13:14:13,425 root INFO: Filtering contig: 75_c2c1db7d88b3de2fac9fcf30c8652e2a_circular=false_2027 due to repetitive sequence [in /home/kgontjes/.conda/envs/mobsuite_v3_1_9/lib/python3.11/site-packages/mob_suite/utils.py:1275]
2026-02-19 13:14:13,425 root INFO: Filtering contig: 87_9e767052649d24ed05dceaf10fe353ee_circular=false_1338 due to repetitive sequence [in /home/kgontjes/.conda/envs/mobsuite_v3_1_9/lib/python3.11/site-packages/mob_suite/utils.py:1275]
2026-02-19 13:14:13,425 root INFO: Filtering contig: 86_56bcfdbe0c902890e781894501508f2e_circular=false_1341 due to repetitive sequence [in /home/kgontjes/.conda/envs/mobsuite_v3_1_9/lib/python3.11/site-packages/mob_suite/utils.py:1275]
2026-02-19 13:14:13,425 root INFO: Filtering contig: 75_c2c1db7d88b3de2fac9fcf30c8652e2a_circular=false_2027 due to repetitive sequence [in /home/kgontjes/.conda/envs/mobsuite_v3_1_9/lib/python3.11/site-packages/mob_suite/utils.py:1275]
2026-02-19 13:14:13,425 root INFO: Filtering contig: 63_4c03099059b9c3fb431ba01276e7dda9_circular=false_5445 due to repetitive sequence [in /home/kgontjes/.conda/envs/mobsuite_v3_1_9/lib/python3.11/site-packages/mob_suite/utils.py:1275]
2026-02-19 13:14:13,425 root INFO: Filtering contig: 75_c2c1db7d88b3de2fac9fcf30c8652e2a_circular=false_2027 due to repetitive sequence [in /home/kgontjes/.conda/envs/mobsuite_v3_1_9/lib/python3.11/site-packages/mob_suite/utils.py:1275]
2026-02-19 13:14:13,425 root INFO: Filtering contig: 97_be5774afe29cfd1638af8ec674acfd37_circular=false_1006 due to repetitive sequence [in /home/kgontjes/.conda/envs/mobsuite_v3_1_9/lib/python3.11/site-packages/mob_suite/utils.py:1275]
2026-02-19 13:14:13,425 root INFO: Filtering contig: 88_a752eff8d56613c80da165fd977cce7f_circular=false_1291 due to repetitive sequence [in /home/kgontjes/.conda/envs/mobsuite_v3_1_9/lib/python3.11/site-packages/mob_suite/utils.py:1275]
2026-02-19 13:14:13,427 root INFO: Blasting contigs against reference sequence db: /home/kgontjes/.conda/envs/mobsuite_v3_1_9/lib/python3.11/site-packages/mob_suite/databases/ncbi_plasmid_full_seqs.fas [in /home/kgontjes/.conda/envs/mobsuite_v3_1_9/lib/python3.11/site-packages/mob_suite/mob_recon.py:1264]
/home/kgontjes/.conda/envs/mobsuite_v3_1_9/lib/python3.11/site-packages/mob_suite/utils.py:338: FutureWarning: the 'line_terminator'' keyword is deprecated, use 'lineterminator' instead.
  blast_df.to_csv(blast_results_file, sep='\t', header=True, line_terminator='\n', index=False)
2026-02-19 13:15:30,800 root INFO: Filtering contig blast results: /nfs/turbo/umms-esnitkin/Project_Penn_KPC/Analysis/Combination_resistance/pre-intro-blbli-resistance-ms/data/evolution_experiment/mobsuite_short/PCMP_H226/__tmp/contig_blast_results.txt [in /home/kgontjes/.conda/envs/mobsuite_v3_1_9/lib/python3.11/site-packages/mob_suite/mob_recon.py:1269]
2026-02-19 13:15:37,984 root INFO: Assigning contigs to plasmid groups [in /home/kgontjes/.conda/envs/mobsuite_v3_1_9/lib/python3.11/site-packages/mob_suite/mob_recon.py:1284]
2026-02-19 13:15:59,855 root INFO: Writting contig results to /nfs/turbo/umms-esnitkin/Project_Penn_KPC/Analysis/Combination_resistance/pre-intro-blbli-resistance-ms/data/evolution_experiment/mobsuite_short/PCMP_H226/contig_report.txt [in /home/kgontjes/.conda/envs/mobsuite_v3_1_9/lib/python3.11/site-packages/mob_suite/mob_recon.py:1387]
2026-02-19 13:16:01,479 root INFO: Writting plasmid sequences to /nfs/turbo/umms-esnitkin/Project_Penn_KPC/Analysis/Combination_resistance/pre-intro-blbli-resistance-ms/data/evolution_experiment/mobsuite_short/PCMP_H226/plasmid_AB531.fasta [in /home/kgontjes/.conda/envs/mobsuite_v3_1_9/lib/python3.11/site-packages/mob_suite/utils.py:971]
2026-02-19 13:16:01,922 root INFO: Writting plasmid sequences to /nfs/turbo/umms-esnitkin/Project_Penn_KPC/Analysis/Combination_resistance/pre-intro-blbli-resistance-ms/data/evolution_experiment/mobsuite_short/PCMP_H226/plasmid_AA274.fasta [in /home/kgontjes/.conda/envs/mobsuite_v3_1_9/lib/python3.11/site-packages/mob_suite/utils.py:971]
/home/kgontjes/.conda/envs/mobsuite_v3_1_9/lib/python3.11/site-packages/ete3/ncbi_taxonomy/ncbiquery.py:243: UserWarning: taxid 211759 was translated into 615
  warnings.warn("taxid %s was translated into %s" %(taxid, merged_conversion[taxid]))
2026-02-19 13:16:09,863 root INFO: Writting plasmid sequences to /nfs/turbo/umms-esnitkin/Project_Penn_KPC/Analysis/Combination_resistance/pre-intro-blbli-resistance-ms/data/evolution_experiment/mobsuite_short/PCMP_H226/plasmid_AA275.fasta [in /home/kgontjes/.conda/envs/mobsuite_v3_1_9/lib/python3.11/site-packages/mob_suite/utils.py:971]
2026-02-19 13:16:10,323 root INFO: Writting plasmid sequences to /nfs/turbo/umms-esnitkin/Project_Penn_KPC/Analysis/Combination_resistance/pre-intro-blbli-resistance-ms/data/evolution_experiment/mobsuite_short/PCMP_H226/plasmid_AD548.fasta [in /home/kgontjes/.conda/envs/mobsuite_v3_1_9/lib/python3.11/site-packages/mob_suite/utils.py:971]
2026-02-19 13:16:10,542 root INFO: Writting plasmid sequences to /nfs/turbo/umms-esnitkin/Project_Penn_KPC/Analysis/Combination_resistance/pre-intro-blbli-resistance-ms/data/evolution_experiment/mobsuite_short/PCMP_H226/plasmid_AG658.fasta [in /home/kgontjes/.conda/envs/mobsuite_v3_1_9/lib/python3.11/site-packages/mob_suite/utils.py:971]
2026-02-19 13:16:10,674 root INFO: Writting plasmid sequences to /nfs/turbo/umms-esnitkin/Project_Penn_KPC/Analysis/Combination_resistance/pre-intro-blbli-resistance-ms/data/evolution_experiment/mobsuite_short/PCMP_H226/plasmid_AA541.fasta [in /home/kgontjes/.conda/envs/mobsuite_v3_1_9/lib/python3.11/site-packages/mob_suite/utils.py:971]
2026-02-19 13:16:12,191 root INFO: Writting chromosome sequences to /nfs/turbo/umms-esnitkin/Project_Penn_KPC/Analysis/Combination_resistance/pre-intro-blbli-resistance-ms/data/evolution_experiment/mobsuite_short/PCMP_H226/chromosome.fasta [in /home/kgontjes/.conda/envs/mobsuite_v3_1_9/lib/python3.11/site-packages/mob_suite/mob_recon.py:1404]
/home/kgontjes/.conda/envs/mobsuite_v3_1_9/lib/python3.11/site-packages/mob_suite/utils.py:338: FutureWarning: the 'line_terminator'' keyword is deprecated, use 'lineterminator' instead.
  blast_df.to_csv(blast_results_file, sep='\t', header=True, line_terminator='\n', index=False)
2026-02-19 13:16:13,194 root INFO: Creating plasmid biomarkers report ... [in /home/kgontjes/.conda/envs/mobsuite_v3_1_9/lib/python3.11/site-packages/mob_suite/utils.py:1382]
2026-02-19 13:16:13,362 root INFO: Writting plasmid biomarkers report contaning 40 biomarkers [in /home/kgontjes/.conda/envs/mobsuite_v3_1_9/lib/python3.11/site-packages/mob_suite/mob_recon.py:1478]
2026-02-19 13:16:13,365 root INFO: Cleaning up temporary files /nfs/turbo/umms-esnitkin/Project_Penn_KPC/Analysis/Combination_resistance/pre-intro-blbli-resistance-ms/data/evolution_experiment/mobsuite_short/PCMP_H226/__tmp [in /home/kgontjes/.conda/envs/mobsuite_v3_1_9/lib/python3.11/site-packages/mob_suite/mob_recon.py:1484]
2026-02-19 13:16:13,385 mob_suite.mob_recon INFO: MOB-recon completed and results written to /nfs/turbo/umms-esnitkin/Project_Penn_KPC/Analysis/Combination_resistance/pre-intro-blbli-resistance-ms/data/evolution_experiment/mobsuite_short/PCMP_H226 [in /home/kgontjes/.conda/envs/mobsuite_v3_1_9/lib/python3.11/site-packages/mob_suite/mob_recon.py:1486]
Not 50_efc8622bb065612a218ce1dadddcf592_circular=false_17340 to cluster AF888 assigned as already present in cluster AF888
Not 83_35279749be4c9c87b751649797301be6_circular=false_1383 to cluster AF888 assigned as already present in cluster AF888
Not 89_a1616d1252093f01097b7b5481a87f89_circular=false_1291 to cluster AF888 assigned as already present in cluster AF888
Not 93_0e222cc2d3fc831b518367768173755a_circular=false_1122 to cluster AF888 assigned as already present in cluster AF888
Not 45_ca903af28738210e64b0ee1d61131d58_circular=false_25367 to cluster AA032 assigned as already present in cluster AA274
Not 55_b29314adccf40efb7f85a92e494b91b1_circular=false_9905 to cluster AA032 assigned as already present in cluster AA434
Not 61_8be27070b61adf462ba19369e26aebc8_circular=false_6633 to cluster AA032 assigned as already present in cluster AA274
Not 71_71093492824a7e1d55ca9176a691d88a_circular=false_3368 to cluster AA032 assigned as already present in cluster AA541
Not 75_b6412cc4a6d4f7b44749d6deaa99b588_circular=false_2371 to cluster AA032 assigned as already present in cluster AA541
Not 77_68b25b8caed70c1db53afc590bdc2721_circular=false_1892 to cluster AA032 assigned as already present in cluster AA274
Not 81_82690a976f0502f90c7a203e97f2df17_circular=false_1596 to cluster AA032 assigned as already present in cluster AA274
Not 87_9e767052649d24ed05dceaf10fe353ee_circular=false_1338 to cluster AA032 assigned as already present in cluster AA275
Not 91_606ee60298c7b2f0e27b703b40145531_circular=false_1196 to cluster AA032 assigned as already present in cluster AA274
Not 92_04e59147a6ec87d35ee18444d4bf942e_circular=false_1185 to cluster AA032 assigned as already present in cluster AA275
Not 39_5d5ec9d42856a61b8d875146e86a3c18_circular=false_37950 to cluster AB531 assigned as already present in cluster AB531
Not 51_a3237181ce9c8971f065f358514efb62_circular=false_15306 to cluster AB531 assigned as already present in cluster AB531
Not 91_606ee60298c7b2f0e27b703b40145531_circular=false_1196 to cluster AB531 assigned as already present in cluster AA274
Not 39_5d5ec9d42856a61b8d875146e86a3c18_circular=false_37950 to cluster AB531 assigned as already present in cluster AB531
Not 51_a3237181ce9c8971f065f358514efb62_circular=false_15306 to cluster AB531 assigned as already present in cluster AB531
Not 91_606ee60298c7b2f0e27b703b40145531_circular=false_1196 to cluster AB531 assigned as already present in cluster AA274
Not 27_5b7098caa4b934fae6d4968babf52566_circular=false_63341 to cluster AA860 assigned as already present in cluster AA274
Not 43_f4decd41dbe6c5d25dfebfa1c1a410a2_circular=false_27191 to cluster AA860 assigned as already present in cluster AA275
Not 44_5c0184824a21a811ea040a63790b3b0f_circular=false_26161 to cluster AA860 assigned as already present in cluster AD548
Not 54_100dfd269d7f7d1be9245654a95388e0_circular=false_11471 to cluster AA860 assigned as already present in cluster AB193
Not 58_5e51888e7efc8ead68890602fcae7a02_circular=false_7600 to cluster AA860 assigned as already present in cluster AA275
Not 61_8be27070b61adf462ba19369e26aebc8_circular=false_6633 to cluster AA860 assigned as already present in cluster AA274
Not 62_dd137af48519630dee919ea40b5f1de7_circular=false_5947 to cluster AA860 assigned as already present in cluster AA434
Not 64_1d5dafd1942d549e7f7068b90b1b1d71_circular=false_5014 to cluster AA860 assigned as already present in cluster AA274
Not 65_fc923f2959cf42fe914595749cd7ecc3_circular=false_4954 to cluster AA860 assigned as already present in cluster AA274
Not 66_b96dd7d7bc491da60024364c3fc84633_circular=false_4718 to cluster AA860 assigned as already present in cluster AA274
Not 68_9d962cac33afd5c337e34d5f735dafbd_circular=false_4577 to cluster AA860 assigned as already present in cluster AA274
Not 70_1f1497779e6e9fa6b98bf12e219ea65a_circular=false_3384 to cluster AA860 assigned as already present in cluster AA275
Not 74_cfc2f7315e6a18f3492a38d8280048c7_circular=false_2773 to cluster AA860 assigned as already present in cluster AA274
Not 77_68b25b8caed70c1db53afc590bdc2721_circular=false_1892 to cluster AA860 assigned as already present in cluster AA274
Not 78_21a71c8d685781d82fd0338a28b67a9d_circular=false_1856 to cluster AA860 assigned as already present in cluster AA275
Not 79_7c6548f0e6240587c2aaf4dbf2594ad2_circular=false_1688 to cluster AA860 assigned as already present in cluster AA274
Not 80_fbb1294b0f093306d87d981a816aceee_circular=false_1656 to cluster AA860 assigned as already present in cluster AA275
Not 81_82690a976f0502f90c7a203e97f2df17_circular=false_1596 to cluster AA860 assigned as already present in cluster AA274
Not 82_3d7316594aca72987e9ba6a6d072da2e_circular=false_1454 to cluster AA860 assigned as already present in cluster AA274
Not 84_75f699ffaa25f7db5e89b0a7462be44a_circular=false_1368 to cluster AA860 assigned as already present in cluster AA434
Not 85_b291ec51a93b93959decba38100f2b60_circular=false_1357 to cluster AA860 assigned as already present in cluster AA275
Not 87_9e767052649d24ed05dceaf10fe353ee_circular=false_1338 to cluster AA860 assigned as already present in cluster AA275
Not 88_e489fe0b4246ee2ba79a9848d725ba2a_circular=false_1291 to cluster AA860 assigned as already present in cluster AA275
Not 90_d034b5392042ae65a99482b7fb1e97cb_circular=false_1273 to cluster AA860 assigned as already present in cluster AA274
Not 91_606ee60298c7b2f0e27b703b40145531_circular=false_1196 to cluster AA860 assigned as already present in cluster AA274
Not 92_04e59147a6ec87d35ee18444d4bf942e_circular=false_1185 to cluster AA860 assigned as already present in cluster AA275
Not 94_02a5e3b2cbf03298249c98ab01ce66af_circular=false_1121 to cluster AA860 assigned as already present in cluster AA274
2026-02-19 13:11:41,376 mob_suite.mob_recon INFO: MOB-recon version 3.1.9  [in /home/kgontjes/.conda/envs/mobsuite_v3_1_9/lib/python3.11/site-packages/mob_suite/mob_recon.py:984]
2026-02-19 13:11:41,377 mob_suite.mob_recon INFO: SUCCESS: Found program blastn at /home/kgontjes/.conda/envs/mobsuite_v3_1_9/bin/blastn [in /home/kgontjes/.conda/envs/mobsuite_v3_1_9/lib/python3.11/site-packages/mob_suite/utils.py:597]
2026-02-19 13:11:41,377 mob_suite.mob_recon INFO: SUCCESS: Found program makeblastdb at /home/kgontjes/.conda/envs/mobsuite_v3_1_9/bin/makeblastdb [in /home/kgontjes/.conda/envs/mobsuite_v3_1_9/lib/python3.11/site-packages/mob_suite/utils.py:597]
2026-02-19 13:11:41,377 mob_suite.mob_recon INFO: SUCCESS: Found program tblastn at /home/kgontjes/.conda/envs/mobsuite_v3_1_9/bin/tblastn [in /home/kgontjes/.conda/envs/mobsuite_v3_1_9/lib/python3.11/site-packages/mob_suite/utils.py:597]
2026-02-19 13:11:41,378 mob_suite.mob_recon INFO: Processing fasta file /nfs/turbo/umms-esnitkin/Project_Penn_KPC/Sequence_data/assembly/illumina/spades/PCMP_H226_MVB_R/PCMP_H226_MVB_R_contigs_l1000.fasta [in /home/kgontjes/.conda/envs/mobsuite_v3_1_9/lib/python3.11/site-packages/mob_suite/mob_recon.py:1011]
2026-02-19 13:11:41,378 mob_suite.mob_recon INFO: Analysis directory /nfs/turbo/umms-esnitkin/Project_Penn_KPC/Analysis/Combination_resistance/pre-intro-blbli-resistance-ms/data/evolution_experiment/mobsuite_short/PCMP_H226_MVB_R [in /home/kgontjes/.conda/envs/mobsuite_v3_1_9/lib/python3.11/site-packages/mob_suite/mob_recon.py:1012]
2026-02-19 13:11:43,649 mob_suite.mob_recon INFO: Writing cleaned header input fasta file from /nfs/turbo/umms-esnitkin/Project_Penn_KPC/Sequence_data/assembly/illumina/spades/PCMP_H226_MVB_R/PCMP_H226_MVB_R_contigs_l1000.fasta to /nfs/turbo/umms-esnitkin/Project_Penn_KPC/Analysis/Combination_resistance/pre-intro-blbli-resistance-ms/data/evolution_experiment/mobsuite_short/PCMP_H226_MVB_R/__tmp/fixed.input.fasta [in /home/kgontjes/.conda/envs/mobsuite_v3_1_9/lib/python3.11/site-packages/mob_suite/mob_recon.py:1107]
2026-02-19 13:11:44,762 root INFO: Blasting replicon sequences /home/kgontjes/.conda/envs/mobsuite_v3_1_9/lib/python3.11/site-packages/mob_suite/databases/rep.dna.fas against /nfs/turbo/umms-esnitkin/Project_Penn_KPC/Analysis/Combination_resistance/pre-intro-blbli-resistance-ms/data/evolution_experiment/mobsuite_short/PCMP_H226_MVB_R/__tmp/fixed.input.fasta [in /home/kgontjes/.conda/envs/mobsuite_v3_1_9/lib/python3.11/site-packages/mob_suite/utils.py:1163]
/home/kgontjes/.conda/envs/mobsuite_v3_1_9/lib/python3.11/site-packages/mob_suite/utils.py:338: FutureWarning: the 'line_terminator'' keyword is deprecated, use 'lineterminator' instead.
  blast_df.to_csv(blast_results_file, sep='\t', header=True, line_terminator='\n', index=False)
2026-02-19 13:11:45,577 root INFO: Filtering replicon blast results /nfs/turbo/umms-esnitkin/Project_Penn_KPC/Analysis/Combination_resistance/pre-intro-blbli-resistance-ms/data/evolution_experiment/mobsuite_short/PCMP_H226_MVB_R/__tmp/replicon_blast_results.txt  [in /home/kgontjes/.conda/envs/mobsuite_v3_1_9/lib/python3.11/site-packages/mob_suite/utils.py:1168]
2026-02-19 13:11:45,634 root INFO: Blasting relaxase sequences /home/kgontjes/.conda/envs/mobsuite_v3_1_9/lib/python3.11/site-packages/mob_suite/databases/mob.proteins.faa against /nfs/turbo/umms-esnitkin/Project_Penn_KPC/Analysis/Combination_resistance/pre-intro-blbli-resistance-ms/data/evolution_experiment/mobsuite_short/PCMP_H226_MVB_R/__tmp/fixed.input.fasta [in /home/kgontjes/.conda/envs/mobsuite_v3_1_9/lib/python3.11/site-packages/mob_suite/utils.py:1186]
/home/kgontjes/.conda/envs/mobsuite_v3_1_9/lib/python3.11/site-packages/mob_suite/utils.py:365: FutureWarning: the 'line_terminator'' keyword is deprecated, use 'lineterminator' instead.
  blast_df.to_csv(blast_results_file, sep='\t', header=True, line_terminator='\n', index=False)
2026-02-19 13:13:13,658 root INFO: Filtering relaxase blast results /nfs/turbo/umms-esnitkin/Project_Penn_KPC/Analysis/Combination_resistance/pre-intro-blbli-resistance-ms/data/evolution_experiment/mobsuite_short/PCMP_H226_MVB_R/__tmp/mob_blast_results.txt  [in /home/kgontjes/.conda/envs/mobsuite_v3_1_9/lib/python3.11/site-packages/mob_suite/utils.py:1191]
2026-02-19 13:13:13,683 root INFO: Blasting MPF sequences /home/kgontjes/.conda/envs/mobsuite_v3_1_9/lib/python3.11/site-packages/mob_suite/databases/mpf.proteins.faa against /nfs/turbo/umms-esnitkin/Project_Penn_KPC/Analysis/Combination_resistance/pre-intro-blbli-resistance-ms/data/evolution_experiment/mobsuite_short/PCMP_H226_MVB_R/__tmp/fixed.input.fasta [in /home/kgontjes/.conda/envs/mobsuite_v3_1_9/lib/python3.11/site-packages/mob_suite/utils.py:1210]
/home/kgontjes/.conda/envs/mobsuite_v3_1_9/lib/python3.11/site-packages/mob_suite/utils.py:365: FutureWarning: the 'line_terminator'' keyword is deprecated, use 'lineterminator' instead.
  blast_df.to_csv(blast_results_file, sep='\t', header=True, line_terminator='\n', index=False)
2026-02-19 13:14:15,546 root INFO: Filtering MPF blast results /nfs/turbo/umms-esnitkin/Project_Penn_KPC/Analysis/Combination_resistance/pre-intro-blbli-resistance-ms/data/evolution_experiment/mobsuite_short/PCMP_H226_MVB_R/__tmp/mpf_blast_results.txt  [in /home/kgontjes/.conda/envs/mobsuite_v3_1_9/lib/python3.11/site-packages/mob_suite/utils.py:1225]
2026-02-19 13:14:15,547 root INFO: Blasting orit sequences /home/kgontjes/.conda/envs/mobsuite_v3_1_9/lib/python3.11/site-packages/mob_suite/databases/orit.fas against /nfs/turbo/umms-esnitkin/Project_Penn_KPC/Analysis/Combination_resistance/pre-intro-blbli-resistance-ms/data/evolution_experiment/mobsuite_short/PCMP_H226_MVB_R/__tmp/fixed.input.fasta [in /home/kgontjes/.conda/envs/mobsuite_v3_1_9/lib/python3.11/site-packages/mob_suite/utils.py:1234]
/home/kgontjes/.conda/envs/mobsuite_v3_1_9/lib/python3.11/site-packages/mob_suite/utils.py:338: FutureWarning: the 'line_terminator'' keyword is deprecated, use 'lineterminator' instead.
  blast_df.to_csv(blast_results_file, sep='\t', header=True, line_terminator='\n', index=False)
2026-02-19 13:14:15,745 root INFO: Filtering orit blast results /nfs/turbo/umms-esnitkin/Project_Penn_KPC/Analysis/Combination_resistance/pre-intro-blbli-resistance-ms/data/evolution_experiment/mobsuite_short/PCMP_H226_MVB_R/__tmp/orit_blast_results.txt  [in /home/kgontjes/.conda/envs/mobsuite_v3_1_9/lib/python3.11/site-packages/mob_suite/utils.py:1239]
2026-02-19 13:14:15,775 root INFO: Blasting contigs against repetitive sequences db: /home/kgontjes/.conda/envs/mobsuite_v3_1_9/lib/python3.11/site-packages/mob_suite/databases/repetitive.dna.fas [in /home/kgontjes/.conda/envs/mobsuite_v3_1_9/lib/python3.11/site-packages/mob_suite/utils.py:1256]
/home/kgontjes/.conda/envs/mobsuite_v3_1_9/lib/python3.11/site-packages/mob_suite/utils.py:338: FutureWarning: the 'line_terminator'' keyword is deprecated, use 'lineterminator' instead.
  blast_df.to_csv(blast_results_file, sep='\t', header=True, line_terminator='\n', index=False)
2026-02-19 13:14:16,833 root INFO: Filtering repetitive blast results /nfs/turbo/umms-esnitkin/Project_Penn_KPC/Analysis/Combination_resistance/pre-intro-blbli-resistance-ms/data/evolution_experiment/mobsuite_short/PCMP_H226_MVB_R/__tmp/repetitive_blast_results.txt  [in /home/kgontjes/.conda/envs/mobsuite_v3_1_9/lib/python3.11/site-packages/mob_suite/utils.py:1260]
2026-02-19 13:14:16,850 root INFO: Filtering contig: 81_82690a976f0502f90c7a203e97f2df17_circular=false_1596 due to repetitive sequence [in /home/kgontjes/.conda/envs/mobsuite_v3_1_9/lib/python3.11/site-packages/mob_suite/utils.py:1275]
2026-02-19 13:14:16,850 root INFO: Filtering contig: 80_fbb1294b0f093306d87d981a816aceee_circular=false_1656 due to repetitive sequence [in /home/kgontjes/.conda/envs/mobsuite_v3_1_9/lib/python3.11/site-packages/mob_suite/utils.py:1275]
2026-02-19 13:14:16,850 root INFO: Filtering contig: 84_75f699ffaa25f7db5e89b0a7462be44a_circular=false_1368 due to repetitive sequence [in /home/kgontjes/.conda/envs/mobsuite_v3_1_9/lib/python3.11/site-packages/mob_suite/utils.py:1275]
2026-02-19 13:14:16,850 root INFO: Filtering contig: 60_de5edc213d44fea8bdfb761b4148a6a3_circular=false_6981 due to repetitive sequence [in /home/kgontjes/.conda/envs/mobsuite_v3_1_9/lib/python3.11/site-packages/mob_suite/utils.py:1275]
2026-02-19 13:14:16,850 root INFO: Filtering contig: 81_82690a976f0502f90c7a203e97f2df17_circular=false_1596 due to repetitive sequence [in /home/kgontjes/.conda/envs/mobsuite_v3_1_9/lib/python3.11/site-packages/mob_suite/utils.py:1275]
2026-02-19 13:14:16,850 root INFO: Filtering contig: 92_04e59147a6ec87d35ee18444d4bf942e_circular=false_1185 due to repetitive sequence [in /home/kgontjes/.conda/envs/mobsuite_v3_1_9/lib/python3.11/site-packages/mob_suite/utils.py:1275]
2026-02-19 13:14:16,850 root INFO: Filtering contig: 87_9e767052649d24ed05dceaf10fe353ee_circular=false_1338 due to repetitive sequence [in /home/kgontjes/.conda/envs/mobsuite_v3_1_9/lib/python3.11/site-packages/mob_suite/utils.py:1275]
2026-02-19 13:14:16,850 root INFO: Filtering contig: 92_04e59147a6ec87d35ee18444d4bf942e_circular=false_1185 due to repetitive sequence [in /home/kgontjes/.conda/envs/mobsuite_v3_1_9/lib/python3.11/site-packages/mob_suite/utils.py:1275]
2026-02-19 13:14:16,850 root INFO: Filtering contig: 87_9e767052649d24ed05dceaf10fe353ee_circular=false_1338 due to repetitive sequence [in /home/kgontjes/.conda/envs/mobsuite_v3_1_9/lib/python3.11/site-packages/mob_suite/utils.py:1275]
2026-02-19 13:14:16,850 root INFO: Filtering contig: 92_04e59147a6ec87d35ee18444d4bf942e_circular=false_1185 due to repetitive sequence [in /home/kgontjes/.conda/envs/mobsuite_v3_1_9/lib/python3.11/site-packages/mob_suite/utils.py:1275]
2026-02-19 13:14:16,850 root INFO: Filtering contig: 81_82690a976f0502f90c7a203e97f2df17_circular=false_1596 due to repetitive sequence [in /home/kgontjes/.conda/envs/mobsuite_v3_1_9/lib/python3.11/site-packages/mob_suite/utils.py:1275]
2026-02-19 13:14:16,850 root INFO: Filtering contig: 91_606ee60298c7b2f0e27b703b40145531_circular=false_1196 due to repetitive sequence [in /home/kgontjes/.conda/envs/mobsuite_v3_1_9/lib/python3.11/site-packages/mob_suite/utils.py:1275]
2026-02-19 13:14:16,850 root INFO: Filtering contig: 87_9e767052649d24ed05dceaf10fe353ee_circular=false_1338 due to repetitive sequence [in /home/kgontjes/.conda/envs/mobsuite_v3_1_9/lib/python3.11/site-packages/mob_suite/utils.py:1275]
2026-02-19 13:14:16,851 root INFO: Filtering contig: 92_04e59147a6ec87d35ee18444d4bf942e_circular=false_1185 due to repetitive sequence [in /home/kgontjes/.conda/envs/mobsuite_v3_1_9/lib/python3.11/site-packages/mob_suite/utils.py:1275]
2026-02-19 13:14:16,851 root INFO: Filtering contig: 81_82690a976f0502f90c7a203e97f2df17_circular=false_1596 due to repetitive sequence [in /home/kgontjes/.conda/envs/mobsuite_v3_1_9/lib/python3.11/site-packages/mob_suite/utils.py:1275]
2026-02-19 13:14:16,851 root INFO: Filtering contig: 64_1d5dafd1942d549e7f7068b90b1b1d71_circular=false_5014 due to repetitive sequence [in /home/kgontjes/.conda/envs/mobsuite_v3_1_9/lib/python3.11/site-packages/mob_suite/utils.py:1275]
2026-02-19 13:14:16,851 root INFO: Filtering contig: 81_82690a976f0502f90c7a203e97f2df17_circular=false_1596 due to repetitive sequence [in /home/kgontjes/.conda/envs/mobsuite_v3_1_9/lib/python3.11/site-packages/mob_suite/utils.py:1275]
2026-02-19 13:14:16,851 root INFO: Filtering contig: 80_fbb1294b0f093306d87d981a816aceee_circular=false_1656 due to repetitive sequence [in /home/kgontjes/.conda/envs/mobsuite_v3_1_9/lib/python3.11/site-packages/mob_suite/utils.py:1275]
2026-02-19 13:14:16,851 root INFO: Filtering contig: 82_3d7316594aca72987e9ba6a6d072da2e_circular=false_1454 due to repetitive sequence [in /home/kgontjes/.conda/envs/mobsuite_v3_1_9/lib/python3.11/site-packages/mob_suite/utils.py:1275]
2026-02-19 13:14:16,851 root INFO: Filtering contig: 91_606ee60298c7b2f0e27b703b40145531_circular=false_1196 due to repetitive sequence [in /home/kgontjes/.conda/envs/mobsuite_v3_1_9/lib/python3.11/site-packages/mob_suite/utils.py:1275]
2026-02-19 13:14:16,851 root INFO: Filtering contig: 79_7c6548f0e6240587c2aaf4dbf2594ad2_circular=false_1688 due to repetitive sequence [in /home/kgontjes/.conda/envs/mobsuite_v3_1_9/lib/python3.11/site-packages/mob_suite/utils.py:1275]
2026-02-19 13:14:16,851 root INFO: Filtering contig: 82_3d7316594aca72987e9ba6a6d072da2e_circular=false_1454 due to repetitive sequence [in /home/kgontjes/.conda/envs/mobsuite_v3_1_9/lib/python3.11/site-packages/mob_suite/utils.py:1275]
2026-02-19 13:14:16,851 root INFO: Filtering contig: 91_606ee60298c7b2f0e27b703b40145531_circular=false_1196 due to repetitive sequence [in /home/kgontjes/.conda/envs/mobsuite_v3_1_9/lib/python3.11/site-packages/mob_suite/utils.py:1275]
2026-02-19 13:14:16,851 root INFO: Filtering contig: 70_1f1497779e6e9fa6b98bf12e219ea65a_circular=false_3384 due to repetitive sequence [in /home/kgontjes/.conda/envs/mobsuite_v3_1_9/lib/python3.11/site-packages/mob_suite/utils.py:1275]
2026-02-19 13:14:16,851 root INFO: Filtering contig: 87_9e767052649d24ed05dceaf10fe353ee_circular=false_1338 due to repetitive sequence [in /home/kgontjes/.conda/envs/mobsuite_v3_1_9/lib/python3.11/site-packages/mob_suite/utils.py:1275]
2026-02-19 13:14:16,851 root INFO: Filtering contig: 92_04e59147a6ec87d35ee18444d4bf942e_circular=false_1185 due to repetitive sequence [in /home/kgontjes/.conda/envs/mobsuite_v3_1_9/lib/python3.11/site-packages/mob_suite/utils.py:1275]
2026-02-19 13:14:16,851 root INFO: Filtering contig: 81_82690a976f0502f90c7a203e97f2df17_circular=false_1596 due to repetitive sequence [in /home/kgontjes/.conda/envs/mobsuite_v3_1_9/lib/python3.11/site-packages/mob_suite/utils.py:1275]
2026-02-19 13:14:16,851 root INFO: Filtering contig: 87_9e767052649d24ed05dceaf10fe353ee_circular=false_1338 due to repetitive sequence [in /home/kgontjes/.conda/envs/mobsuite_v3_1_9/lib/python3.11/site-packages/mob_suite/utils.py:1275]
2026-02-19 13:14:16,851 root INFO: Filtering contig: 60_de5edc213d44fea8bdfb761b4148a6a3_circular=false_6981 due to repetitive sequence [in /home/kgontjes/.conda/envs/mobsuite_v3_1_9/lib/python3.11/site-packages/mob_suite/utils.py:1275]
2026-02-19 13:14:16,851 root INFO: Filtering contig: 85_b291ec51a93b93959decba38100f2b60_circular=false_1357 due to repetitive sequence [in /home/kgontjes/.conda/envs/mobsuite_v3_1_9/lib/python3.11/site-packages/mob_suite/utils.py:1275]
2026-02-19 13:14:16,851 root INFO: Filtering contig: 80_fbb1294b0f093306d87d981a816aceee_circular=false_1656 due to repetitive sequence [in /home/kgontjes/.conda/envs/mobsuite_v3_1_9/lib/python3.11/site-packages/mob_suite/utils.py:1275]
2026-02-19 13:14:16,851 root INFO: Filtering contig: 81_82690a976f0502f90c7a203e97f2df17_circular=false_1596 due to repetitive sequence [in /home/kgontjes/.conda/envs/mobsuite_v3_1_9/lib/python3.11/site-packages/mob_suite/utils.py:1275]
2026-02-19 13:14:16,851 root INFO: Filtering contig: 67_2b9ca573c5b5819ade4b0ed3f91b679d_circular=false_4642 due to repetitive sequence [in /home/kgontjes/.conda/envs/mobsuite_v3_1_9/lib/python3.11/site-packages/mob_suite/utils.py:1275]
2026-02-19 13:14:16,851 root INFO: Filtering contig: 67_2b9ca573c5b5819ade4b0ed3f91b679d_circular=false_4642 due to repetitive sequence [in /home/kgontjes/.conda/envs/mobsuite_v3_1_9/lib/python3.11/site-packages/mob_suite/utils.py:1275]
2026-02-19 13:14:16,851 root INFO: Filtering contig: 67_2b9ca573c5b5819ade4b0ed3f91b679d_circular=false_4642 due to repetitive sequence [in /home/kgontjes/.conda/envs/mobsuite_v3_1_9/lib/python3.11/site-packages/mob_suite/utils.py:1275]
2026-02-19 13:14:16,851 root INFO: Filtering contig: 81_82690a976f0502f90c7a203e97f2df17_circular=false_1596 due to repetitive sequence [in /home/kgontjes/.conda/envs/mobsuite_v3_1_9/lib/python3.11/site-packages/mob_suite/utils.py:1275]
2026-02-19 13:14:16,851 root INFO: Filtering contig: 67_2b9ca573c5b5819ade4b0ed3f91b679d_circular=false_4642 due to repetitive sequence [in /home/kgontjes/.conda/envs/mobsuite_v3_1_9/lib/python3.11/site-packages/mob_suite/utils.py:1275]
2026-02-19 13:14:16,851 root INFO: Filtering contig: 82_3d7316594aca72987e9ba6a6d072da2e_circular=false_1454 due to repetitive sequence [in /home/kgontjes/.conda/envs/mobsuite_v3_1_9/lib/python3.11/site-packages/mob_suite/utils.py:1275]
2026-02-19 13:14:16,851 root INFO: Filtering contig: 67_2b9ca573c5b5819ade4b0ed3f91b679d_circular=false_4642 due to repetitive sequence [in /home/kgontjes/.conda/envs/mobsuite_v3_1_9/lib/python3.11/site-packages/mob_suite/utils.py:1275]
2026-02-19 13:14:16,851 root INFO: Filtering contig: 81_82690a976f0502f90c7a203e97f2df17_circular=false_1596 due to repetitive sequence [in /home/kgontjes/.conda/envs/mobsuite_v3_1_9/lib/python3.11/site-packages/mob_suite/utils.py:1275]
2026-02-19 13:14:16,851 root INFO: Filtering contig: 87_9e767052649d24ed05dceaf10fe353ee_circular=false_1338 due to repetitive sequence [in /home/kgontjes/.conda/envs/mobsuite_v3_1_9/lib/python3.11/site-packages/mob_suite/utils.py:1275]
2026-02-19 13:14:16,851 root INFO: Filtering contig: 92_04e59147a6ec87d35ee18444d4bf942e_circular=false_1185 due to repetitive sequence [in /home/kgontjes/.conda/envs/mobsuite_v3_1_9/lib/python3.11/site-packages/mob_suite/utils.py:1275]
2026-02-19 13:14:16,851 root INFO: Filtering contig: 81_82690a976f0502f90c7a203e97f2df17_circular=false_1596 due to repetitive sequence [in /home/kgontjes/.conda/envs/mobsuite_v3_1_9/lib/python3.11/site-packages/mob_suite/utils.py:1275]
2026-02-19 13:14:16,851 root INFO: Filtering contig: 64_1d5dafd1942d549e7f7068b90b1b1d71_circular=false_5014 due to repetitive sequence [in /home/kgontjes/.conda/envs/mobsuite_v3_1_9/lib/python3.11/site-packages/mob_suite/utils.py:1275]
2026-02-19 13:14:16,851 root INFO: Filtering contig: 81_82690a976f0502f90c7a203e97f2df17_circular=false_1596 due to repetitive sequence [in /home/kgontjes/.conda/envs/mobsuite_v3_1_9/lib/python3.11/site-packages/mob_suite/utils.py:1275]
2026-02-19 13:14:16,851 root INFO: Filtering contig: 89_a1616d1252093f01097b7b5481a87f89_circular=false_1291 due to repetitive sequence [in /home/kgontjes/.conda/envs/mobsuite_v3_1_9/lib/python3.11/site-packages/mob_suite/utils.py:1275]
2026-02-19 13:14:16,853 root INFO: Blasting contigs against reference sequence db: /home/kgontjes/.conda/envs/mobsuite_v3_1_9/lib/python3.11/site-packages/mob_suite/databases/ncbi_plasmid_full_seqs.fas [in /home/kgontjes/.conda/envs/mobsuite_v3_1_9/lib/python3.11/site-packages/mob_suite/mob_recon.py:1264]
/home/kgontjes/.conda/envs/mobsuite_v3_1_9/lib/python3.11/site-packages/mob_suite/utils.py:338: FutureWarning: the 'line_terminator'' keyword is deprecated, use 'lineterminator' instead.
  blast_df.to_csv(blast_results_file, sep='\t', header=True, line_terminator='\n', index=False)
2026-02-19 13:15:34,117 root INFO: Filtering contig blast results: /nfs/turbo/umms-esnitkin/Project_Penn_KPC/Analysis/Combination_resistance/pre-intro-blbli-resistance-ms/data/evolution_experiment/mobsuite_short/PCMP_H226_MVB_R/__tmp/contig_blast_results.txt [in /home/kgontjes/.conda/envs/mobsuite_v3_1_9/lib/python3.11/site-packages/mob_suite/mob_recon.py:1269]
2026-02-19 13:15:39,260 root INFO: Assigning contigs to plasmid groups [in /home/kgontjes/.conda/envs/mobsuite_v3_1_9/lib/python3.11/site-packages/mob_suite/mob_recon.py:1284]
2026-02-19 13:16:01,876 root INFO: Writting contig results to /nfs/turbo/umms-esnitkin/Project_Penn_KPC/Analysis/Combination_resistance/pre-intro-blbli-resistance-ms/data/evolution_experiment/mobsuite_short/PCMP_H226_MVB_R/contig_report.txt [in /home/kgontjes/.conda/envs/mobsuite_v3_1_9/lib/python3.11/site-packages/mob_suite/mob_recon.py:1387]
2026-02-19 13:16:03,440 root INFO: Writting plasmid sequences to /nfs/turbo/umms-esnitkin/Project_Penn_KPC/Analysis/Combination_resistance/pre-intro-blbli-resistance-ms/data/evolution_experiment/mobsuite_short/PCMP_H226_MVB_R/plasmid_AA274.fasta [in /home/kgontjes/.conda/envs/mobsuite_v3_1_9/lib/python3.11/site-packages/mob_suite/utils.py:971]
/home/kgontjes/.conda/envs/mobsuite_v3_1_9/lib/python3.11/site-packages/ete3/ncbi_taxonomy/ncbiquery.py:243: UserWarning: taxid 211759 was translated into 615
  warnings.warn("taxid %s was translated into %s" %(taxid, merged_conversion[taxid]))
2026-02-19 13:16:11,468 root INFO: Writting plasmid sequences to /nfs/turbo/umms-esnitkin/Project_Penn_KPC/Analysis/Combination_resistance/pre-intro-blbli-resistance-ms/data/evolution_experiment/mobsuite_short/PCMP_H226_MVB_R/plasmid_AB531.fasta [in /home/kgontjes/.conda/envs/mobsuite_v3_1_9/lib/python3.11/site-packages/mob_suite/utils.py:971]
2026-02-19 13:16:11,859 root INFO: Writting plasmid sequences to /nfs/turbo/umms-esnitkin/Project_Penn_KPC/Analysis/Combination_resistance/pre-intro-blbli-resistance-ms/data/evolution_experiment/mobsuite_short/PCMP_H226_MVB_R/plasmid_AA038.fasta [in /home/kgontjes/.conda/envs/mobsuite_v3_1_9/lib/python3.11/site-packages/mob_suite/utils.py:971]
2026-02-19 13:16:12,315 root INFO: Writting plasmid sequences to /nfs/turbo/umms-esnitkin/Project_Penn_KPC/Analysis/Combination_resistance/pre-intro-blbli-resistance-ms/data/evolution_experiment/mobsuite_short/PCMP_H226_MVB_R/plasmid_AD548.fasta [in /home/kgontjes/.conda/envs/mobsuite_v3_1_9/lib/python3.11/site-packages/mob_suite/utils.py:971]
2026-02-19 13:16:12,813 root INFO: Writting plasmid sequences to /nfs/turbo/umms-esnitkin/Project_Penn_KPC/Analysis/Combination_resistance/pre-intro-blbli-resistance-ms/data/evolution_experiment/mobsuite_short/PCMP_H226_MVB_R/plasmid_AG658.fasta [in /home/kgontjes/.conda/envs/mobsuite_v3_1_9/lib/python3.11/site-packages/mob_suite/utils.py:971]
2026-02-19 13:16:13,032 root INFO: Writting plasmid sequences to /nfs/turbo/umms-esnitkin/Project_Penn_KPC/Analysis/Combination_resistance/pre-intro-blbli-resistance-ms/data/evolution_experiment/mobsuite_short/PCMP_H226_MVB_R/plasmid_AB595.fasta [in /home/kgontjes/.conda/envs/mobsuite_v3_1_9/lib/python3.11/site-packages/mob_suite/utils.py:971]
2026-02-19 13:16:13,448 root INFO: Writting plasmid sequences to /nfs/turbo/umms-esnitkin/Project_Penn_KPC/Analysis/Combination_resistance/pre-intro-blbli-resistance-ms/data/evolution_experiment/mobsuite_short/PCMP_H226_MVB_R/plasmid_AA541.fasta [in /home/kgontjes/.conda/envs/mobsuite_v3_1_9/lib/python3.11/site-packages/mob_suite/utils.py:971]
2026-02-19 13:16:15,387 root INFO: Writting chromosome sequences to /nfs/turbo/umms-esnitkin/Project_Penn_KPC/Analysis/Combination_resistance/pre-intro-blbli-resistance-ms/data/evolution_experiment/mobsuite_short/PCMP_H226_MVB_R/chromosome.fasta [in /home/kgontjes/.conda/envs/mobsuite_v3_1_9/lib/python3.11/site-packages/mob_suite/mob_recon.py:1404]
/home/kgontjes/.conda/envs/mobsuite_v3_1_9/lib/python3.11/site-packages/mob_suite/utils.py:338: FutureWarning: the 'line_terminator'' keyword is deprecated, use 'lineterminator' instead.
  blast_df.to_csv(blast_results_file, sep='\t', header=True, line_terminator='\n', index=False)
2026-02-19 13:16:16,386 root INFO: Creating plasmid biomarkers report ... [in /home/kgontjes/.conda/envs/mobsuite_v3_1_9/lib/python3.11/site-packages/mob_suite/utils.py:1382]
2026-02-19 13:16:16,558 root INFO: Writting plasmid biomarkers report contaning 39 biomarkers [in /home/kgontjes/.conda/envs/mobsuite_v3_1_9/lib/python3.11/site-packages/mob_suite/mob_recon.py:1478]
2026-02-19 13:16:16,561 root INFO: Cleaning up temporary files /nfs/turbo/umms-esnitkin/Project_Penn_KPC/Analysis/Combination_resistance/pre-intro-blbli-resistance-ms/data/evolution_experiment/mobsuite_short/PCMP_H226_MVB_R/__tmp [in /home/kgontjes/.conda/envs/mobsuite_v3_1_9/lib/python3.11/site-packages/mob_suite/mob_recon.py:1484]
2026-02-19 13:16:16,581 mob_suite.mob_recon INFO: MOB-recon completed and results written to /nfs/turbo/umms-esnitkin/Project_Penn_KPC/Analysis/Combination_resistance/pre-intro-blbli-resistance-ms/data/evolution_experiment/mobsuite_short/PCMP_H226_MVB_R [in /home/kgontjes/.conda/envs/mobsuite_v3_1_9/lib/python3.11/site-packages/mob_suite/mob_recon.py:1486]
