mob_recon 3.1.9
mob_typer 3.1.9
PCMP_H19
mob_recon --infile /nfs/turbo/umms-esnitkin/Project_Penn_KPC/Sequence_data/assembly/hybrid/polypolish/PCMP_H19/PCMP_H19/PCMP_H19\_flye_medaka_polypolish.fasta --outdir /nfs/turbo/umms-esnitkin/Project_Penn_KPC/Analysis/Combination_resistance/pre-intro-blbli-resistance-ms/data/evolution_experiment/mobsuite_evolved/PCMP_H19 
PCMP_H019_MVB_R
mob_recon --infile /nfs/turbo/umms-esnitkin/Project_Penn_KPC/Sequence_data/assembly/hybrid/polypolish/PCMP_H019_MVB_R/PCMP_H019_MVB_R/PCMP_H019_MVB_R\_flye_medaka_polypolish.fasta --outdir /nfs/turbo/umms-esnitkin/Project_Penn_KPC/Analysis/Combination_resistance/pre-intro-blbli-resistance-ms/data/evolution_experiment/mobsuite_evolved/PCMP_H019_MVB_R 
PCMP_H116
mob_recon --infile /nfs/turbo/umms-esnitkin/Project_Penn_KPC/Sequence_data/assembly/hybrid/polypolish/PCMP_H116/PCMP_H116/PCMP_H116\_flye_medaka_polypolish.fasta --outdir /nfs/turbo/umms-esnitkin/Project_Penn_KPC/Analysis/Combination_resistance/pre-intro-blbli-resistance-ms/data/evolution_experiment/mobsuite_evolved/PCMP_H116 
PCMP_H116_MVB_R
mob_recon --infile /nfs/turbo/umms-esnitkin/Project_Penn_KPC/Sequence_data/assembly/hybrid/polypolish/PCMP_H116_MVB_R/PCMP_H116_MVB_R/PCMP_H116_MVB_R\_flye_medaka_polypolish.fasta --outdir /nfs/turbo/umms-esnitkin/Project_Penn_KPC/Analysis/Combination_resistance/pre-intro-blbli-resistance-ms/data/evolution_experiment/mobsuite_evolved/PCMP_H116_MVB_R 
PCMP_H226
mob_recon --infile /nfs/turbo/umms-esnitkin/Project_Penn_KPC/Sequence_data/assembly/hybrid/polypolish/PCMP_H226/PCMP_H226/PCMP_H226\_flye_medaka_polypolish.fasta --outdir /nfs/turbo/umms-esnitkin/Project_Penn_KPC/Analysis/Combination_resistance/pre-intro-blbli-resistance-ms/data/evolution_experiment/mobsuite_evolved/PCMP_H226 
PCMP_H226_MVB_R
mob_recon --infile /nfs/turbo/umms-esnitkin/Project_Penn_KPC/Sequence_data/assembly/hybrid/polypolish/PCMP_H226_MVB_R/PCMP_H226_MVB_R/PCMP_H226_MVB_R\_flye_medaka_polypolish.fasta --outdir /nfs/turbo/umms-esnitkin/Project_Penn_KPC/Analysis/Combination_resistance/pre-intro-blbli-resistance-ms/data/evolution_experiment/mobsuite_evolved/PCMP_H226_MVB_R 
PCMP_H318_MVB_R
mob_recon --infile /nfs/turbo/umms-esnitkin/Project_Penn_KPC/Sequence_data/assembly/hybrid/polypolish/PCMP_H318_MVB_R/PCMP_H318_MVB_R/PCMP_H318_MVB_R\_flye_medaka_polypolish.fasta --outdir /nfs/turbo/umms-esnitkin/Project_Penn_KPC/Analysis/Combination_resistance/pre-intro-blbli-resistance-ms/data/evolution_experiment/mobsuite_evolved/PCMP_H318_MVB_R 
PCMP_H323
mob_recon --infile /nfs/turbo/umms-esnitkin/Project_Penn_KPC/Sequence_data/assembly/hybrid/polypolish/PCMP_H323/PCMP_H323/PCMP_H323\_flye_medaka_polypolish.fasta --outdir /nfs/turbo/umms-esnitkin/Project_Penn_KPC/Analysis/Combination_resistance/pre-intro-blbli-resistance-ms/data/evolution_experiment/mobsuite_evolved/PCMP_H323 
PCMP_H323_MVB_R
mob_recon --infile /nfs/turbo/umms-esnitkin/Project_Penn_KPC/Sequence_data/assembly/hybrid/polypolish/PCMP_H323_MVB_R/PCMP_H323_MVB_R/PCMP_H323_MVB_R\_flye_medaka_polypolish.fasta --outdir /nfs/turbo/umms-esnitkin/Project_Penn_KPC/Analysis/Combination_resistance/pre-intro-blbli-resistance-ms/data/evolution_experiment/mobsuite_evolved/PCMP_H323_MVB_R 
PCMP_H414
mob_recon --infile /nfs/turbo/umms-esnitkin/Project_Penn_KPC/Sequence_data/assembly/hybrid/polypolish/PCMP_H414/PCMP_H414/PCMP_H414\_flye_medaka_polypolish.fasta --outdir /nfs/turbo/umms-esnitkin/Project_Penn_KPC/Analysis/Combination_resistance/pre-intro-blbli-resistance-ms/data/evolution_experiment/mobsuite_evolved/PCMP_H414 
PCMP_H414_MVB_R
mob_recon --infile /nfs/turbo/umms-esnitkin/Project_Penn_KPC/Sequence_data/assembly/hybrid/polypolish/PCMP_H414_MVB_R/PCMP_H414_MVB_R/PCMP_H414_MVB_R\_flye_medaka_polypolish.fasta --outdir /nfs/turbo/umms-esnitkin/Project_Penn_KPC/Analysis/Combination_resistance/pre-intro-blbli-resistance-ms/data/evolution_experiment/mobsuite_evolved/PCMP_H414_MVB_R 
PCMP_H464
mob_recon --infile /nfs/turbo/umms-esnitkin/Project_Penn_KPC/Sequence_data/assembly/hybrid/polypolish/PCMP_H464/PCMP_H464/PCMP_H464\_flye_medaka_polypolish.fasta --outdir /nfs/turbo/umms-esnitkin/Project_Penn_KPC/Analysis/Combination_resistance/pre-intro-blbli-resistance-ms/data/evolution_experiment/mobsuite_evolved/PCMP_H464 
PCMP_H464_MVB_R
mob_recon --infile /nfs/turbo/umms-esnitkin/Project_Penn_KPC/Sequence_data/assembly/hybrid/polypolish/PCMP_H464_MVB_R/PCMP_H464_MVB_R/PCMP_H464_MVB_R\_flye_medaka_polypolish.fasta --outdir /nfs/turbo/umms-esnitkin/Project_Penn_KPC/Analysis/Combination_resistance/pre-intro-blbli-resistance-ms/data/evolution_experiment/mobsuite_evolved/PCMP_H464_MVB_R 
2026-02-17 11:51:57,111 mob_suite.mob_recon INFO: MOB-recon version 3.1.9  [in /home/kgontjes/.conda/envs/mobsuite_v3_1_9/lib/python3.11/site-packages/mob_suite/mob_recon.py:984]
2026-02-17 11:51:57,111 mob_suite.mob_recon INFO: SUCCESS: Found program blastn at /home/kgontjes/.conda/envs/mobsuite_v3_1_9/bin/blastn [in /home/kgontjes/.conda/envs/mobsuite_v3_1_9/lib/python3.11/site-packages/mob_suite/utils.py:597]
2026-02-17 11:51:57,111 mob_suite.mob_recon INFO: SUCCESS: Found program makeblastdb at /home/kgontjes/.conda/envs/mobsuite_v3_1_9/bin/makeblastdb [in /home/kgontjes/.conda/envs/mobsuite_v3_1_9/lib/python3.11/site-packages/mob_suite/utils.py:597]
2026-02-17 11:51:57,111 mob_suite.mob_recon INFO: SUCCESS: Found program tblastn at /home/kgontjes/.conda/envs/mobsuite_v3_1_9/bin/tblastn [in /home/kgontjes/.conda/envs/mobsuite_v3_1_9/lib/python3.11/site-packages/mob_suite/utils.py:597]
2026-02-17 11:51:57,117 mob_suite.mob_recon INFO: Processing fasta file /nfs/turbo/umms-esnitkin/Project_Penn_KPC/Sequence_data/assembly/hybrid/polypolish/PCMP_H19/PCMP_H19/PCMP_H19_flye_medaka_polypolish.fasta [in /home/kgontjes/.conda/envs/mobsuite_v3_1_9/lib/python3.11/site-packages/mob_suite/mob_recon.py:1011]
2026-02-17 11:51:57,117 mob_suite.mob_recon INFO: Analysis directory /nfs/turbo/umms-esnitkin/Project_Penn_KPC/Analysis/Combination_resistance/pre-intro-blbli-resistance-ms/data/evolution_experiment/mobsuite_evolved/PCMP_H19 [in /home/kgontjes/.conda/envs/mobsuite_v3_1_9/lib/python3.11/site-packages/mob_suite/mob_recon.py:1012]
2026-02-17 11:51:59,132 mob_suite.mob_recon INFO: Writing cleaned header input fasta file from /nfs/turbo/umms-esnitkin/Project_Penn_KPC/Sequence_data/assembly/hybrid/polypolish/PCMP_H19/PCMP_H19/PCMP_H19_flye_medaka_polypolish.fasta to /nfs/turbo/umms-esnitkin/Project_Penn_KPC/Analysis/Combination_resistance/pre-intro-blbli-resistance-ms/data/evolution_experiment/mobsuite_evolved/PCMP_H19/__tmp/fixed.input.fasta [in /home/kgontjes/.conda/envs/mobsuite_v3_1_9/lib/python3.11/site-packages/mob_suite/mob_recon.py:1107]
2026-02-17 11:51:59,962 root INFO: Blasting replicon sequences /home/kgontjes/.conda/envs/mobsuite_v3_1_9/lib/python3.11/site-packages/mob_suite/databases/rep.dna.fas against /nfs/turbo/umms-esnitkin/Project_Penn_KPC/Analysis/Combination_resistance/pre-intro-blbli-resistance-ms/data/evolution_experiment/mobsuite_evolved/PCMP_H19/__tmp/fixed.input.fasta [in /home/kgontjes/.conda/envs/mobsuite_v3_1_9/lib/python3.11/site-packages/mob_suite/utils.py:1163]
/home/kgontjes/.conda/envs/mobsuite_v3_1_9/lib/python3.11/site-packages/mob_suite/utils.py:338: FutureWarning: the 'line_terminator'' keyword is deprecated, use 'lineterminator' instead.
  blast_df.to_csv(blast_results_file, sep='\t', header=True, line_terminator='\n', index=False)
2026-02-17 11:52:00,724 root INFO: Filtering replicon blast results /nfs/turbo/umms-esnitkin/Project_Penn_KPC/Analysis/Combination_resistance/pre-intro-blbli-resistance-ms/data/evolution_experiment/mobsuite_evolved/PCMP_H19/__tmp/replicon_blast_results.txt  [in /home/kgontjes/.conda/envs/mobsuite_v3_1_9/lib/python3.11/site-packages/mob_suite/utils.py:1168]
2026-02-17 11:52:00,783 root INFO: Blasting relaxase sequences /home/kgontjes/.conda/envs/mobsuite_v3_1_9/lib/python3.11/site-packages/mob_suite/databases/mob.proteins.faa against /nfs/turbo/umms-esnitkin/Project_Penn_KPC/Analysis/Combination_resistance/pre-intro-blbli-resistance-ms/data/evolution_experiment/mobsuite_evolved/PCMP_H19/__tmp/fixed.input.fasta [in /home/kgontjes/.conda/envs/mobsuite_v3_1_9/lib/python3.11/site-packages/mob_suite/utils.py:1186]
/home/kgontjes/.conda/envs/mobsuite_v3_1_9/lib/python3.11/site-packages/mob_suite/utils.py:365: FutureWarning: the 'line_terminator'' keyword is deprecated, use 'lineterminator' instead.
  blast_df.to_csv(blast_results_file, sep='\t', header=True, line_terminator='\n', index=False)
2026-02-17 11:53:28,687 root INFO: Filtering relaxase blast results /nfs/turbo/umms-esnitkin/Project_Penn_KPC/Analysis/Combination_resistance/pre-intro-blbli-resistance-ms/data/evolution_experiment/mobsuite_evolved/PCMP_H19/__tmp/mob_blast_results.txt  [in /home/kgontjes/.conda/envs/mobsuite_v3_1_9/lib/python3.11/site-packages/mob_suite/utils.py:1191]
2026-02-17 11:53:28,711 root INFO: Blasting MPF sequences /home/kgontjes/.conda/envs/mobsuite_v3_1_9/lib/python3.11/site-packages/mob_suite/databases/mpf.proteins.faa against /nfs/turbo/umms-esnitkin/Project_Penn_KPC/Analysis/Combination_resistance/pre-intro-blbli-resistance-ms/data/evolution_experiment/mobsuite_evolved/PCMP_H19/__tmp/fixed.input.fasta [in /home/kgontjes/.conda/envs/mobsuite_v3_1_9/lib/python3.11/site-packages/mob_suite/utils.py:1210]
/home/kgontjes/.conda/envs/mobsuite_v3_1_9/lib/python3.11/site-packages/mob_suite/utils.py:365: FutureWarning: the 'line_terminator'' keyword is deprecated, use 'lineterminator' instead.
  blast_df.to_csv(blast_results_file, sep='\t', header=True, line_terminator='\n', index=False)
2026-02-17 11:54:29,375 root INFO: Filtering MPF blast results /nfs/turbo/umms-esnitkin/Project_Penn_KPC/Analysis/Combination_resistance/pre-intro-blbli-resistance-ms/data/evolution_experiment/mobsuite_evolved/PCMP_H19/__tmp/mpf_blast_results.txt  [in /home/kgontjes/.conda/envs/mobsuite_v3_1_9/lib/python3.11/site-packages/mob_suite/utils.py:1225]
2026-02-17 11:54:29,376 root INFO: Blasting orit sequences /home/kgontjes/.conda/envs/mobsuite_v3_1_9/lib/python3.11/site-packages/mob_suite/databases/orit.fas against /nfs/turbo/umms-esnitkin/Project_Penn_KPC/Analysis/Combination_resistance/pre-intro-blbli-resistance-ms/data/evolution_experiment/mobsuite_evolved/PCMP_H19/__tmp/fixed.input.fasta [in /home/kgontjes/.conda/envs/mobsuite_v3_1_9/lib/python3.11/site-packages/mob_suite/utils.py:1234]
2026-02-17 11:54:29,548 root INFO: Filtering orit blast results /nfs/turbo/umms-esnitkin/Project_Penn_KPC/Analysis/Combination_resistance/pre-intro-blbli-resistance-ms/data/evolution_experiment/mobsuite_evolved/PCMP_H19/__tmp/orit_blast_results.txt  [in /home/kgontjes/.conda/envs/mobsuite_v3_1_9/lib/python3.11/site-packages/mob_suite/utils.py:1239]
2026-02-17 11:54:29,548 root WARNING: No BLASTN results to parse from file /nfs/turbo/umms-esnitkin/Project_Penn_KPC/Analysis/Combination_resistance/pre-intro-blbli-resistance-ms/data/evolution_experiment/mobsuite_evolved/PCMP_H19/__tmp/orit_blast_results.txt [in /home/kgontjes/.conda/envs/mobsuite_v3_1_9/lib/python3.11/site-packages/mob_suite/blast/__init__.py:181]
2026-02-17 11:54:29,549 root INFO: Blasting contigs against repetitive sequences db: /home/kgontjes/.conda/envs/mobsuite_v3_1_9/lib/python3.11/site-packages/mob_suite/databases/repetitive.dna.fas [in /home/kgontjes/.conda/envs/mobsuite_v3_1_9/lib/python3.11/site-packages/mob_suite/utils.py:1256]
/home/kgontjes/.conda/envs/mobsuite_v3_1_9/lib/python3.11/site-packages/mob_suite/utils.py:338: FutureWarning: the 'line_terminator'' keyword is deprecated, use 'lineterminator' instead.
  blast_df.to_csv(blast_results_file, sep='\t', header=True, line_terminator='\n', index=False)
2026-02-17 11:54:30,549 root INFO: Filtering repetitive blast results /nfs/turbo/umms-esnitkin/Project_Penn_KPC/Analysis/Combination_resistance/pre-intro-blbli-resistance-ms/data/evolution_experiment/mobsuite_evolved/PCMP_H19/__tmp/repetitive_blast_results.txt  [in /home/kgontjes/.conda/envs/mobsuite_v3_1_9/lib/python3.11/site-packages/mob_suite/utils.py:1260]
2026-02-17 11:54:30,554 root INFO: Blasting contigs against reference sequence db: /home/kgontjes/.conda/envs/mobsuite_v3_1_9/lib/python3.11/site-packages/mob_suite/databases/ncbi_plasmid_full_seqs.fas [in /home/kgontjes/.conda/envs/mobsuite_v3_1_9/lib/python3.11/site-packages/mob_suite/mob_recon.py:1264]
/home/kgontjes/.conda/envs/mobsuite_v3_1_9/lib/python3.11/site-packages/mob_suite/utils.py:338: FutureWarning: the 'line_terminator'' keyword is deprecated, use 'lineterminator' instead.
  blast_df.to_csv(blast_results_file, sep='\t', header=True, line_terminator='\n', index=False)
2026-02-17 11:55:46,883 root INFO: Filtering contig blast results: /nfs/turbo/umms-esnitkin/Project_Penn_KPC/Analysis/Combination_resistance/pre-intro-blbli-resistance-ms/data/evolution_experiment/mobsuite_evolved/PCMP_H19/__tmp/contig_blast_results.txt [in /home/kgontjes/.conda/envs/mobsuite_v3_1_9/lib/python3.11/site-packages/mob_suite/mob_recon.py:1269]
2026-02-17 11:55:47,435 root INFO: Assigning contigs to plasmid groups [in /home/kgontjes/.conda/envs/mobsuite_v3_1_9/lib/python3.11/site-packages/mob_suite/mob_recon.py:1284]
2026-02-17 11:55:52,779 root INFO: Writting contig results to /nfs/turbo/umms-esnitkin/Project_Penn_KPC/Analysis/Combination_resistance/pre-intro-blbli-resistance-ms/data/evolution_experiment/mobsuite_evolved/PCMP_H19/contig_report.txt [in /home/kgontjes/.conda/envs/mobsuite_v3_1_9/lib/python3.11/site-packages/mob_suite/mob_recon.py:1387]
2026-02-17 11:55:54,324 root INFO: Writting plasmid sequences to /nfs/turbo/umms-esnitkin/Project_Penn_KPC/Analysis/Combination_resistance/pre-intro-blbli-resistance-ms/data/evolution_experiment/mobsuite_evolved/PCMP_H19/plasmid_AA275.fasta [in /home/kgontjes/.conda/envs/mobsuite_v3_1_9/lib/python3.11/site-packages/mob_suite/utils.py:971]
2026-02-17 11:55:54,804 root INFO: Writting plasmid sequences to /nfs/turbo/umms-esnitkin/Project_Penn_KPC/Analysis/Combination_resistance/pre-intro-blbli-resistance-ms/data/evolution_experiment/mobsuite_evolved/PCMP_H19/plasmid_AA941.fasta [in /home/kgontjes/.conda/envs/mobsuite_v3_1_9/lib/python3.11/site-packages/mob_suite/utils.py:971]
2026-02-17 11:55:55,203 root INFO: Writting chromosome sequences to /nfs/turbo/umms-esnitkin/Project_Penn_KPC/Analysis/Combination_resistance/pre-intro-blbli-resistance-ms/data/evolution_experiment/mobsuite_evolved/PCMP_H19/chromosome.fasta [in /home/kgontjes/.conda/envs/mobsuite_v3_1_9/lib/python3.11/site-packages/mob_suite/mob_recon.py:1404]
/home/kgontjes/.conda/envs/mobsuite_v3_1_9/lib/python3.11/site-packages/mob_suite/utils.py:338: FutureWarning: the 'line_terminator'' keyword is deprecated, use 'lineterminator' instead.
  blast_df.to_csv(blast_results_file, sep='\t', header=True, line_terminator='\n', index=False)
2026-02-17 11:55:56,335 root INFO: Creating plasmid biomarkers report ... [in /home/kgontjes/.conda/envs/mobsuite_v3_1_9/lib/python3.11/site-packages/mob_suite/utils.py:1382]
2026-02-17 11:55:56,494 root INFO: Writting plasmid biomarkers report contaning 39 biomarkers [in /home/kgontjes/.conda/envs/mobsuite_v3_1_9/lib/python3.11/site-packages/mob_suite/mob_recon.py:1478]
2026-02-17 11:55:56,497 root INFO: Cleaning up temporary files /nfs/turbo/umms-esnitkin/Project_Penn_KPC/Analysis/Combination_resistance/pre-intro-blbli-resistance-ms/data/evolution_experiment/mobsuite_evolved/PCMP_H19/__tmp [in /home/kgontjes/.conda/envs/mobsuite_v3_1_9/lib/python3.11/site-packages/mob_suite/mob_recon.py:1484]
2026-02-17 11:55:56,513 mob_suite.mob_recon INFO: MOB-recon completed and results written to /nfs/turbo/umms-esnitkin/Project_Penn_KPC/Analysis/Combination_resistance/pre-intro-blbli-resistance-ms/data/evolution_experiment/mobsuite_evolved/PCMP_H19 [in /home/kgontjes/.conda/envs/mobsuite_v3_1_9/lib/python3.11/site-packages/mob_suite/mob_recon.py:1486]
Not 1_ce3af146c1fff24b43c01303af66079a_circular=true_136274 to cluster AA434 assigned as already present in cluster AA434
Not 2_062e0e5c4f0fd87101648f438bc8ae85_circular=true_62881 to cluster AA357 assigned as already present in cluster AA357
Not 3_17446aac867c50a266ea422f3462bb76_circular=true_45068 to cluster AA357 assigned as already present in cluster AA357
2026-02-17 11:51:57,117 mob_suite.mob_recon INFO: MOB-recon version 3.1.9  [in /home/kgontjes/.conda/envs/mobsuite_v3_1_9/lib/python3.11/site-packages/mob_suite/mob_recon.py:984]
2026-02-17 11:51:57,117 mob_suite.mob_recon INFO: SUCCESS: Found program blastn at /home/kgontjes/.conda/envs/mobsuite_v3_1_9/bin/blastn [in /home/kgontjes/.conda/envs/mobsuite_v3_1_9/lib/python3.11/site-packages/mob_suite/utils.py:597]
2026-02-17 11:51:57,117 mob_suite.mob_recon INFO: SUCCESS: Found program makeblastdb at /home/kgontjes/.conda/envs/mobsuite_v3_1_9/bin/makeblastdb [in /home/kgontjes/.conda/envs/mobsuite_v3_1_9/lib/python3.11/site-packages/mob_suite/utils.py:597]
2026-02-17 11:51:57,117 mob_suite.mob_recon INFO: SUCCESS: Found program tblastn at /home/kgontjes/.conda/envs/mobsuite_v3_1_9/bin/tblastn [in /home/kgontjes/.conda/envs/mobsuite_v3_1_9/lib/python3.11/site-packages/mob_suite/utils.py:597]
2026-02-17 11:51:57,119 mob_suite.mob_recon INFO: Processing fasta file /nfs/turbo/umms-esnitkin/Project_Penn_KPC/Sequence_data/assembly/hybrid/polypolish/PCMP_H116_MVB_R/PCMP_H116_MVB_R/PCMP_H116_MVB_R_flye_medaka_polypolish.fasta [in /home/kgontjes/.conda/envs/mobsuite_v3_1_9/lib/python3.11/site-packages/mob_suite/mob_recon.py:1011]
2026-02-17 11:51:57,120 mob_suite.mob_recon INFO: Analysis directory /nfs/turbo/umms-esnitkin/Project_Penn_KPC/Analysis/Combination_resistance/pre-intro-blbli-resistance-ms/data/evolution_experiment/mobsuite_evolved/PCMP_H116_MVB_R [in /home/kgontjes/.conda/envs/mobsuite_v3_1_9/lib/python3.11/site-packages/mob_suite/mob_recon.py:1012]
2026-02-17 11:51:59,150 mob_suite.mob_recon INFO: Writing cleaned header input fasta file from /nfs/turbo/umms-esnitkin/Project_Penn_KPC/Sequence_data/assembly/hybrid/polypolish/PCMP_H116_MVB_R/PCMP_H116_MVB_R/PCMP_H116_MVB_R_flye_medaka_polypolish.fasta to /nfs/turbo/umms-esnitkin/Project_Penn_KPC/Analysis/Combination_resistance/pre-intro-blbli-resistance-ms/data/evolution_experiment/mobsuite_evolved/PCMP_H116_MVB_R/__tmp/fixed.input.fasta [in /home/kgontjes/.conda/envs/mobsuite_v3_1_9/lib/python3.11/site-packages/mob_suite/mob_recon.py:1107]
2026-02-17 11:51:59,940 root INFO: Blasting replicon sequences /home/kgontjes/.conda/envs/mobsuite_v3_1_9/lib/python3.11/site-packages/mob_suite/databases/rep.dna.fas against /nfs/turbo/umms-esnitkin/Project_Penn_KPC/Analysis/Combination_resistance/pre-intro-blbli-resistance-ms/data/evolution_experiment/mobsuite_evolved/PCMP_H116_MVB_R/__tmp/fixed.input.fasta [in /home/kgontjes/.conda/envs/mobsuite_v3_1_9/lib/python3.11/site-packages/mob_suite/utils.py:1163]
/home/kgontjes/.conda/envs/mobsuite_v3_1_9/lib/python3.11/site-packages/mob_suite/utils.py:338: FutureWarning: the 'line_terminator'' keyword is deprecated, use 'lineterminator' instead.
  blast_df.to_csv(blast_results_file, sep='\t', header=True, line_terminator='\n', index=False)
2026-02-17 11:52:00,712 root INFO: Filtering replicon blast results /nfs/turbo/umms-esnitkin/Project_Penn_KPC/Analysis/Combination_resistance/pre-intro-blbli-resistance-ms/data/evolution_experiment/mobsuite_evolved/PCMP_H116_MVB_R/__tmp/replicon_blast_results.txt  [in /home/kgontjes/.conda/envs/mobsuite_v3_1_9/lib/python3.11/site-packages/mob_suite/utils.py:1168]
2026-02-17 11:52:00,741 root INFO: Blasting relaxase sequences /home/kgontjes/.conda/envs/mobsuite_v3_1_9/lib/python3.11/site-packages/mob_suite/databases/mob.proteins.faa against /nfs/turbo/umms-esnitkin/Project_Penn_KPC/Analysis/Combination_resistance/pre-intro-blbli-resistance-ms/data/evolution_experiment/mobsuite_evolved/PCMP_H116_MVB_R/__tmp/fixed.input.fasta [in /home/kgontjes/.conda/envs/mobsuite_v3_1_9/lib/python3.11/site-packages/mob_suite/utils.py:1186]
/home/kgontjes/.conda/envs/mobsuite_v3_1_9/lib/python3.11/site-packages/mob_suite/utils.py:365: FutureWarning: the 'line_terminator'' keyword is deprecated, use 'lineterminator' instead.
  blast_df.to_csv(blast_results_file, sep='\t', header=True, line_terminator='\n', index=False)
2026-02-17 11:53:30,457 root INFO: Filtering relaxase blast results /nfs/turbo/umms-esnitkin/Project_Penn_KPC/Analysis/Combination_resistance/pre-intro-blbli-resistance-ms/data/evolution_experiment/mobsuite_evolved/PCMP_H116_MVB_R/__tmp/mob_blast_results.txt  [in /home/kgontjes/.conda/envs/mobsuite_v3_1_9/lib/python3.11/site-packages/mob_suite/utils.py:1191]
2026-02-17 11:53:30,476 root INFO: Blasting MPF sequences /home/kgontjes/.conda/envs/mobsuite_v3_1_9/lib/python3.11/site-packages/mob_suite/databases/mpf.proteins.faa against /nfs/turbo/umms-esnitkin/Project_Penn_KPC/Analysis/Combination_resistance/pre-intro-blbli-resistance-ms/data/evolution_experiment/mobsuite_evolved/PCMP_H116_MVB_R/__tmp/fixed.input.fasta [in /home/kgontjes/.conda/envs/mobsuite_v3_1_9/lib/python3.11/site-packages/mob_suite/utils.py:1210]
/home/kgontjes/.conda/envs/mobsuite_v3_1_9/lib/python3.11/site-packages/mob_suite/utils.py:365: FutureWarning: the 'line_terminator'' keyword is deprecated, use 'lineterminator' instead.
  blast_df.to_csv(blast_results_file, sep='\t', header=True, line_terminator='\n', index=False)
2026-02-17 11:54:33,948 root INFO: Filtering MPF blast results /nfs/turbo/umms-esnitkin/Project_Penn_KPC/Analysis/Combination_resistance/pre-intro-blbli-resistance-ms/data/evolution_experiment/mobsuite_evolved/PCMP_H116_MVB_R/__tmp/mpf_blast_results.txt  [in /home/kgontjes/.conda/envs/mobsuite_v3_1_9/lib/python3.11/site-packages/mob_suite/utils.py:1225]
2026-02-17 11:54:33,950 root INFO: Blasting orit sequences /home/kgontjes/.conda/envs/mobsuite_v3_1_9/lib/python3.11/site-packages/mob_suite/databases/orit.fas against /nfs/turbo/umms-esnitkin/Project_Penn_KPC/Analysis/Combination_resistance/pre-intro-blbli-resistance-ms/data/evolution_experiment/mobsuite_evolved/PCMP_H116_MVB_R/__tmp/fixed.input.fasta [in /home/kgontjes/.conda/envs/mobsuite_v3_1_9/lib/python3.11/site-packages/mob_suite/utils.py:1234]
/home/kgontjes/.conda/envs/mobsuite_v3_1_9/lib/python3.11/site-packages/mob_suite/utils.py:338: FutureWarning: the 'line_terminator'' keyword is deprecated, use 'lineterminator' instead.
  blast_df.to_csv(blast_results_file, sep='\t', header=True, line_terminator='\n', index=False)
2026-02-17 11:54:34,158 root INFO: Filtering orit blast results /nfs/turbo/umms-esnitkin/Project_Penn_KPC/Analysis/Combination_resistance/pre-intro-blbli-resistance-ms/data/evolution_experiment/mobsuite_evolved/PCMP_H116_MVB_R/__tmp/orit_blast_results.txt  [in /home/kgontjes/.conda/envs/mobsuite_v3_1_9/lib/python3.11/site-packages/mob_suite/utils.py:1239]
2026-02-17 11:54:34,163 root INFO: Blasting contigs against repetitive sequences db: /home/kgontjes/.conda/envs/mobsuite_v3_1_9/lib/python3.11/site-packages/mob_suite/databases/repetitive.dna.fas [in /home/kgontjes/.conda/envs/mobsuite_v3_1_9/lib/python3.11/site-packages/mob_suite/utils.py:1256]
/home/kgontjes/.conda/envs/mobsuite_v3_1_9/lib/python3.11/site-packages/mob_suite/utils.py:338: FutureWarning: the 'line_terminator'' keyword is deprecated, use 'lineterminator' instead.
  blast_df.to_csv(blast_results_file, sep='\t', header=True, line_terminator='\n', index=False)
2026-02-17 11:54:35,204 root INFO: Filtering repetitive blast results /nfs/turbo/umms-esnitkin/Project_Penn_KPC/Analysis/Combination_resistance/pre-intro-blbli-resistance-ms/data/evolution_experiment/mobsuite_evolved/PCMP_H116_MVB_R/__tmp/repetitive_blast_results.txt  [in /home/kgontjes/.conda/envs/mobsuite_v3_1_9/lib/python3.11/site-packages/mob_suite/utils.py:1260]
2026-02-17 11:54:35,212 root INFO: Filtering contig: 3_17446aac867c50a266ea422f3462bb76_circular=true_45068 due to repetitive sequence [in /home/kgontjes/.conda/envs/mobsuite_v3_1_9/lib/python3.11/site-packages/mob_suite/utils.py:1275]
2026-02-17 11:54:35,212 root INFO: Filtering contig: 3_17446aac867c50a266ea422f3462bb76_circular=true_45068 due to repetitive sequence [in /home/kgontjes/.conda/envs/mobsuite_v3_1_9/lib/python3.11/site-packages/mob_suite/utils.py:1275]
2026-02-17 11:54:35,212 root INFO: Filtering contig: 3_17446aac867c50a266ea422f3462bb76_circular=true_45068 due to repetitive sequence [in /home/kgontjes/.conda/envs/mobsuite_v3_1_9/lib/python3.11/site-packages/mob_suite/utils.py:1275]
2026-02-17 11:54:35,212 root INFO: Filtering contig: 3_17446aac867c50a266ea422f3462bb76_circular=true_45068 due to repetitive sequence [in /home/kgontjes/.conda/envs/mobsuite_v3_1_9/lib/python3.11/site-packages/mob_suite/utils.py:1275]
2026-02-17 11:54:35,212 root INFO: Blasting contigs against reference sequence db: /home/kgontjes/.conda/envs/mobsuite_v3_1_9/lib/python3.11/site-packages/mob_suite/databases/ncbi_plasmid_full_seqs.fas [in /home/kgontjes/.conda/envs/mobsuite_v3_1_9/lib/python3.11/site-packages/mob_suite/mob_recon.py:1264]
/home/kgontjes/.conda/envs/mobsuite_v3_1_9/lib/python3.11/site-packages/mob_suite/utils.py:338: FutureWarning: the 'line_terminator'' keyword is deprecated, use 'lineterminator' instead.
  blast_df.to_csv(blast_results_file, sep='\t', header=True, line_terminator='\n', index=False)
2026-02-17 11:55:45,362 root INFO: Filtering contig blast results: /nfs/turbo/umms-esnitkin/Project_Penn_KPC/Analysis/Combination_resistance/pre-intro-blbli-resistance-ms/data/evolution_experiment/mobsuite_evolved/PCMP_H116_MVB_R/__tmp/contig_blast_results.txt [in /home/kgontjes/.conda/envs/mobsuite_v3_1_9/lib/python3.11/site-packages/mob_suite/mob_recon.py:1269]
2026-02-17 11:55:45,608 root INFO: Assigning contigs to plasmid groups [in /home/kgontjes/.conda/envs/mobsuite_v3_1_9/lib/python3.11/site-packages/mob_suite/mob_recon.py:1284]
2026-02-17 11:55:50,303 root INFO: Writting contig results to /nfs/turbo/umms-esnitkin/Project_Penn_KPC/Analysis/Combination_resistance/pre-intro-blbli-resistance-ms/data/evolution_experiment/mobsuite_evolved/PCMP_H116_MVB_R/contig_report.txt [in /home/kgontjes/.conda/envs/mobsuite_v3_1_9/lib/python3.11/site-packages/mob_suite/mob_recon.py:1387]
2026-02-17 11:55:51,882 root INFO: Writting plasmid sequences to /nfs/turbo/umms-esnitkin/Project_Penn_KPC/Analysis/Combination_resistance/pre-intro-blbli-resistance-ms/data/evolution_experiment/mobsuite_evolved/PCMP_H116_MVB_R/plasmid_AA434.fasta [in /home/kgontjes/.conda/envs/mobsuite_v3_1_9/lib/python3.11/site-packages/mob_suite/utils.py:971]
2026-02-17 11:55:52,110 root INFO: Writting plasmid sequences to /nfs/turbo/umms-esnitkin/Project_Penn_KPC/Analysis/Combination_resistance/pre-intro-blbli-resistance-ms/data/evolution_experiment/mobsuite_evolved/PCMP_H116_MVB_R/plasmid_AA357.fasta [in /home/kgontjes/.conda/envs/mobsuite_v3_1_9/lib/python3.11/site-packages/mob_suite/utils.py:971]
/home/kgontjes/.conda/envs/mobsuite_v3_1_9/lib/python3.11/site-packages/ete3/ncbi_taxonomy/ncbiquery.py:243: UserWarning: taxid 211759 was translated into 615
  warnings.warn("taxid %s was translated into %s" %(taxid, merged_conversion[taxid]))
2026-02-17 11:55:55,353 root INFO: Writting chromosome sequences to /nfs/turbo/umms-esnitkin/Project_Penn_KPC/Analysis/Combination_resistance/pre-intro-blbli-resistance-ms/data/evolution_experiment/mobsuite_evolved/PCMP_H116_MVB_R/chromosome.fasta [in /home/kgontjes/.conda/envs/mobsuite_v3_1_9/lib/python3.11/site-packages/mob_suite/mob_recon.py:1404]
/home/kgontjes/.conda/envs/mobsuite_v3_1_9/lib/python3.11/site-packages/mob_suite/utils.py:338: FutureWarning: the 'line_terminator'' keyword is deprecated, use 'lineterminator' instead.
  blast_df.to_csv(blast_results_file, sep='\t', header=True, line_terminator='\n', index=False)
2026-02-17 11:55:56,483 root INFO: Creating plasmid biomarkers report ... [in /home/kgontjes/.conda/envs/mobsuite_v3_1_9/lib/python3.11/site-packages/mob_suite/utils.py:1382]
2026-02-17 11:55:56,575 root INFO: Writting plasmid biomarkers report contaning 27 biomarkers [in /home/kgontjes/.conda/envs/mobsuite_v3_1_9/lib/python3.11/site-packages/mob_suite/mob_recon.py:1478]
2026-02-17 11:55:56,579 root INFO: Cleaning up temporary files /nfs/turbo/umms-esnitkin/Project_Penn_KPC/Analysis/Combination_resistance/pre-intro-blbli-resistance-ms/data/evolution_experiment/mobsuite_evolved/PCMP_H116_MVB_R/__tmp [in /home/kgontjes/.conda/envs/mobsuite_v3_1_9/lib/python3.11/site-packages/mob_suite/mob_recon.py:1484]
2026-02-17 11:55:56,604 mob_suite.mob_recon INFO: MOB-recon completed and results written to /nfs/turbo/umms-esnitkin/Project_Penn_KPC/Analysis/Combination_resistance/pre-intro-blbli-resistance-ms/data/evolution_experiment/mobsuite_evolved/PCMP_H116_MVB_R [in /home/kgontjes/.conda/envs/mobsuite_v3_1_9/lib/python3.11/site-packages/mob_suite/mob_recon.py:1486]
Not 1_dd02aeb81dffcc7d5deba0a6288c4764_circular=true_137962 to cluster AA434 assigned as already present in cluster AA434
Not 2_6556f54498de9fcc1f8f603c8ae77656_circular=true_62881 to cluster AA357 assigned as already present in cluster AA357
Not 3_6471402a323907196f537f5ea48d2e32_circular=true_45068 to cluster AA357 assigned as already present in cluster AA357
2026-02-17 11:51:57,114 mob_suite.mob_recon INFO: MOB-recon version 3.1.9  [in /home/kgontjes/.conda/envs/mobsuite_v3_1_9/lib/python3.11/site-packages/mob_suite/mob_recon.py:984]
2026-02-17 11:51:57,114 mob_suite.mob_recon INFO: SUCCESS: Found program blastn at /home/kgontjes/.conda/envs/mobsuite_v3_1_9/bin/blastn [in /home/kgontjes/.conda/envs/mobsuite_v3_1_9/lib/python3.11/site-packages/mob_suite/utils.py:597]
2026-02-17 11:51:57,114 mob_suite.mob_recon INFO: SUCCESS: Found program makeblastdb at /home/kgontjes/.conda/envs/mobsuite_v3_1_9/bin/makeblastdb [in /home/kgontjes/.conda/envs/mobsuite_v3_1_9/lib/python3.11/site-packages/mob_suite/utils.py:597]
2026-02-17 11:51:57,114 mob_suite.mob_recon INFO: SUCCESS: Found program tblastn at /home/kgontjes/.conda/envs/mobsuite_v3_1_9/bin/tblastn [in /home/kgontjes/.conda/envs/mobsuite_v3_1_9/lib/python3.11/site-packages/mob_suite/utils.py:597]
2026-02-17 11:51:57,117 mob_suite.mob_recon INFO: Processing fasta file /nfs/turbo/umms-esnitkin/Project_Penn_KPC/Sequence_data/assembly/hybrid/polypolish/PCMP_H116/PCMP_H116/PCMP_H116_flye_medaka_polypolish.fasta [in /home/kgontjes/.conda/envs/mobsuite_v3_1_9/lib/python3.11/site-packages/mob_suite/mob_recon.py:1011]
2026-02-17 11:51:57,117 mob_suite.mob_recon INFO: Analysis directory /nfs/turbo/umms-esnitkin/Project_Penn_KPC/Analysis/Combination_resistance/pre-intro-blbli-resistance-ms/data/evolution_experiment/mobsuite_evolved/PCMP_H116 [in /home/kgontjes/.conda/envs/mobsuite_v3_1_9/lib/python3.11/site-packages/mob_suite/mob_recon.py:1012]
2026-02-17 11:51:59,174 mob_suite.mob_recon INFO: Writing cleaned header input fasta file from /nfs/turbo/umms-esnitkin/Project_Penn_KPC/Sequence_data/assembly/hybrid/polypolish/PCMP_H116/PCMP_H116/PCMP_H116_flye_medaka_polypolish.fasta to /nfs/turbo/umms-esnitkin/Project_Penn_KPC/Analysis/Combination_resistance/pre-intro-blbli-resistance-ms/data/evolution_experiment/mobsuite_evolved/PCMP_H116/__tmp/fixed.input.fasta [in /home/kgontjes/.conda/envs/mobsuite_v3_1_9/lib/python3.11/site-packages/mob_suite/mob_recon.py:1107]
2026-02-17 11:51:59,985 root INFO: Blasting replicon sequences /home/kgontjes/.conda/envs/mobsuite_v3_1_9/lib/python3.11/site-packages/mob_suite/databases/rep.dna.fas against /nfs/turbo/umms-esnitkin/Project_Penn_KPC/Analysis/Combination_resistance/pre-intro-blbli-resistance-ms/data/evolution_experiment/mobsuite_evolved/PCMP_H116/__tmp/fixed.input.fasta [in /home/kgontjes/.conda/envs/mobsuite_v3_1_9/lib/python3.11/site-packages/mob_suite/utils.py:1163]
/home/kgontjes/.conda/envs/mobsuite_v3_1_9/lib/python3.11/site-packages/mob_suite/utils.py:338: FutureWarning: the 'line_terminator'' keyword is deprecated, use 'lineterminator' instead.
  blast_df.to_csv(blast_results_file, sep='\t', header=True, line_terminator='\n', index=False)
2026-02-17 11:52:00,786 root INFO: Filtering replicon blast results /nfs/turbo/umms-esnitkin/Project_Penn_KPC/Analysis/Combination_resistance/pre-intro-blbli-resistance-ms/data/evolution_experiment/mobsuite_evolved/PCMP_H116/__tmp/replicon_blast_results.txt  [in /home/kgontjes/.conda/envs/mobsuite_v3_1_9/lib/python3.11/site-packages/mob_suite/utils.py:1168]
2026-02-17 11:52:00,811 root INFO: Blasting relaxase sequences /home/kgontjes/.conda/envs/mobsuite_v3_1_9/lib/python3.11/site-packages/mob_suite/databases/mob.proteins.faa against /nfs/turbo/umms-esnitkin/Project_Penn_KPC/Analysis/Combination_resistance/pre-intro-blbli-resistance-ms/data/evolution_experiment/mobsuite_evolved/PCMP_H116/__tmp/fixed.input.fasta [in /home/kgontjes/.conda/envs/mobsuite_v3_1_9/lib/python3.11/site-packages/mob_suite/utils.py:1186]
/home/kgontjes/.conda/envs/mobsuite_v3_1_9/lib/python3.11/site-packages/mob_suite/utils.py:365: FutureWarning: the 'line_terminator'' keyword is deprecated, use 'lineterminator' instead.
  blast_df.to_csv(blast_results_file, sep='\t', header=True, line_terminator='\n', index=False)
2026-02-17 11:53:33,051 root INFO: Filtering relaxase blast results /nfs/turbo/umms-esnitkin/Project_Penn_KPC/Analysis/Combination_resistance/pre-intro-blbli-resistance-ms/data/evolution_experiment/mobsuite_evolved/PCMP_H116/__tmp/mob_blast_results.txt  [in /home/kgontjes/.conda/envs/mobsuite_v3_1_9/lib/python3.11/site-packages/mob_suite/utils.py:1191]
2026-02-17 11:53:33,073 root INFO: Blasting MPF sequences /home/kgontjes/.conda/envs/mobsuite_v3_1_9/lib/python3.11/site-packages/mob_suite/databases/mpf.proteins.faa against /nfs/turbo/umms-esnitkin/Project_Penn_KPC/Analysis/Combination_resistance/pre-intro-blbli-resistance-ms/data/evolution_experiment/mobsuite_evolved/PCMP_H116/__tmp/fixed.input.fasta [in /home/kgontjes/.conda/envs/mobsuite_v3_1_9/lib/python3.11/site-packages/mob_suite/utils.py:1210]
/home/kgontjes/.conda/envs/mobsuite_v3_1_9/lib/python3.11/site-packages/mob_suite/utils.py:365: FutureWarning: the 'line_terminator'' keyword is deprecated, use 'lineterminator' instead.
  blast_df.to_csv(blast_results_file, sep='\t', header=True, line_terminator='\n', index=False)
2026-02-17 11:54:36,342 root INFO: Filtering MPF blast results /nfs/turbo/umms-esnitkin/Project_Penn_KPC/Analysis/Combination_resistance/pre-intro-blbli-resistance-ms/data/evolution_experiment/mobsuite_evolved/PCMP_H116/__tmp/mpf_blast_results.txt  [in /home/kgontjes/.conda/envs/mobsuite_v3_1_9/lib/python3.11/site-packages/mob_suite/utils.py:1225]
2026-02-17 11:54:36,343 root INFO: Blasting orit sequences /home/kgontjes/.conda/envs/mobsuite_v3_1_9/lib/python3.11/site-packages/mob_suite/databases/orit.fas against /nfs/turbo/umms-esnitkin/Project_Penn_KPC/Analysis/Combination_resistance/pre-intro-blbli-resistance-ms/data/evolution_experiment/mobsuite_evolved/PCMP_H116/__tmp/fixed.input.fasta [in /home/kgontjes/.conda/envs/mobsuite_v3_1_9/lib/python3.11/site-packages/mob_suite/utils.py:1234]
/home/kgontjes/.conda/envs/mobsuite_v3_1_9/lib/python3.11/site-packages/mob_suite/utils.py:338: FutureWarning: the 'line_terminator'' keyword is deprecated, use 'lineterminator' instead.
  blast_df.to_csv(blast_results_file, sep='\t', header=True, line_terminator='\n', index=False)
2026-02-17 11:54:36,528 root INFO: Filtering orit blast results /nfs/turbo/umms-esnitkin/Project_Penn_KPC/Analysis/Combination_resistance/pre-intro-blbli-resistance-ms/data/evolution_experiment/mobsuite_evolved/PCMP_H116/__tmp/orit_blast_results.txt  [in /home/kgontjes/.conda/envs/mobsuite_v3_1_9/lib/python3.11/site-packages/mob_suite/utils.py:1239]
2026-02-17 11:54:36,533 root INFO: Blasting contigs against repetitive sequences db: /home/kgontjes/.conda/envs/mobsuite_v3_1_9/lib/python3.11/site-packages/mob_suite/databases/repetitive.dna.fas [in /home/kgontjes/.conda/envs/mobsuite_v3_1_9/lib/python3.11/site-packages/mob_suite/utils.py:1256]
/home/kgontjes/.conda/envs/mobsuite_v3_1_9/lib/python3.11/site-packages/mob_suite/utils.py:338: FutureWarning: the 'line_terminator'' keyword is deprecated, use 'lineterminator' instead.
  blast_df.to_csv(blast_results_file, sep='\t', header=True, line_terminator='\n', index=False)
2026-02-17 11:54:37,539 root INFO: Filtering repetitive blast results /nfs/turbo/umms-esnitkin/Project_Penn_KPC/Analysis/Combination_resistance/pre-intro-blbli-resistance-ms/data/evolution_experiment/mobsuite_evolved/PCMP_H116/__tmp/repetitive_blast_results.txt  [in /home/kgontjes/.conda/envs/mobsuite_v3_1_9/lib/python3.11/site-packages/mob_suite/utils.py:1260]
2026-02-17 11:54:37,546 root INFO: Filtering contig: 3_6471402a323907196f537f5ea48d2e32_circular=true_45068 due to repetitive sequence [in /home/kgontjes/.conda/envs/mobsuite_v3_1_9/lib/python3.11/site-packages/mob_suite/utils.py:1275]
2026-02-17 11:54:37,546 root INFO: Filtering contig: 3_6471402a323907196f537f5ea48d2e32_circular=true_45068 due to repetitive sequence [in /home/kgontjes/.conda/envs/mobsuite_v3_1_9/lib/python3.11/site-packages/mob_suite/utils.py:1275]
2026-02-17 11:54:37,546 root INFO: Filtering contig: 3_6471402a323907196f537f5ea48d2e32_circular=true_45068 due to repetitive sequence [in /home/kgontjes/.conda/envs/mobsuite_v3_1_9/lib/python3.11/site-packages/mob_suite/utils.py:1275]
2026-02-17 11:54:37,546 root INFO: Filtering contig: 3_6471402a323907196f537f5ea48d2e32_circular=true_45068 due to repetitive sequence [in /home/kgontjes/.conda/envs/mobsuite_v3_1_9/lib/python3.11/site-packages/mob_suite/utils.py:1275]
2026-02-17 11:54:37,546 root INFO: Filtering contig: 3_6471402a323907196f537f5ea48d2e32_circular=true_45068 due to repetitive sequence [in /home/kgontjes/.conda/envs/mobsuite_v3_1_9/lib/python3.11/site-packages/mob_suite/utils.py:1275]
2026-02-17 11:54:37,546 root INFO: Blasting contigs against reference sequence db: /home/kgontjes/.conda/envs/mobsuite_v3_1_9/lib/python3.11/site-packages/mob_suite/databases/ncbi_plasmid_full_seqs.fas [in /home/kgontjes/.conda/envs/mobsuite_v3_1_9/lib/python3.11/site-packages/mob_suite/mob_recon.py:1264]
/home/kgontjes/.conda/envs/mobsuite_v3_1_9/lib/python3.11/site-packages/mob_suite/utils.py:338: FutureWarning: the 'line_terminator'' keyword is deprecated, use 'lineterminator' instead.
  blast_df.to_csv(blast_results_file, sep='\t', header=True, line_terminator='\n', index=False)
2026-02-17 11:55:49,845 root INFO: Filtering contig blast results: /nfs/turbo/umms-esnitkin/Project_Penn_KPC/Analysis/Combination_resistance/pre-intro-blbli-resistance-ms/data/evolution_experiment/mobsuite_evolved/PCMP_H116/__tmp/contig_blast_results.txt [in /home/kgontjes/.conda/envs/mobsuite_v3_1_9/lib/python3.11/site-packages/mob_suite/mob_recon.py:1269]
2026-02-17 11:55:50,175 root INFO: Assigning contigs to plasmid groups [in /home/kgontjes/.conda/envs/mobsuite_v3_1_9/lib/python3.11/site-packages/mob_suite/mob_recon.py:1284]
2026-02-17 11:55:54,570 root INFO: Writting contig results to /nfs/turbo/umms-esnitkin/Project_Penn_KPC/Analysis/Combination_resistance/pre-intro-blbli-resistance-ms/data/evolution_experiment/mobsuite_evolved/PCMP_H116/contig_report.txt [in /home/kgontjes/.conda/envs/mobsuite_v3_1_9/lib/python3.11/site-packages/mob_suite/mob_recon.py:1387]
2026-02-17 11:55:56,126 root INFO: Writting plasmid sequences to /nfs/turbo/umms-esnitkin/Project_Penn_KPC/Analysis/Combination_resistance/pre-intro-blbli-resistance-ms/data/evolution_experiment/mobsuite_evolved/PCMP_H116/plasmid_AA434.fasta [in /home/kgontjes/.conda/envs/mobsuite_v3_1_9/lib/python3.11/site-packages/mob_suite/utils.py:971]
2026-02-17 11:55:56,369 root INFO: Writting plasmid sequences to /nfs/turbo/umms-esnitkin/Project_Penn_KPC/Analysis/Combination_resistance/pre-intro-blbli-resistance-ms/data/evolution_experiment/mobsuite_evolved/PCMP_H116/plasmid_AA357.fasta [in /home/kgontjes/.conda/envs/mobsuite_v3_1_9/lib/python3.11/site-packages/mob_suite/utils.py:971]
/home/kgontjes/.conda/envs/mobsuite_v3_1_9/lib/python3.11/site-packages/ete3/ncbi_taxonomy/ncbiquery.py:243: UserWarning: taxid 211759 was translated into 615
  warnings.warn("taxid %s was translated into %s" %(taxid, merged_conversion[taxid]))
2026-02-17 11:56:00,573 root INFO: Writting chromosome sequences to /nfs/turbo/umms-esnitkin/Project_Penn_KPC/Analysis/Combination_resistance/pre-intro-blbli-resistance-ms/data/evolution_experiment/mobsuite_evolved/PCMP_H116/chromosome.fasta [in /home/kgontjes/.conda/envs/mobsuite_v3_1_9/lib/python3.11/site-packages/mob_suite/mob_recon.py:1404]
/home/kgontjes/.conda/envs/mobsuite_v3_1_9/lib/python3.11/site-packages/mob_suite/utils.py:338: FutureWarning: the 'line_terminator'' keyword is deprecated, use 'lineterminator' instead.
  blast_df.to_csv(blast_results_file, sep='\t', header=True, line_terminator='\n', index=False)
2026-02-17 11:56:01,693 root INFO: Creating plasmid biomarkers report ... [in /home/kgontjes/.conda/envs/mobsuite_v3_1_9/lib/python3.11/site-packages/mob_suite/utils.py:1382]
2026-02-17 11:56:01,803 root INFO: Writting plasmid biomarkers report contaning 27 biomarkers [in /home/kgontjes/.conda/envs/mobsuite_v3_1_9/lib/python3.11/site-packages/mob_suite/mob_recon.py:1478]
2026-02-17 11:56:01,807 root INFO: Cleaning up temporary files /nfs/turbo/umms-esnitkin/Project_Penn_KPC/Analysis/Combination_resistance/pre-intro-blbli-resistance-ms/data/evolution_experiment/mobsuite_evolved/PCMP_H116/__tmp [in /home/kgontjes/.conda/envs/mobsuite_v3_1_9/lib/python3.11/site-packages/mob_suite/mob_recon.py:1484]
2026-02-17 11:56:01,827 mob_suite.mob_recon INFO: MOB-recon completed and results written to /nfs/turbo/umms-esnitkin/Project_Penn_KPC/Analysis/Combination_resistance/pre-intro-blbli-resistance-ms/data/evolution_experiment/mobsuite_evolved/PCMP_H116 [in /home/kgontjes/.conda/envs/mobsuite_v3_1_9/lib/python3.11/site-packages/mob_suite/mob_recon.py:1486]
Not 1_ce8597e58abbe425efdcf7bfbabe3562_circular=true_202959 to cluster AA274 assigned as already present in cluster AA274
Not 2_d3c50ea684a17b8044c37a669f90841a_circular=true_142639 to cluster AA274 assigned as already present in cluster AA274
Not 4_8ab93eb880531c558e4306ebcb1df99b_circular=true_47888 to cluster AA274 assigned as already present in cluster AA274
Not 5_d74a533439a26349259425611bcd4e80_circular=true_21647 to cluster AA274 assigned as already present in cluster AA274
Not 3_f9b93edf23cc8fbe5fe77b282275166f_circular=true_92526 to cluster AB531 assigned as already present in cluster AB531
2026-02-17 11:51:57,121 mob_suite.mob_recon INFO: MOB-recon version 3.1.9  [in /home/kgontjes/.conda/envs/mobsuite_v3_1_9/lib/python3.11/site-packages/mob_suite/mob_recon.py:984]
2026-02-17 11:51:57,121 mob_suite.mob_recon INFO: SUCCESS: Found program blastn at /home/kgontjes/.conda/envs/mobsuite_v3_1_9/bin/blastn [in /home/kgontjes/.conda/envs/mobsuite_v3_1_9/lib/python3.11/site-packages/mob_suite/utils.py:597]
2026-02-17 11:51:57,121 mob_suite.mob_recon INFO: SUCCESS: Found program makeblastdb at /home/kgontjes/.conda/envs/mobsuite_v3_1_9/bin/makeblastdb [in /home/kgontjes/.conda/envs/mobsuite_v3_1_9/lib/python3.11/site-packages/mob_suite/utils.py:597]
2026-02-17 11:51:57,121 mob_suite.mob_recon INFO: SUCCESS: Found program tblastn at /home/kgontjes/.conda/envs/mobsuite_v3_1_9/bin/tblastn [in /home/kgontjes/.conda/envs/mobsuite_v3_1_9/lib/python3.11/site-packages/mob_suite/utils.py:597]
2026-02-17 11:51:57,123 mob_suite.mob_recon INFO: Processing fasta file /nfs/turbo/umms-esnitkin/Project_Penn_KPC/Sequence_data/assembly/hybrid/polypolish/PCMP_H226/PCMP_H226/PCMP_H226_flye_medaka_polypolish.fasta [in /home/kgontjes/.conda/envs/mobsuite_v3_1_9/lib/python3.11/site-packages/mob_suite/mob_recon.py:1011]
2026-02-17 11:51:57,124 mob_suite.mob_recon INFO: Analysis directory /nfs/turbo/umms-esnitkin/Project_Penn_KPC/Analysis/Combination_resistance/pre-intro-blbli-resistance-ms/data/evolution_experiment/mobsuite_evolved/PCMP_H226 [in /home/kgontjes/.conda/envs/mobsuite_v3_1_9/lib/python3.11/site-packages/mob_suite/mob_recon.py:1012]
2026-02-17 11:51:59,164 mob_suite.mob_recon INFO: Writing cleaned header input fasta file from /nfs/turbo/umms-esnitkin/Project_Penn_KPC/Sequence_data/assembly/hybrid/polypolish/PCMP_H226/PCMP_H226/PCMP_H226_flye_medaka_polypolish.fasta to /nfs/turbo/umms-esnitkin/Project_Penn_KPC/Analysis/Combination_resistance/pre-intro-blbli-resistance-ms/data/evolution_experiment/mobsuite_evolved/PCMP_H226/__tmp/fixed.input.fasta [in /home/kgontjes/.conda/envs/mobsuite_v3_1_9/lib/python3.11/site-packages/mob_suite/mob_recon.py:1107]
2026-02-17 11:51:59,996 root INFO: Blasting replicon sequences /home/kgontjes/.conda/envs/mobsuite_v3_1_9/lib/python3.11/site-packages/mob_suite/databases/rep.dna.fas against /nfs/turbo/umms-esnitkin/Project_Penn_KPC/Analysis/Combination_resistance/pre-intro-blbli-resistance-ms/data/evolution_experiment/mobsuite_evolved/PCMP_H226/__tmp/fixed.input.fasta [in /home/kgontjes/.conda/envs/mobsuite_v3_1_9/lib/python3.11/site-packages/mob_suite/utils.py:1163]
/home/kgontjes/.conda/envs/mobsuite_v3_1_9/lib/python3.11/site-packages/mob_suite/utils.py:338: FutureWarning: the 'line_terminator'' keyword is deprecated, use 'lineterminator' instead.
  blast_df.to_csv(blast_results_file, sep='\t', header=True, line_terminator='\n', index=False)
2026-02-17 11:52:00,805 root INFO: Filtering replicon blast results /nfs/turbo/umms-esnitkin/Project_Penn_KPC/Analysis/Combination_resistance/pre-intro-blbli-resistance-ms/data/evolution_experiment/mobsuite_evolved/PCMP_H226/__tmp/replicon_blast_results.txt  [in /home/kgontjes/.conda/envs/mobsuite_v3_1_9/lib/python3.11/site-packages/mob_suite/utils.py:1168]
2026-02-17 11:52:00,867 root INFO: Blasting relaxase sequences /home/kgontjes/.conda/envs/mobsuite_v3_1_9/lib/python3.11/site-packages/mob_suite/databases/mob.proteins.faa against /nfs/turbo/umms-esnitkin/Project_Penn_KPC/Analysis/Combination_resistance/pre-intro-blbli-resistance-ms/data/evolution_experiment/mobsuite_evolved/PCMP_H226/__tmp/fixed.input.fasta [in /home/kgontjes/.conda/envs/mobsuite_v3_1_9/lib/python3.11/site-packages/mob_suite/utils.py:1186]
/home/kgontjes/.conda/envs/mobsuite_v3_1_9/lib/python3.11/site-packages/mob_suite/utils.py:365: FutureWarning: the 'line_terminator'' keyword is deprecated, use 'lineterminator' instead.
  blast_df.to_csv(blast_results_file, sep='\t', header=True, line_terminator='\n', index=False)
2026-02-17 11:53:33,446 root INFO: Filtering relaxase blast results /nfs/turbo/umms-esnitkin/Project_Penn_KPC/Analysis/Combination_resistance/pre-intro-blbli-resistance-ms/data/evolution_experiment/mobsuite_evolved/PCMP_H226/__tmp/mob_blast_results.txt  [in /home/kgontjes/.conda/envs/mobsuite_v3_1_9/lib/python3.11/site-packages/mob_suite/utils.py:1191]
2026-02-17 11:53:33,490 root INFO: Blasting MPF sequences /home/kgontjes/.conda/envs/mobsuite_v3_1_9/lib/python3.11/site-packages/mob_suite/databases/mpf.proteins.faa against /nfs/turbo/umms-esnitkin/Project_Penn_KPC/Analysis/Combination_resistance/pre-intro-blbli-resistance-ms/data/evolution_experiment/mobsuite_evolved/PCMP_H226/__tmp/fixed.input.fasta [in /home/kgontjes/.conda/envs/mobsuite_v3_1_9/lib/python3.11/site-packages/mob_suite/utils.py:1210]
/home/kgontjes/.conda/envs/mobsuite_v3_1_9/lib/python3.11/site-packages/mob_suite/utils.py:365: FutureWarning: the 'line_terminator'' keyword is deprecated, use 'lineterminator' instead.
  blast_df.to_csv(blast_results_file, sep='\t', header=True, line_terminator='\n', index=False)
2026-02-17 11:54:37,575 root INFO: Filtering MPF blast results /nfs/turbo/umms-esnitkin/Project_Penn_KPC/Analysis/Combination_resistance/pre-intro-blbli-resistance-ms/data/evolution_experiment/mobsuite_evolved/PCMP_H226/__tmp/mpf_blast_results.txt  [in /home/kgontjes/.conda/envs/mobsuite_v3_1_9/lib/python3.11/site-packages/mob_suite/utils.py:1225]
2026-02-17 11:54:37,576 root INFO: Blasting orit sequences /home/kgontjes/.conda/envs/mobsuite_v3_1_9/lib/python3.11/site-packages/mob_suite/databases/orit.fas against /nfs/turbo/umms-esnitkin/Project_Penn_KPC/Analysis/Combination_resistance/pre-intro-blbli-resistance-ms/data/evolution_experiment/mobsuite_evolved/PCMP_H226/__tmp/fixed.input.fasta [in /home/kgontjes/.conda/envs/mobsuite_v3_1_9/lib/python3.11/site-packages/mob_suite/utils.py:1234]
/home/kgontjes/.conda/envs/mobsuite_v3_1_9/lib/python3.11/site-packages/mob_suite/utils.py:338: FutureWarning: the 'line_terminator'' keyword is deprecated, use 'lineterminator' instead.
  blast_df.to_csv(blast_results_file, sep='\t', header=True, line_terminator='\n', index=False)
2026-02-17 11:54:37,755 root INFO: Filtering orit blast results /nfs/turbo/umms-esnitkin/Project_Penn_KPC/Analysis/Combination_resistance/pre-intro-blbli-resistance-ms/data/evolution_experiment/mobsuite_evolved/PCMP_H226/__tmp/orit_blast_results.txt  [in /home/kgontjes/.conda/envs/mobsuite_v3_1_9/lib/python3.11/site-packages/mob_suite/utils.py:1239]
2026-02-17 11:54:37,765 root INFO: Blasting contigs against repetitive sequences db: /home/kgontjes/.conda/envs/mobsuite_v3_1_9/lib/python3.11/site-packages/mob_suite/databases/repetitive.dna.fas [in /home/kgontjes/.conda/envs/mobsuite_v3_1_9/lib/python3.11/site-packages/mob_suite/utils.py:1256]
/home/kgontjes/.conda/envs/mobsuite_v3_1_9/lib/python3.11/site-packages/mob_suite/utils.py:338: FutureWarning: the 'line_terminator'' keyword is deprecated, use 'lineterminator' instead.
  blast_df.to_csv(blast_results_file, sep='\t', header=True, line_terminator='\n', index=False)
2026-02-17 11:54:38,845 root INFO: Filtering repetitive blast results /nfs/turbo/umms-esnitkin/Project_Penn_KPC/Analysis/Combination_resistance/pre-intro-blbli-resistance-ms/data/evolution_experiment/mobsuite_evolved/PCMP_H226/__tmp/repetitive_blast_results.txt  [in /home/kgontjes/.conda/envs/mobsuite_v3_1_9/lib/python3.11/site-packages/mob_suite/utils.py:1260]
2026-02-17 11:54:38,850 root INFO: Blasting contigs against reference sequence db: /home/kgontjes/.conda/envs/mobsuite_v3_1_9/lib/python3.11/site-packages/mob_suite/databases/ncbi_plasmid_full_seqs.fas [in /home/kgontjes/.conda/envs/mobsuite_v3_1_9/lib/python3.11/site-packages/mob_suite/mob_recon.py:1264]
/home/kgontjes/.conda/envs/mobsuite_v3_1_9/lib/python3.11/site-packages/mob_suite/utils.py:338: FutureWarning: the 'line_terminator'' keyword is deprecated, use 'lineterminator' instead.
  blast_df.to_csv(blast_results_file, sep='\t', header=True, line_terminator='\n', index=False)
2026-02-17 11:56:10,723 root INFO: Filtering contig blast results: /nfs/turbo/umms-esnitkin/Project_Penn_KPC/Analysis/Combination_resistance/pre-intro-blbli-resistance-ms/data/evolution_experiment/mobsuite_evolved/PCMP_H226/__tmp/contig_blast_results.txt [in /home/kgontjes/.conda/envs/mobsuite_v3_1_9/lib/python3.11/site-packages/mob_suite/mob_recon.py:1269]
2026-02-17 11:56:11,485 root INFO: Assigning contigs to plasmid groups [in /home/kgontjes/.conda/envs/mobsuite_v3_1_9/lib/python3.11/site-packages/mob_suite/mob_recon.py:1284]
2026-02-17 11:56:21,353 root INFO: Writting contig results to /nfs/turbo/umms-esnitkin/Project_Penn_KPC/Analysis/Combination_resistance/pre-intro-blbli-resistance-ms/data/evolution_experiment/mobsuite_evolved/PCMP_H226/contig_report.txt [in /home/kgontjes/.conda/envs/mobsuite_v3_1_9/lib/python3.11/site-packages/mob_suite/mob_recon.py:1387]
2026-02-17 11:56:22,911 root INFO: Writting plasmid sequences to /nfs/turbo/umms-esnitkin/Project_Penn_KPC/Analysis/Combination_resistance/pre-intro-blbli-resistance-ms/data/evolution_experiment/mobsuite_evolved/PCMP_H226/plasmid_AA274.fasta [in /home/kgontjes/.conda/envs/mobsuite_v3_1_9/lib/python3.11/site-packages/mob_suite/utils.py:971]
2026-02-17 11:56:24,167 root INFO: Writting plasmid sequences to /nfs/turbo/umms-esnitkin/Project_Penn_KPC/Analysis/Combination_resistance/pre-intro-blbli-resistance-ms/data/evolution_experiment/mobsuite_evolved/PCMP_H226/plasmid_AB531.fasta [in /home/kgontjes/.conda/envs/mobsuite_v3_1_9/lib/python3.11/site-packages/mob_suite/utils.py:971]
2026-02-17 11:56:24,550 root INFO: Writting chromosome sequences to /nfs/turbo/umms-esnitkin/Project_Penn_KPC/Analysis/Combination_resistance/pre-intro-blbli-resistance-ms/data/evolution_experiment/mobsuite_evolved/PCMP_H226/chromosome.fasta [in /home/kgontjes/.conda/envs/mobsuite_v3_1_9/lib/python3.11/site-packages/mob_suite/mob_recon.py:1404]
/home/kgontjes/.conda/envs/mobsuite_v3_1_9/lib/python3.11/site-packages/mob_suite/utils.py:338: FutureWarning: the 'line_terminator'' keyword is deprecated, use 'lineterminator' instead.
  blast_df.to_csv(blast_results_file, sep='\t', header=True, line_terminator='\n', index=False)
2026-02-17 11:56:25,629 root INFO: Creating plasmid biomarkers report ... [in /home/kgontjes/.conda/envs/mobsuite_v3_1_9/lib/python3.11/site-packages/mob_suite/utils.py:1382]
2026-02-17 11:56:25,791 root INFO: Writting plasmid biomarkers report contaning 39 biomarkers [in /home/kgontjes/.conda/envs/mobsuite_v3_1_9/lib/python3.11/site-packages/mob_suite/mob_recon.py:1478]
2026-02-17 11:56:25,795 root INFO: Cleaning up temporary files /nfs/turbo/umms-esnitkin/Project_Penn_KPC/Analysis/Combination_resistance/pre-intro-blbli-resistance-ms/data/evolution_experiment/mobsuite_evolved/PCMP_H226/__tmp [in /home/kgontjes/.conda/envs/mobsuite_v3_1_9/lib/python3.11/site-packages/mob_suite/mob_recon.py:1484]
2026-02-17 11:56:25,818 mob_suite.mob_recon INFO: MOB-recon completed and results written to /nfs/turbo/umms-esnitkin/Project_Penn_KPC/Analysis/Combination_resistance/pre-intro-blbli-resistance-ms/data/evolution_experiment/mobsuite_evolved/PCMP_H226 [in /home/kgontjes/.conda/envs/mobsuite_v3_1_9/lib/python3.11/site-packages/mob_suite/mob_recon.py:1486]
2026-02-17 11:51:57,109 mob_suite.mob_recon INFO: MOB-recon version 3.1.9  [in /home/kgontjes/.conda/envs/mobsuite_v3_1_9/lib/python3.11/site-packages/mob_suite/mob_recon.py:984]
2026-02-17 11:51:57,110 mob_suite.mob_recon INFO: SUCCESS: Found program blastn at /home/kgontjes/.conda/envs/mobsuite_v3_1_9/bin/blastn [in /home/kgontjes/.conda/envs/mobsuite_v3_1_9/lib/python3.11/site-packages/mob_suite/utils.py:597]
2026-02-17 11:51:57,110 mob_suite.mob_recon INFO: SUCCESS: Found program makeblastdb at /home/kgontjes/.conda/envs/mobsuite_v3_1_9/bin/makeblastdb [in /home/kgontjes/.conda/envs/mobsuite_v3_1_9/lib/python3.11/site-packages/mob_suite/utils.py:597]
2026-02-17 11:51:57,110 mob_suite.mob_recon INFO: SUCCESS: Found program tblastn at /home/kgontjes/.conda/envs/mobsuite_v3_1_9/bin/tblastn [in /home/kgontjes/.conda/envs/mobsuite_v3_1_9/lib/python3.11/site-packages/mob_suite/utils.py:597]
2026-02-17 11:51:57,117 mob_suite.mob_recon INFO: Processing fasta file /nfs/turbo/umms-esnitkin/Project_Penn_KPC/Sequence_data/assembly/hybrid/polypolish/PCMP_H019_MVB_R/PCMP_H019_MVB_R/PCMP_H019_MVB_R_flye_medaka_polypolish.fasta [in /home/kgontjes/.conda/envs/mobsuite_v3_1_9/lib/python3.11/site-packages/mob_suite/mob_recon.py:1011]
2026-02-17 11:51:57,117 mob_suite.mob_recon INFO: Analysis directory /nfs/turbo/umms-esnitkin/Project_Penn_KPC/Analysis/Combination_resistance/pre-intro-blbli-resistance-ms/data/evolution_experiment/mobsuite_evolved/PCMP_H019_MVB_R [in /home/kgontjes/.conda/envs/mobsuite_v3_1_9/lib/python3.11/site-packages/mob_suite/mob_recon.py:1012]
2026-02-17 11:51:59,196 mob_suite.mob_recon INFO: Writing cleaned header input fasta file from /nfs/turbo/umms-esnitkin/Project_Penn_KPC/Sequence_data/assembly/hybrid/polypolish/PCMP_H019_MVB_R/PCMP_H019_MVB_R/PCMP_H019_MVB_R_flye_medaka_polypolish.fasta to /nfs/turbo/umms-esnitkin/Project_Penn_KPC/Analysis/Combination_resistance/pre-intro-blbli-resistance-ms/data/evolution_experiment/mobsuite_evolved/PCMP_H019_MVB_R/__tmp/fixed.input.fasta [in /home/kgontjes/.conda/envs/mobsuite_v3_1_9/lib/python3.11/site-packages/mob_suite/mob_recon.py:1107]
2026-02-17 11:51:59,937 root INFO: Blasting replicon sequences /home/kgontjes/.conda/envs/mobsuite_v3_1_9/lib/python3.11/site-packages/mob_suite/databases/rep.dna.fas against /nfs/turbo/umms-esnitkin/Project_Penn_KPC/Analysis/Combination_resistance/pre-intro-blbli-resistance-ms/data/evolution_experiment/mobsuite_evolved/PCMP_H019_MVB_R/__tmp/fixed.input.fasta [in /home/kgontjes/.conda/envs/mobsuite_v3_1_9/lib/python3.11/site-packages/mob_suite/utils.py:1163]
/home/kgontjes/.conda/envs/mobsuite_v3_1_9/lib/python3.11/site-packages/mob_suite/utils.py:338: FutureWarning: the 'line_terminator'' keyword is deprecated, use 'lineterminator' instead.
  blast_df.to_csv(blast_results_file, sep='\t', header=True, line_terminator='\n', index=False)
2026-02-17 11:52:00,704 root INFO: Filtering replicon blast results /nfs/turbo/umms-esnitkin/Project_Penn_KPC/Analysis/Combination_resistance/pre-intro-blbli-resistance-ms/data/evolution_experiment/mobsuite_evolved/PCMP_H019_MVB_R/__tmp/replicon_blast_results.txt  [in /home/kgontjes/.conda/envs/mobsuite_v3_1_9/lib/python3.11/site-packages/mob_suite/utils.py:1168]
2026-02-17 11:52:00,769 root INFO: Blasting relaxase sequences /home/kgontjes/.conda/envs/mobsuite_v3_1_9/lib/python3.11/site-packages/mob_suite/databases/mob.proteins.faa against /nfs/turbo/umms-esnitkin/Project_Penn_KPC/Analysis/Combination_resistance/pre-intro-blbli-resistance-ms/data/evolution_experiment/mobsuite_evolved/PCMP_H019_MVB_R/__tmp/fixed.input.fasta [in /home/kgontjes/.conda/envs/mobsuite_v3_1_9/lib/python3.11/site-packages/mob_suite/utils.py:1186]
/home/kgontjes/.conda/envs/mobsuite_v3_1_9/lib/python3.11/site-packages/mob_suite/utils.py:365: FutureWarning: the 'line_terminator'' keyword is deprecated, use 'lineterminator' instead.
  blast_df.to_csv(blast_results_file, sep='\t', header=True, line_terminator='\n', index=False)
2026-02-17 11:54:03,221 root INFO: Filtering relaxase blast results /nfs/turbo/umms-esnitkin/Project_Penn_KPC/Analysis/Combination_resistance/pre-intro-blbli-resistance-ms/data/evolution_experiment/mobsuite_evolved/PCMP_H019_MVB_R/__tmp/mob_blast_results.txt  [in /home/kgontjes/.conda/envs/mobsuite_v3_1_9/lib/python3.11/site-packages/mob_suite/utils.py:1191]
2026-02-17 11:54:03,246 root INFO: Blasting MPF sequences /home/kgontjes/.conda/envs/mobsuite_v3_1_9/lib/python3.11/site-packages/mob_suite/databases/mpf.proteins.faa against /nfs/turbo/umms-esnitkin/Project_Penn_KPC/Analysis/Combination_resistance/pre-intro-blbli-resistance-ms/data/evolution_experiment/mobsuite_evolved/PCMP_H019_MVB_R/__tmp/fixed.input.fasta [in /home/kgontjes/.conda/envs/mobsuite_v3_1_9/lib/python3.11/site-packages/mob_suite/utils.py:1210]
/home/kgontjes/.conda/envs/mobsuite_v3_1_9/lib/python3.11/site-packages/mob_suite/utils.py:365: FutureWarning: the 'line_terminator'' keyword is deprecated, use 'lineterminator' instead.
  blast_df.to_csv(blast_results_file, sep='\t', header=True, line_terminator='\n', index=False)
2026-02-17 11:55:04,917 root INFO: Filtering MPF blast results /nfs/turbo/umms-esnitkin/Project_Penn_KPC/Analysis/Combination_resistance/pre-intro-blbli-resistance-ms/data/evolution_experiment/mobsuite_evolved/PCMP_H019_MVB_R/__tmp/mpf_blast_results.txt  [in /home/kgontjes/.conda/envs/mobsuite_v3_1_9/lib/python3.11/site-packages/mob_suite/utils.py:1225]
2026-02-17 11:55:04,918 root INFO: Blasting orit sequences /home/kgontjes/.conda/envs/mobsuite_v3_1_9/lib/python3.11/site-packages/mob_suite/databases/orit.fas against /nfs/turbo/umms-esnitkin/Project_Penn_KPC/Analysis/Combination_resistance/pre-intro-blbli-resistance-ms/data/evolution_experiment/mobsuite_evolved/PCMP_H019_MVB_R/__tmp/fixed.input.fasta [in /home/kgontjes/.conda/envs/mobsuite_v3_1_9/lib/python3.11/site-packages/mob_suite/utils.py:1234]
/home/kgontjes/.conda/envs/mobsuite_v3_1_9/lib/python3.11/site-packages/mob_suite/utils.py:338: FutureWarning: the 'line_terminator'' keyword is deprecated, use 'lineterminator' instead.
  blast_df.to_csv(blast_results_file, sep='\t', header=True, line_terminator='\n', index=False)
2026-02-17 11:55:05,105 root INFO: Filtering orit blast results /nfs/turbo/umms-esnitkin/Project_Penn_KPC/Analysis/Combination_resistance/pre-intro-blbli-resistance-ms/data/evolution_experiment/mobsuite_evolved/PCMP_H019_MVB_R/__tmp/orit_blast_results.txt  [in /home/kgontjes/.conda/envs/mobsuite_v3_1_9/lib/python3.11/site-packages/mob_suite/utils.py:1239]
2026-02-17 11:55:05,109 root INFO: Blasting contigs against repetitive sequences db: /home/kgontjes/.conda/envs/mobsuite_v3_1_9/lib/python3.11/site-packages/mob_suite/databases/repetitive.dna.fas [in /home/kgontjes/.conda/envs/mobsuite_v3_1_9/lib/python3.11/site-packages/mob_suite/utils.py:1256]
/home/kgontjes/.conda/envs/mobsuite_v3_1_9/lib/python3.11/site-packages/mob_suite/utils.py:338: FutureWarning: the 'line_terminator'' keyword is deprecated, use 'lineterminator' instead.
  blast_df.to_csv(blast_results_file, sep='\t', header=True, line_terminator='\n', index=False)
2026-02-17 11:55:06,129 root INFO: Filtering repetitive blast results /nfs/turbo/umms-esnitkin/Project_Penn_KPC/Analysis/Combination_resistance/pre-intro-blbli-resistance-ms/data/evolution_experiment/mobsuite_evolved/PCMP_H019_MVB_R/__tmp/repetitive_blast_results.txt  [in /home/kgontjes/.conda/envs/mobsuite_v3_1_9/lib/python3.11/site-packages/mob_suite/utils.py:1260]
2026-02-17 11:55:06,136 root INFO: Filtering contig: 3_228d4b87b66043d1cbfaf02b10305383_circular=true_43380 due to repetitive sequence [in /home/kgontjes/.conda/envs/mobsuite_v3_1_9/lib/python3.11/site-packages/mob_suite/utils.py:1275]
2026-02-17 11:55:06,136 root INFO: Filtering contig: 3_228d4b87b66043d1cbfaf02b10305383_circular=true_43380 due to repetitive sequence [in /home/kgontjes/.conda/envs/mobsuite_v3_1_9/lib/python3.11/site-packages/mob_suite/utils.py:1275]
2026-02-17 11:55:06,136 root INFO: Filtering contig: 3_228d4b87b66043d1cbfaf02b10305383_circular=true_43380 due to repetitive sequence [in /home/kgontjes/.conda/envs/mobsuite_v3_1_9/lib/python3.11/site-packages/mob_suite/utils.py:1275]
2026-02-17 11:55:06,136 root INFO: Filtering contig: 3_228d4b87b66043d1cbfaf02b10305383_circular=true_43380 due to repetitive sequence [in /home/kgontjes/.conda/envs/mobsuite_v3_1_9/lib/python3.11/site-packages/mob_suite/utils.py:1275]
2026-02-17 11:55:06,137 root INFO: Blasting contigs against reference sequence db: /home/kgontjes/.conda/envs/mobsuite_v3_1_9/lib/python3.11/site-packages/mob_suite/databases/ncbi_plasmid_full_seqs.fas [in /home/kgontjes/.conda/envs/mobsuite_v3_1_9/lib/python3.11/site-packages/mob_suite/mob_recon.py:1264]
/home/kgontjes/.conda/envs/mobsuite_v3_1_9/lib/python3.11/site-packages/mob_suite/utils.py:338: FutureWarning: the 'line_terminator'' keyword is deprecated, use 'lineterminator' instead.
  blast_df.to_csv(blast_results_file, sep='\t', header=True, line_terminator='\n', index=False)
2026-02-17 11:56:27,033 root INFO: Filtering contig blast results: /nfs/turbo/umms-esnitkin/Project_Penn_KPC/Analysis/Combination_resistance/pre-intro-blbli-resistance-ms/data/evolution_experiment/mobsuite_evolved/PCMP_H019_MVB_R/__tmp/contig_blast_results.txt [in /home/kgontjes/.conda/envs/mobsuite_v3_1_9/lib/python3.11/site-packages/mob_suite/mob_recon.py:1269]
2026-02-17 11:56:27,788 root INFO: Assigning contigs to plasmid groups [in /home/kgontjes/.conda/envs/mobsuite_v3_1_9/lib/python3.11/site-packages/mob_suite/mob_recon.py:1284]
2026-02-17 11:56:36,549 root INFO: Writting contig results to /nfs/turbo/umms-esnitkin/Project_Penn_KPC/Analysis/Combination_resistance/pre-intro-blbli-resistance-ms/data/evolution_experiment/mobsuite_evolved/PCMP_H019_MVB_R/contig_report.txt [in /home/kgontjes/.conda/envs/mobsuite_v3_1_9/lib/python3.11/site-packages/mob_suite/mob_recon.py:1387]
2026-02-17 11:56:38,147 root INFO: Writting plasmid sequences to /nfs/turbo/umms-esnitkin/Project_Penn_KPC/Analysis/Combination_resistance/pre-intro-blbli-resistance-ms/data/evolution_experiment/mobsuite_evolved/PCMP_H019_MVB_R/plasmid_AA275.fasta [in /home/kgontjes/.conda/envs/mobsuite_v3_1_9/lib/python3.11/site-packages/mob_suite/utils.py:971]
2026-02-17 11:56:38,444 root INFO: Writting plasmid sequences to /nfs/turbo/umms-esnitkin/Project_Penn_KPC/Analysis/Combination_resistance/pre-intro-blbli-resistance-ms/data/evolution_experiment/mobsuite_evolved/PCMP_H019_MVB_R/plasmid_AA941.fasta [in /home/kgontjes/.conda/envs/mobsuite_v3_1_9/lib/python3.11/site-packages/mob_suite/utils.py:971]
2026-02-17 11:56:38,891 root INFO: Writting chromosome sequences to /nfs/turbo/umms-esnitkin/Project_Penn_KPC/Analysis/Combination_resistance/pre-intro-blbli-resistance-ms/data/evolution_experiment/mobsuite_evolved/PCMP_H019_MVB_R/chromosome.fasta [in /home/kgontjes/.conda/envs/mobsuite_v3_1_9/lib/python3.11/site-packages/mob_suite/mob_recon.py:1404]
/home/kgontjes/.conda/envs/mobsuite_v3_1_9/lib/python3.11/site-packages/mob_suite/utils.py:338: FutureWarning: the 'line_terminator'' keyword is deprecated, use 'lineterminator' instead.
  blast_df.to_csv(blast_results_file, sep='\t', header=True, line_terminator='\n', index=False)
2026-02-17 11:56:40,024 root INFO: Creating plasmid biomarkers report ... [in /home/kgontjes/.conda/envs/mobsuite_v3_1_9/lib/python3.11/site-packages/mob_suite/utils.py:1382]
2026-02-17 11:56:40,179 root INFO: Writting plasmid biomarkers report contaning 46 biomarkers [in /home/kgontjes/.conda/envs/mobsuite_v3_1_9/lib/python3.11/site-packages/mob_suite/mob_recon.py:1478]
2026-02-17 11:56:40,183 root INFO: Cleaning up temporary files /nfs/turbo/umms-esnitkin/Project_Penn_KPC/Analysis/Combination_resistance/pre-intro-blbli-resistance-ms/data/evolution_experiment/mobsuite_evolved/PCMP_H019_MVB_R/__tmp [in /home/kgontjes/.conda/envs/mobsuite_v3_1_9/lib/python3.11/site-packages/mob_suite/mob_recon.py:1484]
2026-02-17 11:56:40,205 mob_suite.mob_recon INFO: MOB-recon completed and results written to /nfs/turbo/umms-esnitkin/Project_Penn_KPC/Analysis/Combination_resistance/pre-intro-blbli-resistance-ms/data/evolution_experiment/mobsuite_evolved/PCMP_H019_MVB_R [in /home/kgontjes/.conda/envs/mobsuite_v3_1_9/lib/python3.11/site-packages/mob_suite/mob_recon.py:1486]
Not 1_9e7e7e6dd9710efef76dfe18941e3498_circular=true_201823 to cluster AA274 assigned as already present in cluster AA274
Not 2_67993262a930cfc05b09b44a4b1d04ae_circular=true_142639 to cluster AA274 assigned as already present in cluster AA274
Not 4_ab95c28911dccebbb5154d3b5237c141_circular=true_47888 to cluster AA274 assigned as already present in cluster AA274
Not 5_be780f9aafc2a1ccfe4dd79bc8f097f1_circular=true_21651 to cluster AA274 assigned as already present in cluster AA274
Not 3_a3622482abae723a21c146629e71c1f5_circular=true_53103 to cluster AB531 assigned as already present in cluster AB531
2026-02-17 11:51:57,109 mob_suite.mob_recon INFO: MOB-recon version 3.1.9  [in /home/kgontjes/.conda/envs/mobsuite_v3_1_9/lib/python3.11/site-packages/mob_suite/mob_recon.py:984]
2026-02-17 11:51:57,110 mob_suite.mob_recon INFO: SUCCESS: Found program blastn at /home/kgontjes/.conda/envs/mobsuite_v3_1_9/bin/blastn [in /home/kgontjes/.conda/envs/mobsuite_v3_1_9/lib/python3.11/site-packages/mob_suite/utils.py:597]
2026-02-17 11:51:57,110 mob_suite.mob_recon INFO: SUCCESS: Found program makeblastdb at /home/kgontjes/.conda/envs/mobsuite_v3_1_9/bin/makeblastdb [in /home/kgontjes/.conda/envs/mobsuite_v3_1_9/lib/python3.11/site-packages/mob_suite/utils.py:597]
2026-02-17 11:51:57,110 mob_suite.mob_recon INFO: SUCCESS: Found program tblastn at /home/kgontjes/.conda/envs/mobsuite_v3_1_9/bin/tblastn [in /home/kgontjes/.conda/envs/mobsuite_v3_1_9/lib/python3.11/site-packages/mob_suite/utils.py:597]
2026-02-17 11:51:57,117 mob_suite.mob_recon INFO: Processing fasta file /nfs/turbo/umms-esnitkin/Project_Penn_KPC/Sequence_data/assembly/hybrid/polypolish/PCMP_H226_MVB_R/PCMP_H226_MVB_R/PCMP_H226_MVB_R_flye_medaka_polypolish.fasta [in /home/kgontjes/.conda/envs/mobsuite_v3_1_9/lib/python3.11/site-packages/mob_suite/mob_recon.py:1011]
2026-02-17 11:51:57,117 mob_suite.mob_recon INFO: Analysis directory /nfs/turbo/umms-esnitkin/Project_Penn_KPC/Analysis/Combination_resistance/pre-intro-blbli-resistance-ms/data/evolution_experiment/mobsuite_evolved/PCMP_H226_MVB_R [in /home/kgontjes/.conda/envs/mobsuite_v3_1_9/lib/python3.11/site-packages/mob_suite/mob_recon.py:1012]
2026-02-17 11:51:59,173 mob_suite.mob_recon INFO: Writing cleaned header input fasta file from /nfs/turbo/umms-esnitkin/Project_Penn_KPC/Sequence_data/assembly/hybrid/polypolish/PCMP_H226_MVB_R/PCMP_H226_MVB_R/PCMP_H226_MVB_R_flye_medaka_polypolish.fasta to /nfs/turbo/umms-esnitkin/Project_Penn_KPC/Analysis/Combination_resistance/pre-intro-blbli-resistance-ms/data/evolution_experiment/mobsuite_evolved/PCMP_H226_MVB_R/__tmp/fixed.input.fasta [in /home/kgontjes/.conda/envs/mobsuite_v3_1_9/lib/python3.11/site-packages/mob_suite/mob_recon.py:1107]
2026-02-17 11:51:59,942 root INFO: Blasting replicon sequences /home/kgontjes/.conda/envs/mobsuite_v3_1_9/lib/python3.11/site-packages/mob_suite/databases/rep.dna.fas against /nfs/turbo/umms-esnitkin/Project_Penn_KPC/Analysis/Combination_resistance/pre-intro-blbli-resistance-ms/data/evolution_experiment/mobsuite_evolved/PCMP_H226_MVB_R/__tmp/fixed.input.fasta [in /home/kgontjes/.conda/envs/mobsuite_v3_1_9/lib/python3.11/site-packages/mob_suite/utils.py:1163]
/home/kgontjes/.conda/envs/mobsuite_v3_1_9/lib/python3.11/site-packages/mob_suite/utils.py:338: FutureWarning: the 'line_terminator'' keyword is deprecated, use 'lineterminator' instead.
  blast_df.to_csv(blast_results_file, sep='\t', header=True, line_terminator='\n', index=False)
2026-02-17 11:52:00,713 root INFO: Filtering replicon blast results /nfs/turbo/umms-esnitkin/Project_Penn_KPC/Analysis/Combination_resistance/pre-intro-blbli-resistance-ms/data/evolution_experiment/mobsuite_evolved/PCMP_H226_MVB_R/__tmp/replicon_blast_results.txt  [in /home/kgontjes/.conda/envs/mobsuite_v3_1_9/lib/python3.11/site-packages/mob_suite/utils.py:1168]
2026-02-17 11:52:00,800 root INFO: Blasting relaxase sequences /home/kgontjes/.conda/envs/mobsuite_v3_1_9/lib/python3.11/site-packages/mob_suite/databases/mob.proteins.faa against /nfs/turbo/umms-esnitkin/Project_Penn_KPC/Analysis/Combination_resistance/pre-intro-blbli-resistance-ms/data/evolution_experiment/mobsuite_evolved/PCMP_H226_MVB_R/__tmp/fixed.input.fasta [in /home/kgontjes/.conda/envs/mobsuite_v3_1_9/lib/python3.11/site-packages/mob_suite/utils.py:1186]
/home/kgontjes/.conda/envs/mobsuite_v3_1_9/lib/python3.11/site-packages/mob_suite/utils.py:365: FutureWarning: the 'line_terminator'' keyword is deprecated, use 'lineterminator' instead.
  blast_df.to_csv(blast_results_file, sep='\t', header=True, line_terminator='\n', index=False)
2026-02-17 11:54:04,092 root INFO: Filtering relaxase blast results /nfs/turbo/umms-esnitkin/Project_Penn_KPC/Analysis/Combination_resistance/pre-intro-blbli-resistance-ms/data/evolution_experiment/mobsuite_evolved/PCMP_H226_MVB_R/__tmp/mob_blast_results.txt  [in /home/kgontjes/.conda/envs/mobsuite_v3_1_9/lib/python3.11/site-packages/mob_suite/utils.py:1191]
2026-02-17 11:54:04,117 root INFO: Blasting MPF sequences /home/kgontjes/.conda/envs/mobsuite_v3_1_9/lib/python3.11/site-packages/mob_suite/databases/mpf.proteins.faa against /nfs/turbo/umms-esnitkin/Project_Penn_KPC/Analysis/Combination_resistance/pre-intro-blbli-resistance-ms/data/evolution_experiment/mobsuite_evolved/PCMP_H226_MVB_R/__tmp/fixed.input.fasta [in /home/kgontjes/.conda/envs/mobsuite_v3_1_9/lib/python3.11/site-packages/mob_suite/utils.py:1210]
/home/kgontjes/.conda/envs/mobsuite_v3_1_9/lib/python3.11/site-packages/mob_suite/utils.py:365: FutureWarning: the 'line_terminator'' keyword is deprecated, use 'lineterminator' instead.
  blast_df.to_csv(blast_results_file, sep='\t', header=True, line_terminator='\n', index=False)
2026-02-17 11:55:07,907 root INFO: Filtering MPF blast results /nfs/turbo/umms-esnitkin/Project_Penn_KPC/Analysis/Combination_resistance/pre-intro-blbli-resistance-ms/data/evolution_experiment/mobsuite_evolved/PCMP_H226_MVB_R/__tmp/mpf_blast_results.txt  [in /home/kgontjes/.conda/envs/mobsuite_v3_1_9/lib/python3.11/site-packages/mob_suite/utils.py:1225]
2026-02-17 11:55:07,908 root INFO: Blasting orit sequences /home/kgontjes/.conda/envs/mobsuite_v3_1_9/lib/python3.11/site-packages/mob_suite/databases/orit.fas against /nfs/turbo/umms-esnitkin/Project_Penn_KPC/Analysis/Combination_resistance/pre-intro-blbli-resistance-ms/data/evolution_experiment/mobsuite_evolved/PCMP_H226_MVB_R/__tmp/fixed.input.fasta [in /home/kgontjes/.conda/envs/mobsuite_v3_1_9/lib/python3.11/site-packages/mob_suite/utils.py:1234]
/home/kgontjes/.conda/envs/mobsuite_v3_1_9/lib/python3.11/site-packages/mob_suite/utils.py:338: FutureWarning: the 'line_terminator'' keyword is deprecated, use 'lineterminator' instead.
  blast_df.to_csv(blast_results_file, sep='\t', header=True, line_terminator='\n', index=False)
2026-02-17 11:55:08,088 root INFO: Filtering orit blast results /nfs/turbo/umms-esnitkin/Project_Penn_KPC/Analysis/Combination_resistance/pre-intro-blbli-resistance-ms/data/evolution_experiment/mobsuite_evolved/PCMP_H226_MVB_R/__tmp/orit_blast_results.txt  [in /home/kgontjes/.conda/envs/mobsuite_v3_1_9/lib/python3.11/site-packages/mob_suite/utils.py:1239]
2026-02-17 11:55:08,098 root INFO: Blasting contigs against repetitive sequences db: /home/kgontjes/.conda/envs/mobsuite_v3_1_9/lib/python3.11/site-packages/mob_suite/databases/repetitive.dna.fas [in /home/kgontjes/.conda/envs/mobsuite_v3_1_9/lib/python3.11/site-packages/mob_suite/utils.py:1256]
/home/kgontjes/.conda/envs/mobsuite_v3_1_9/lib/python3.11/site-packages/mob_suite/utils.py:338: FutureWarning: the 'line_terminator'' keyword is deprecated, use 'lineterminator' instead.
  blast_df.to_csv(blast_results_file, sep='\t', header=True, line_terminator='\n', index=False)
2026-02-17 11:55:09,142 root INFO: Filtering repetitive blast results /nfs/turbo/umms-esnitkin/Project_Penn_KPC/Analysis/Combination_resistance/pre-intro-blbli-resistance-ms/data/evolution_experiment/mobsuite_evolved/PCMP_H226_MVB_R/__tmp/repetitive_blast_results.txt  [in /home/kgontjes/.conda/envs/mobsuite_v3_1_9/lib/python3.11/site-packages/mob_suite/utils.py:1260]
2026-02-17 11:55:09,147 root INFO: Blasting contigs against reference sequence db: /home/kgontjes/.conda/envs/mobsuite_v3_1_9/lib/python3.11/site-packages/mob_suite/databases/ncbi_plasmid_full_seqs.fas [in /home/kgontjes/.conda/envs/mobsuite_v3_1_9/lib/python3.11/site-packages/mob_suite/mob_recon.py:1264]
/home/kgontjes/.conda/envs/mobsuite_v3_1_9/lib/python3.11/site-packages/mob_suite/utils.py:338: FutureWarning: the 'line_terminator'' keyword is deprecated, use 'lineterminator' instead.
  blast_df.to_csv(blast_results_file, sep='\t', header=True, line_terminator='\n', index=False)
2026-02-17 11:56:39,494 root INFO: Filtering contig blast results: /nfs/turbo/umms-esnitkin/Project_Penn_KPC/Analysis/Combination_resistance/pre-intro-blbli-resistance-ms/data/evolution_experiment/mobsuite_evolved/PCMP_H226_MVB_R/__tmp/contig_blast_results.txt [in /home/kgontjes/.conda/envs/mobsuite_v3_1_9/lib/python3.11/site-packages/mob_suite/mob_recon.py:1269]
2026-02-17 11:56:40,172 root INFO: Assigning contigs to plasmid groups [in /home/kgontjes/.conda/envs/mobsuite_v3_1_9/lib/python3.11/site-packages/mob_suite/mob_recon.py:1284]
2026-02-17 11:56:50,338 root INFO: Writting contig results to /nfs/turbo/umms-esnitkin/Project_Penn_KPC/Analysis/Combination_resistance/pre-intro-blbli-resistance-ms/data/evolution_experiment/mobsuite_evolved/PCMP_H226_MVB_R/contig_report.txt [in /home/kgontjes/.conda/envs/mobsuite_v3_1_9/lib/python3.11/site-packages/mob_suite/mob_recon.py:1387]
2026-02-17 11:56:51,890 root INFO: Writting plasmid sequences to /nfs/turbo/umms-esnitkin/Project_Penn_KPC/Analysis/Combination_resistance/pre-intro-blbli-resistance-ms/data/evolution_experiment/mobsuite_evolved/PCMP_H226_MVB_R/plasmid_AA274.fasta [in /home/kgontjes/.conda/envs/mobsuite_v3_1_9/lib/python3.11/site-packages/mob_suite/utils.py:971]
2026-02-17 11:56:53,214 root INFO: Writting plasmid sequences to /nfs/turbo/umms-esnitkin/Project_Penn_KPC/Analysis/Combination_resistance/pre-intro-blbli-resistance-ms/data/evolution_experiment/mobsuite_evolved/PCMP_H226_MVB_R/plasmid_AB531.fasta [in /home/kgontjes/.conda/envs/mobsuite_v3_1_9/lib/python3.11/site-packages/mob_suite/utils.py:971]
2026-02-17 11:56:53,600 root INFO: Writting chromosome sequences to /nfs/turbo/umms-esnitkin/Project_Penn_KPC/Analysis/Combination_resistance/pre-intro-blbli-resistance-ms/data/evolution_experiment/mobsuite_evolved/PCMP_H226_MVB_R/chromosome.fasta [in /home/kgontjes/.conda/envs/mobsuite_v3_1_9/lib/python3.11/site-packages/mob_suite/mob_recon.py:1404]
/home/kgontjes/.conda/envs/mobsuite_v3_1_9/lib/python3.11/site-packages/mob_suite/utils.py:338: FutureWarning: the 'line_terminator'' keyword is deprecated, use 'lineterminator' instead.
  blast_df.to_csv(blast_results_file, sep='\t', header=True, line_terminator='\n', index=False)
2026-02-17 11:56:54,746 root INFO: Creating plasmid biomarkers report ... [in /home/kgontjes/.conda/envs/mobsuite_v3_1_9/lib/python3.11/site-packages/mob_suite/utils.py:1382]
2026-02-17 11:56:54,910 root INFO: Writting plasmid biomarkers report contaning 38 biomarkers [in /home/kgontjes/.conda/envs/mobsuite_v3_1_9/lib/python3.11/site-packages/mob_suite/mob_recon.py:1478]
2026-02-17 11:56:54,913 root INFO: Cleaning up temporary files /nfs/turbo/umms-esnitkin/Project_Penn_KPC/Analysis/Combination_resistance/pre-intro-blbli-resistance-ms/data/evolution_experiment/mobsuite_evolved/PCMP_H226_MVB_R/__tmp [in /home/kgontjes/.conda/envs/mobsuite_v3_1_9/lib/python3.11/site-packages/mob_suite/mob_recon.py:1484]
2026-02-17 11:56:54,932 mob_suite.mob_recon INFO: MOB-recon completed and results written to /nfs/turbo/umms-esnitkin/Project_Penn_KPC/Analysis/Combination_resistance/pre-intro-blbli-resistance-ms/data/evolution_experiment/mobsuite_evolved/PCMP_H226_MVB_R [in /home/kgontjes/.conda/envs/mobsuite_v3_1_9/lib/python3.11/site-packages/mob_suite/mob_recon.py:1486]
2026-02-17 11:56:03,398 mob_suite.mob_recon INFO: MOB-recon version 3.1.9  [in /home/kgontjes/.conda/envs/mobsuite_v3_1_9/lib/python3.11/site-packages/mob_suite/mob_recon.py:984]
2026-02-17 11:56:03,398 mob_suite.mob_recon INFO: SUCCESS: Found program blastn at /home/kgontjes/.conda/envs/mobsuite_v3_1_9/bin/blastn [in /home/kgontjes/.conda/envs/mobsuite_v3_1_9/lib/python3.11/site-packages/mob_suite/utils.py:597]
2026-02-17 11:56:03,398 mob_suite.mob_recon INFO: SUCCESS: Found program makeblastdb at /home/kgontjes/.conda/envs/mobsuite_v3_1_9/bin/makeblastdb [in /home/kgontjes/.conda/envs/mobsuite_v3_1_9/lib/python3.11/site-packages/mob_suite/utils.py:597]
2026-02-17 11:56:03,399 mob_suite.mob_recon INFO: SUCCESS: Found program tblastn at /home/kgontjes/.conda/envs/mobsuite_v3_1_9/bin/tblastn [in /home/kgontjes/.conda/envs/mobsuite_v3_1_9/lib/python3.11/site-packages/mob_suite/utils.py:597]
2026-02-17 11:56:03,402 mob_suite.mob_recon INFO: Processing fasta file /nfs/turbo/umms-esnitkin/Project_Penn_KPC/Sequence_data/assembly/hybrid/polypolish/PCMP_H323_MVB_R/PCMP_H323_MVB_R/PCMP_H323_MVB_R_flye_medaka_polypolish.fasta [in /home/kgontjes/.conda/envs/mobsuite_v3_1_9/lib/python3.11/site-packages/mob_suite/mob_recon.py:1011]
2026-02-17 11:56:03,402 mob_suite.mob_recon INFO: Analysis directory /nfs/turbo/umms-esnitkin/Project_Penn_KPC/Analysis/Combination_resistance/pre-intro-blbli-resistance-ms/data/evolution_experiment/mobsuite_evolved/PCMP_H323_MVB_R [in /home/kgontjes/.conda/envs/mobsuite_v3_1_9/lib/python3.11/site-packages/mob_suite/mob_recon.py:1012]
2026-02-17 11:56:05,460 mob_suite.mob_recon INFO: Writing cleaned header input fasta file from /nfs/turbo/umms-esnitkin/Project_Penn_KPC/Sequence_data/assembly/hybrid/polypolish/PCMP_H323_MVB_R/PCMP_H323_MVB_R/PCMP_H323_MVB_R_flye_medaka_polypolish.fasta to /nfs/turbo/umms-esnitkin/Project_Penn_KPC/Analysis/Combination_resistance/pre-intro-blbli-resistance-ms/data/evolution_experiment/mobsuite_evolved/PCMP_H323_MVB_R/__tmp/fixed.input.fasta [in /home/kgontjes/.conda/envs/mobsuite_v3_1_9/lib/python3.11/site-packages/mob_suite/mob_recon.py:1107]
2026-02-17 11:56:06,094 root INFO: Blasting replicon sequences /home/kgontjes/.conda/envs/mobsuite_v3_1_9/lib/python3.11/site-packages/mob_suite/databases/rep.dna.fas against /nfs/turbo/umms-esnitkin/Project_Penn_KPC/Analysis/Combination_resistance/pre-intro-blbli-resistance-ms/data/evolution_experiment/mobsuite_evolved/PCMP_H323_MVB_R/__tmp/fixed.input.fasta [in /home/kgontjes/.conda/envs/mobsuite_v3_1_9/lib/python3.11/site-packages/mob_suite/utils.py:1163]
/home/kgontjes/.conda/envs/mobsuite_v3_1_9/lib/python3.11/site-packages/mob_suite/utils.py:338: FutureWarning: the 'line_terminator'' keyword is deprecated, use 'lineterminator' instead.
  blast_df.to_csv(blast_results_file, sep='\t', header=True, line_terminator='\n', index=False)
2026-02-17 11:56:06,895 root INFO: Filtering replicon blast results /nfs/turbo/umms-esnitkin/Project_Penn_KPC/Analysis/Combination_resistance/pre-intro-blbli-resistance-ms/data/evolution_experiment/mobsuite_evolved/PCMP_H323_MVB_R/__tmp/replicon_blast_results.txt  [in /home/kgontjes/.conda/envs/mobsuite_v3_1_9/lib/python3.11/site-packages/mob_suite/utils.py:1168]
2026-02-17 11:56:06,954 root INFO: Blasting relaxase sequences /home/kgontjes/.conda/envs/mobsuite_v3_1_9/lib/python3.11/site-packages/mob_suite/databases/mob.proteins.faa against /nfs/turbo/umms-esnitkin/Project_Penn_KPC/Analysis/Combination_resistance/pre-intro-blbli-resistance-ms/data/evolution_experiment/mobsuite_evolved/PCMP_H323_MVB_R/__tmp/fixed.input.fasta [in /home/kgontjes/.conda/envs/mobsuite_v3_1_9/lib/python3.11/site-packages/mob_suite/utils.py:1186]
/home/kgontjes/.conda/envs/mobsuite_v3_1_9/lib/python3.11/site-packages/mob_suite/utils.py:365: FutureWarning: the 'line_terminator'' keyword is deprecated, use 'lineterminator' instead.
  blast_df.to_csv(blast_results_file, sep='\t', header=True, line_terminator='\n', index=False)
2026-02-17 11:57:34,229 root INFO: Filtering relaxase blast results /nfs/turbo/umms-esnitkin/Project_Penn_KPC/Analysis/Combination_resistance/pre-intro-blbli-resistance-ms/data/evolution_experiment/mobsuite_evolved/PCMP_H323_MVB_R/__tmp/mob_blast_results.txt  [in /home/kgontjes/.conda/envs/mobsuite_v3_1_9/lib/python3.11/site-packages/mob_suite/utils.py:1191]
2026-02-17 11:57:34,252 root INFO: Blasting MPF sequences /home/kgontjes/.conda/envs/mobsuite_v3_1_9/lib/python3.11/site-packages/mob_suite/databases/mpf.proteins.faa against /nfs/turbo/umms-esnitkin/Project_Penn_KPC/Analysis/Combination_resistance/pre-intro-blbli-resistance-ms/data/evolution_experiment/mobsuite_evolved/PCMP_H323_MVB_R/__tmp/fixed.input.fasta [in /home/kgontjes/.conda/envs/mobsuite_v3_1_9/lib/python3.11/site-packages/mob_suite/utils.py:1210]
/home/kgontjes/.conda/envs/mobsuite_v3_1_9/lib/python3.11/site-packages/mob_suite/utils.py:365: FutureWarning: the 'line_terminator'' keyword is deprecated, use 'lineterminator' instead.
  blast_df.to_csv(blast_results_file, sep='\t', header=True, line_terminator='\n', index=False)
2026-02-17 11:58:33,356 root INFO: Filtering MPF blast results /nfs/turbo/umms-esnitkin/Project_Penn_KPC/Analysis/Combination_resistance/pre-intro-blbli-resistance-ms/data/evolution_experiment/mobsuite_evolved/PCMP_H323_MVB_R/__tmp/mpf_blast_results.txt  [in /home/kgontjes/.conda/envs/mobsuite_v3_1_9/lib/python3.11/site-packages/mob_suite/utils.py:1225]
2026-02-17 11:58:33,357 root INFO: Blasting orit sequences /home/kgontjes/.conda/envs/mobsuite_v3_1_9/lib/python3.11/site-packages/mob_suite/databases/orit.fas against /nfs/turbo/umms-esnitkin/Project_Penn_KPC/Analysis/Combination_resistance/pre-intro-blbli-resistance-ms/data/evolution_experiment/mobsuite_evolved/PCMP_H323_MVB_R/__tmp/fixed.input.fasta [in /home/kgontjes/.conda/envs/mobsuite_v3_1_9/lib/python3.11/site-packages/mob_suite/utils.py:1234]
2026-02-17 11:58:33,564 root INFO: Filtering orit blast results /nfs/turbo/umms-esnitkin/Project_Penn_KPC/Analysis/Combination_resistance/pre-intro-blbli-resistance-ms/data/evolution_experiment/mobsuite_evolved/PCMP_H323_MVB_R/__tmp/orit_blast_results.txt  [in /home/kgontjes/.conda/envs/mobsuite_v3_1_9/lib/python3.11/site-packages/mob_suite/utils.py:1239]
2026-02-17 11:58:33,564 root WARNING: No BLASTN results to parse from file /nfs/turbo/umms-esnitkin/Project_Penn_KPC/Analysis/Combination_resistance/pre-intro-blbli-resistance-ms/data/evolution_experiment/mobsuite_evolved/PCMP_H323_MVB_R/__tmp/orit_blast_results.txt [in /home/kgontjes/.conda/envs/mobsuite_v3_1_9/lib/python3.11/site-packages/mob_suite/blast/__init__.py:181]
2026-02-17 11:58:33,565 root INFO: Blasting contigs against repetitive sequences db: /home/kgontjes/.conda/envs/mobsuite_v3_1_9/lib/python3.11/site-packages/mob_suite/databases/repetitive.dna.fas [in /home/kgontjes/.conda/envs/mobsuite_v3_1_9/lib/python3.11/site-packages/mob_suite/utils.py:1256]
/home/kgontjes/.conda/envs/mobsuite_v3_1_9/lib/python3.11/site-packages/mob_suite/utils.py:338: FutureWarning: the 'line_terminator'' keyword is deprecated, use 'lineterminator' instead.
  blast_df.to_csv(blast_results_file, sep='\t', header=True, line_terminator='\n', index=False)
2026-02-17 11:58:34,448 root INFO: Filtering repetitive blast results /nfs/turbo/umms-esnitkin/Project_Penn_KPC/Analysis/Combination_resistance/pre-intro-blbli-resistance-ms/data/evolution_experiment/mobsuite_evolved/PCMP_H323_MVB_R/__tmp/repetitive_blast_results.txt  [in /home/kgontjes/.conda/envs/mobsuite_v3_1_9/lib/python3.11/site-packages/mob_suite/utils.py:1260]
2026-02-17 11:58:34,453 root INFO: Blasting contigs against reference sequence db: /home/kgontjes/.conda/envs/mobsuite_v3_1_9/lib/python3.11/site-packages/mob_suite/databases/ncbi_plasmid_full_seqs.fas [in /home/kgontjes/.conda/envs/mobsuite_v3_1_9/lib/python3.11/site-packages/mob_suite/mob_recon.py:1264]
/home/kgontjes/.conda/envs/mobsuite_v3_1_9/lib/python3.11/site-packages/mob_suite/utils.py:338: FutureWarning: the 'line_terminator'' keyword is deprecated, use 'lineterminator' instead.
  blast_df.to_csv(blast_results_file, sep='\t', header=True, line_terminator='\n', index=False)
2026-02-17 11:59:21,543 root INFO: Filtering contig blast results: /nfs/turbo/umms-esnitkin/Project_Penn_KPC/Analysis/Combination_resistance/pre-intro-blbli-resistance-ms/data/evolution_experiment/mobsuite_evolved/PCMP_H323_MVB_R/__tmp/contig_blast_results.txt [in /home/kgontjes/.conda/envs/mobsuite_v3_1_9/lib/python3.11/site-packages/mob_suite/mob_recon.py:1269]
2026-02-17 11:59:21,698 root INFO: Assigning contigs to plasmid groups [in /home/kgontjes/.conda/envs/mobsuite_v3_1_9/lib/python3.11/site-packages/mob_suite/mob_recon.py:1284]
2026-02-17 11:59:25,786 root INFO: Writting contig results to /nfs/turbo/umms-esnitkin/Project_Penn_KPC/Analysis/Combination_resistance/pre-intro-blbli-resistance-ms/data/evolution_experiment/mobsuite_evolved/PCMP_H323_MVB_R/contig_report.txt [in /home/kgontjes/.conda/envs/mobsuite_v3_1_9/lib/python3.11/site-packages/mob_suite/mob_recon.py:1387]
2026-02-17 11:59:27,410 root INFO: Writting plasmid sequences to /nfs/turbo/umms-esnitkin/Project_Penn_KPC/Analysis/Combination_resistance/pre-intro-blbli-resistance-ms/data/evolution_experiment/mobsuite_evolved/PCMP_H323_MVB_R/plasmid_AA018.fasta [in /home/kgontjes/.conda/envs/mobsuite_v3_1_9/lib/python3.11/site-packages/mob_suite/utils.py:971]
2026-02-17 11:59:27,668 root INFO: Writting plasmid sequences to /nfs/turbo/umms-esnitkin/Project_Penn_KPC/Analysis/Combination_resistance/pre-intro-blbli-resistance-ms/data/evolution_experiment/mobsuite_evolved/PCMP_H323_MVB_R/plasmid_AA941.fasta [in /home/kgontjes/.conda/envs/mobsuite_v3_1_9/lib/python3.11/site-packages/mob_suite/utils.py:971]
2026-02-17 11:59:28,333 root INFO: Writting chromosome sequences to /nfs/turbo/umms-esnitkin/Project_Penn_KPC/Analysis/Combination_resistance/pre-intro-blbli-resistance-ms/data/evolution_experiment/mobsuite_evolved/PCMP_H323_MVB_R/chromosome.fasta [in /home/kgontjes/.conda/envs/mobsuite_v3_1_9/lib/python3.11/site-packages/mob_suite/mob_recon.py:1404]
/home/kgontjes/.conda/envs/mobsuite_v3_1_9/lib/python3.11/site-packages/mob_suite/utils.py:338: FutureWarning: the 'line_terminator'' keyword is deprecated, use 'lineterminator' instead.
  blast_df.to_csv(blast_results_file, sep='\t', header=True, line_terminator='\n', index=False)
2026-02-17 11:59:29,359 root INFO: Creating plasmid biomarkers report ... [in /home/kgontjes/.conda/envs/mobsuite_v3_1_9/lib/python3.11/site-packages/mob_suite/utils.py:1382]
2026-02-17 11:59:29,474 root INFO: Writting plasmid biomarkers report contaning 21 biomarkers [in /home/kgontjes/.conda/envs/mobsuite_v3_1_9/lib/python3.11/site-packages/mob_suite/mob_recon.py:1478]
2026-02-17 11:59:29,479 root INFO: Cleaning up temporary files /nfs/turbo/umms-esnitkin/Project_Penn_KPC/Analysis/Combination_resistance/pre-intro-blbli-resistance-ms/data/evolution_experiment/mobsuite_evolved/PCMP_H323_MVB_R/__tmp [in /home/kgontjes/.conda/envs/mobsuite_v3_1_9/lib/python3.11/site-packages/mob_suite/mob_recon.py:1484]
2026-02-17 11:59:29,498 mob_suite.mob_recon INFO: MOB-recon completed and results written to /nfs/turbo/umms-esnitkin/Project_Penn_KPC/Analysis/Combination_resistance/pre-intro-blbli-resistance-ms/data/evolution_experiment/mobsuite_evolved/PCMP_H323_MVB_R [in /home/kgontjes/.conda/envs/mobsuite_v3_1_9/lib/python3.11/site-packages/mob_suite/mob_recon.py:1486]
2026-02-17 11:55:58,323 mob_suite.mob_recon INFO: MOB-recon version 3.1.9  [in /home/kgontjes/.conda/envs/mobsuite_v3_1_9/lib/python3.11/site-packages/mob_suite/mob_recon.py:984]
2026-02-17 11:55:58,323 mob_suite.mob_recon INFO: SUCCESS: Found program blastn at /home/kgontjes/.conda/envs/mobsuite_v3_1_9/bin/blastn [in /home/kgontjes/.conda/envs/mobsuite_v3_1_9/lib/python3.11/site-packages/mob_suite/utils.py:597]
2026-02-17 11:55:58,323 mob_suite.mob_recon INFO: SUCCESS: Found program makeblastdb at /home/kgontjes/.conda/envs/mobsuite_v3_1_9/bin/makeblastdb [in /home/kgontjes/.conda/envs/mobsuite_v3_1_9/lib/python3.11/site-packages/mob_suite/utils.py:597]
2026-02-17 11:55:58,323 mob_suite.mob_recon INFO: SUCCESS: Found program tblastn at /home/kgontjes/.conda/envs/mobsuite_v3_1_9/bin/tblastn [in /home/kgontjes/.conda/envs/mobsuite_v3_1_9/lib/python3.11/site-packages/mob_suite/utils.py:597]
2026-02-17 11:55:58,326 mob_suite.mob_recon INFO: Processing fasta file /nfs/turbo/umms-esnitkin/Project_Penn_KPC/Sequence_data/assembly/hybrid/polypolish/PCMP_H323/PCMP_H323/PCMP_H323_flye_medaka_polypolish.fasta [in /home/kgontjes/.conda/envs/mobsuite_v3_1_9/lib/python3.11/site-packages/mob_suite/mob_recon.py:1011]
2026-02-17 11:55:58,326 mob_suite.mob_recon INFO: Analysis directory /nfs/turbo/umms-esnitkin/Project_Penn_KPC/Analysis/Combination_resistance/pre-intro-blbli-resistance-ms/data/evolution_experiment/mobsuite_evolved/PCMP_H323 [in /home/kgontjes/.conda/envs/mobsuite_v3_1_9/lib/python3.11/site-packages/mob_suite/mob_recon.py:1012]
2026-02-17 11:56:00,755 mob_suite.mob_recon INFO: Writing cleaned header input fasta file from /nfs/turbo/umms-esnitkin/Project_Penn_KPC/Sequence_data/assembly/hybrid/polypolish/PCMP_H323/PCMP_H323/PCMP_H323_flye_medaka_polypolish.fasta to /nfs/turbo/umms-esnitkin/Project_Penn_KPC/Analysis/Combination_resistance/pre-intro-blbli-resistance-ms/data/evolution_experiment/mobsuite_evolved/PCMP_H323/__tmp/fixed.input.fasta [in /home/kgontjes/.conda/envs/mobsuite_v3_1_9/lib/python3.11/site-packages/mob_suite/mob_recon.py:1107]
2026-02-17 11:56:01,285 root INFO: Blasting replicon sequences /home/kgontjes/.conda/envs/mobsuite_v3_1_9/lib/python3.11/site-packages/mob_suite/databases/rep.dna.fas against /nfs/turbo/umms-esnitkin/Project_Penn_KPC/Analysis/Combination_resistance/pre-intro-blbli-resistance-ms/data/evolution_experiment/mobsuite_evolved/PCMP_H323/__tmp/fixed.input.fasta [in /home/kgontjes/.conda/envs/mobsuite_v3_1_9/lib/python3.11/site-packages/mob_suite/utils.py:1163]
/home/kgontjes/.conda/envs/mobsuite_v3_1_9/lib/python3.11/site-packages/mob_suite/utils.py:338: FutureWarning: the 'line_terminator'' keyword is deprecated, use 'lineterminator' instead.
  blast_df.to_csv(blast_results_file, sep='\t', header=True, line_terminator='\n', index=False)
2026-02-17 11:56:02,005 root INFO: Filtering replicon blast results /nfs/turbo/umms-esnitkin/Project_Penn_KPC/Analysis/Combination_resistance/pre-intro-blbli-resistance-ms/data/evolution_experiment/mobsuite_evolved/PCMP_H323/__tmp/replicon_blast_results.txt  [in /home/kgontjes/.conda/envs/mobsuite_v3_1_9/lib/python3.11/site-packages/mob_suite/utils.py:1168]
2026-02-17 11:56:02,064 root INFO: Blasting relaxase sequences /home/kgontjes/.conda/envs/mobsuite_v3_1_9/lib/python3.11/site-packages/mob_suite/databases/mob.proteins.faa against /nfs/turbo/umms-esnitkin/Project_Penn_KPC/Analysis/Combination_resistance/pre-intro-blbli-resistance-ms/data/evolution_experiment/mobsuite_evolved/PCMP_H323/__tmp/fixed.input.fasta [in /home/kgontjes/.conda/envs/mobsuite_v3_1_9/lib/python3.11/site-packages/mob_suite/utils.py:1186]
/home/kgontjes/.conda/envs/mobsuite_v3_1_9/lib/python3.11/site-packages/mob_suite/utils.py:365: FutureWarning: the 'line_terminator'' keyword is deprecated, use 'lineterminator' instead.
  blast_df.to_csv(blast_results_file, sep='\t', header=True, line_terminator='\n', index=False)
2026-02-17 11:57:30,990 root INFO: Filtering relaxase blast results /nfs/turbo/umms-esnitkin/Project_Penn_KPC/Analysis/Combination_resistance/pre-intro-blbli-resistance-ms/data/evolution_experiment/mobsuite_evolved/PCMP_H323/__tmp/mob_blast_results.txt  [in /home/kgontjes/.conda/envs/mobsuite_v3_1_9/lib/python3.11/site-packages/mob_suite/utils.py:1191]
2026-02-17 11:57:31,009 root INFO: Blasting MPF sequences /home/kgontjes/.conda/envs/mobsuite_v3_1_9/lib/python3.11/site-packages/mob_suite/databases/mpf.proteins.faa against /nfs/turbo/umms-esnitkin/Project_Penn_KPC/Analysis/Combination_resistance/pre-intro-blbli-resistance-ms/data/evolution_experiment/mobsuite_evolved/PCMP_H323/__tmp/fixed.input.fasta [in /home/kgontjes/.conda/envs/mobsuite_v3_1_9/lib/python3.11/site-packages/mob_suite/utils.py:1210]
/home/kgontjes/.conda/envs/mobsuite_v3_1_9/lib/python3.11/site-packages/mob_suite/utils.py:365: FutureWarning: the 'line_terminator'' keyword is deprecated, use 'lineterminator' instead.
  blast_df.to_csv(blast_results_file, sep='\t', header=True, line_terminator='\n', index=False)
2026-02-17 11:58:29,856 root INFO: Filtering MPF blast results /nfs/turbo/umms-esnitkin/Project_Penn_KPC/Analysis/Combination_resistance/pre-intro-blbli-resistance-ms/data/evolution_experiment/mobsuite_evolved/PCMP_H323/__tmp/mpf_blast_results.txt  [in /home/kgontjes/.conda/envs/mobsuite_v3_1_9/lib/python3.11/site-packages/mob_suite/utils.py:1225]
2026-02-17 11:58:29,856 root INFO: Blasting orit sequences /home/kgontjes/.conda/envs/mobsuite_v3_1_9/lib/python3.11/site-packages/mob_suite/databases/orit.fas against /nfs/turbo/umms-esnitkin/Project_Penn_KPC/Analysis/Combination_resistance/pre-intro-blbli-resistance-ms/data/evolution_experiment/mobsuite_evolved/PCMP_H323/__tmp/fixed.input.fasta [in /home/kgontjes/.conda/envs/mobsuite_v3_1_9/lib/python3.11/site-packages/mob_suite/utils.py:1234]
2026-02-17 11:58:30,050 root INFO: Filtering orit blast results /nfs/turbo/umms-esnitkin/Project_Penn_KPC/Analysis/Combination_resistance/pre-intro-blbli-resistance-ms/data/evolution_experiment/mobsuite_evolved/PCMP_H323/__tmp/orit_blast_results.txt  [in /home/kgontjes/.conda/envs/mobsuite_v3_1_9/lib/python3.11/site-packages/mob_suite/utils.py:1239]
2026-02-17 11:58:30,050 root WARNING: No BLASTN results to parse from file /nfs/turbo/umms-esnitkin/Project_Penn_KPC/Analysis/Combination_resistance/pre-intro-blbli-resistance-ms/data/evolution_experiment/mobsuite_evolved/PCMP_H323/__tmp/orit_blast_results.txt [in /home/kgontjes/.conda/envs/mobsuite_v3_1_9/lib/python3.11/site-packages/mob_suite/blast/__init__.py:181]
2026-02-17 11:58:30,050 root INFO: Blasting contigs against repetitive sequences db: /home/kgontjes/.conda/envs/mobsuite_v3_1_9/lib/python3.11/site-packages/mob_suite/databases/repetitive.dna.fas [in /home/kgontjes/.conda/envs/mobsuite_v3_1_9/lib/python3.11/site-packages/mob_suite/utils.py:1256]
/home/kgontjes/.conda/envs/mobsuite_v3_1_9/lib/python3.11/site-packages/mob_suite/utils.py:338: FutureWarning: the 'line_terminator'' keyword is deprecated, use 'lineterminator' instead.
  blast_df.to_csv(blast_results_file, sep='\t', header=True, line_terminator='\n', index=False)
2026-02-17 11:58:31,112 root INFO: Filtering repetitive blast results /nfs/turbo/umms-esnitkin/Project_Penn_KPC/Analysis/Combination_resistance/pre-intro-blbli-resistance-ms/data/evolution_experiment/mobsuite_evolved/PCMP_H323/__tmp/repetitive_blast_results.txt  [in /home/kgontjes/.conda/envs/mobsuite_v3_1_9/lib/python3.11/site-packages/mob_suite/utils.py:1260]
2026-02-17 11:58:31,117 root INFO: Blasting contigs against reference sequence db: /home/kgontjes/.conda/envs/mobsuite_v3_1_9/lib/python3.11/site-packages/mob_suite/databases/ncbi_plasmid_full_seqs.fas [in /home/kgontjes/.conda/envs/mobsuite_v3_1_9/lib/python3.11/site-packages/mob_suite/mob_recon.py:1264]
/home/kgontjes/.conda/envs/mobsuite_v3_1_9/lib/python3.11/site-packages/mob_suite/utils.py:338: FutureWarning: the 'line_terminator'' keyword is deprecated, use 'lineterminator' instead.
  blast_df.to_csv(blast_results_file, sep='\t', header=True, line_terminator='\n', index=False)
2026-02-17 11:59:23,630 root INFO: Filtering contig blast results: /nfs/turbo/umms-esnitkin/Project_Penn_KPC/Analysis/Combination_resistance/pre-intro-blbli-resistance-ms/data/evolution_experiment/mobsuite_evolved/PCMP_H323/__tmp/contig_blast_results.txt [in /home/kgontjes/.conda/envs/mobsuite_v3_1_9/lib/python3.11/site-packages/mob_suite/mob_recon.py:1269]
2026-02-17 11:59:23,758 root INFO: Assigning contigs to plasmid groups [in /home/kgontjes/.conda/envs/mobsuite_v3_1_9/lib/python3.11/site-packages/mob_suite/mob_recon.py:1284]
2026-02-17 11:59:27,275 root INFO: Writting contig results to /nfs/turbo/umms-esnitkin/Project_Penn_KPC/Analysis/Combination_resistance/pre-intro-blbli-resistance-ms/data/evolution_experiment/mobsuite_evolved/PCMP_H323/contig_report.txt [in /home/kgontjes/.conda/envs/mobsuite_v3_1_9/lib/python3.11/site-packages/mob_suite/mob_recon.py:1387]
2026-02-17 11:59:29,885 root INFO: Writting plasmid sequences to /nfs/turbo/umms-esnitkin/Project_Penn_KPC/Analysis/Combination_resistance/pre-intro-blbli-resistance-ms/data/evolution_experiment/mobsuite_evolved/PCMP_H323/plasmid_AA018.fasta [in /home/kgontjes/.conda/envs/mobsuite_v3_1_9/lib/python3.11/site-packages/mob_suite/utils.py:971]
2026-02-17 11:59:30,347 root INFO: Writting plasmid sequences to /nfs/turbo/umms-esnitkin/Project_Penn_KPC/Analysis/Combination_resistance/pre-intro-blbli-resistance-ms/data/evolution_experiment/mobsuite_evolved/PCMP_H323/plasmid_AA941.fasta [in /home/kgontjes/.conda/envs/mobsuite_v3_1_9/lib/python3.11/site-packages/mob_suite/utils.py:971]
2026-02-17 11:59:31,370 root INFO: Writting chromosome sequences to /nfs/turbo/umms-esnitkin/Project_Penn_KPC/Analysis/Combination_resistance/pre-intro-blbli-resistance-ms/data/evolution_experiment/mobsuite_evolved/PCMP_H323/chromosome.fasta [in /home/kgontjes/.conda/envs/mobsuite_v3_1_9/lib/python3.11/site-packages/mob_suite/mob_recon.py:1404]
/home/kgontjes/.conda/envs/mobsuite_v3_1_9/lib/python3.11/site-packages/mob_suite/utils.py:338: FutureWarning: the 'line_terminator'' keyword is deprecated, use 'lineterminator' instead.
  blast_df.to_csv(blast_results_file, sep='\t', header=True, line_terminator='\n', index=False)
2026-02-17 11:59:32,387 root INFO: Creating plasmid biomarkers report ... [in /home/kgontjes/.conda/envs/mobsuite_v3_1_9/lib/python3.11/site-packages/mob_suite/utils.py:1382]
2026-02-17 11:59:32,494 root INFO: Writting plasmid biomarkers report contaning 19 biomarkers [in /home/kgontjes/.conda/envs/mobsuite_v3_1_9/lib/python3.11/site-packages/mob_suite/mob_recon.py:1478]
2026-02-17 11:59:32,497 root INFO: Cleaning up temporary files /nfs/turbo/umms-esnitkin/Project_Penn_KPC/Analysis/Combination_resistance/pre-intro-blbli-resistance-ms/data/evolution_experiment/mobsuite_evolved/PCMP_H323/__tmp [in /home/kgontjes/.conda/envs/mobsuite_v3_1_9/lib/python3.11/site-packages/mob_suite/mob_recon.py:1484]
2026-02-17 11:59:32,513 mob_suite.mob_recon INFO: MOB-recon completed and results written to /nfs/turbo/umms-esnitkin/Project_Penn_KPC/Analysis/Combination_resistance/pre-intro-blbli-resistance-ms/data/evolution_experiment/mobsuite_evolved/PCMP_H323 [in /home/kgontjes/.conda/envs/mobsuite_v3_1_9/lib/python3.11/site-packages/mob_suite/mob_recon.py:1486]
Not 3_d00b05463071c97613e8a25ea1bbc97b_circular=false_96084 to cluster AA552 assigned as already present in cluster AA552
Not 4_01daba4971e0c4b3fbefb5f5b51b5d0d_circular=false_14863 to cluster AA552 assigned as already present in cluster AA941
2026-02-17 11:55:58,310 mob_suite.mob_recon INFO: MOB-recon version 3.1.9  [in /home/kgontjes/.conda/envs/mobsuite_v3_1_9/lib/python3.11/site-packages/mob_suite/mob_recon.py:984]
2026-02-17 11:55:58,310 mob_suite.mob_recon INFO: SUCCESS: Found program blastn at /home/kgontjes/.conda/envs/mobsuite_v3_1_9/bin/blastn [in /home/kgontjes/.conda/envs/mobsuite_v3_1_9/lib/python3.11/site-packages/mob_suite/utils.py:597]
2026-02-17 11:55:58,311 mob_suite.mob_recon INFO: SUCCESS: Found program makeblastdb at /home/kgontjes/.conda/envs/mobsuite_v3_1_9/bin/makeblastdb [in /home/kgontjes/.conda/envs/mobsuite_v3_1_9/lib/python3.11/site-packages/mob_suite/utils.py:597]
2026-02-17 11:55:58,311 mob_suite.mob_recon INFO: SUCCESS: Found program tblastn at /home/kgontjes/.conda/envs/mobsuite_v3_1_9/bin/tblastn [in /home/kgontjes/.conda/envs/mobsuite_v3_1_9/lib/python3.11/site-packages/mob_suite/utils.py:597]
2026-02-17 11:55:58,315 mob_suite.mob_recon INFO: Processing fasta file /nfs/turbo/umms-esnitkin/Project_Penn_KPC/Sequence_data/assembly/hybrid/polypolish/PCMP_H318_MVB_R/PCMP_H318_MVB_R/PCMP_H318_MVB_R_flye_medaka_polypolish.fasta [in /home/kgontjes/.conda/envs/mobsuite_v3_1_9/lib/python3.11/site-packages/mob_suite/mob_recon.py:1011]
2026-02-17 11:55:58,315 mob_suite.mob_recon INFO: Analysis directory /nfs/turbo/umms-esnitkin/Project_Penn_KPC/Analysis/Combination_resistance/pre-intro-blbli-resistance-ms/data/evolution_experiment/mobsuite_evolved/PCMP_H318_MVB_R [in /home/kgontjes/.conda/envs/mobsuite_v3_1_9/lib/python3.11/site-packages/mob_suite/mob_recon.py:1012]
2026-02-17 11:56:00,670 mob_suite.mob_recon INFO: Writing cleaned header input fasta file from /nfs/turbo/umms-esnitkin/Project_Penn_KPC/Sequence_data/assembly/hybrid/polypolish/PCMP_H318_MVB_R/PCMP_H318_MVB_R/PCMP_H318_MVB_R_flye_medaka_polypolish.fasta to /nfs/turbo/umms-esnitkin/Project_Penn_KPC/Analysis/Combination_resistance/pre-intro-blbli-resistance-ms/data/evolution_experiment/mobsuite_evolved/PCMP_H318_MVB_R/__tmp/fixed.input.fasta [in /home/kgontjes/.conda/envs/mobsuite_v3_1_9/lib/python3.11/site-packages/mob_suite/mob_recon.py:1107]
2026-02-17 11:56:01,218 root INFO: Blasting replicon sequences /home/kgontjes/.conda/envs/mobsuite_v3_1_9/lib/python3.11/site-packages/mob_suite/databases/rep.dna.fas against /nfs/turbo/umms-esnitkin/Project_Penn_KPC/Analysis/Combination_resistance/pre-intro-blbli-resistance-ms/data/evolution_experiment/mobsuite_evolved/PCMP_H318_MVB_R/__tmp/fixed.input.fasta [in /home/kgontjes/.conda/envs/mobsuite_v3_1_9/lib/python3.11/site-packages/mob_suite/utils.py:1163]
/home/kgontjes/.conda/envs/mobsuite_v3_1_9/lib/python3.11/site-packages/mob_suite/utils.py:338: FutureWarning: the 'line_terminator'' keyword is deprecated, use 'lineterminator' instead.
  blast_df.to_csv(blast_results_file, sep='\t', header=True, line_terminator='\n', index=False)
2026-02-17 11:56:01,976 root INFO: Filtering replicon blast results /nfs/turbo/umms-esnitkin/Project_Penn_KPC/Analysis/Combination_resistance/pre-intro-blbli-resistance-ms/data/evolution_experiment/mobsuite_evolved/PCMP_H318_MVB_R/__tmp/replicon_blast_results.txt  [in /home/kgontjes/.conda/envs/mobsuite_v3_1_9/lib/python3.11/site-packages/mob_suite/utils.py:1168]
2026-02-17 11:56:02,112 root INFO: Blasting relaxase sequences /home/kgontjes/.conda/envs/mobsuite_v3_1_9/lib/python3.11/site-packages/mob_suite/databases/mob.proteins.faa against /nfs/turbo/umms-esnitkin/Project_Penn_KPC/Analysis/Combination_resistance/pre-intro-blbli-resistance-ms/data/evolution_experiment/mobsuite_evolved/PCMP_H318_MVB_R/__tmp/fixed.input.fasta [in /home/kgontjes/.conda/envs/mobsuite_v3_1_9/lib/python3.11/site-packages/mob_suite/utils.py:1186]
/home/kgontjes/.conda/envs/mobsuite_v3_1_9/lib/python3.11/site-packages/mob_suite/utils.py:365: FutureWarning: the 'line_terminator'' keyword is deprecated, use 'lineterminator' instead.
  blast_df.to_csv(blast_results_file, sep='\t', header=True, line_terminator='\n', index=False)
2026-02-17 11:57:32,742 root INFO: Filtering relaxase blast results /nfs/turbo/umms-esnitkin/Project_Penn_KPC/Analysis/Combination_resistance/pre-intro-blbli-resistance-ms/data/evolution_experiment/mobsuite_evolved/PCMP_H318_MVB_R/__tmp/mob_blast_results.txt  [in /home/kgontjes/.conda/envs/mobsuite_v3_1_9/lib/python3.11/site-packages/mob_suite/utils.py:1191]
2026-02-17 11:57:32,798 root INFO: Blasting MPF sequences /home/kgontjes/.conda/envs/mobsuite_v3_1_9/lib/python3.11/site-packages/mob_suite/databases/mpf.proteins.faa against /nfs/turbo/umms-esnitkin/Project_Penn_KPC/Analysis/Combination_resistance/pre-intro-blbli-resistance-ms/data/evolution_experiment/mobsuite_evolved/PCMP_H318_MVB_R/__tmp/fixed.input.fasta [in /home/kgontjes/.conda/envs/mobsuite_v3_1_9/lib/python3.11/site-packages/mob_suite/utils.py:1210]
/home/kgontjes/.conda/envs/mobsuite_v3_1_9/lib/python3.11/site-packages/mob_suite/utils.py:365: FutureWarning: the 'line_terminator'' keyword is deprecated, use 'lineterminator' instead.
  blast_df.to_csv(blast_results_file, sep='\t', header=True, line_terminator='\n', index=False)
2026-02-17 11:58:34,791 root INFO: Filtering MPF blast results /nfs/turbo/umms-esnitkin/Project_Penn_KPC/Analysis/Combination_resistance/pre-intro-blbli-resistance-ms/data/evolution_experiment/mobsuite_evolved/PCMP_H318_MVB_R/__tmp/mpf_blast_results.txt  [in /home/kgontjes/.conda/envs/mobsuite_v3_1_9/lib/python3.11/site-packages/mob_suite/utils.py:1225]
2026-02-17 11:58:34,793 root INFO: Blasting orit sequences /home/kgontjes/.conda/envs/mobsuite_v3_1_9/lib/python3.11/site-packages/mob_suite/databases/orit.fas against /nfs/turbo/umms-esnitkin/Project_Penn_KPC/Analysis/Combination_resistance/pre-intro-blbli-resistance-ms/data/evolution_experiment/mobsuite_evolved/PCMP_H318_MVB_R/__tmp/fixed.input.fasta [in /home/kgontjes/.conda/envs/mobsuite_v3_1_9/lib/python3.11/site-packages/mob_suite/utils.py:1234]
/home/kgontjes/.conda/envs/mobsuite_v3_1_9/lib/python3.11/site-packages/mob_suite/utils.py:338: FutureWarning: the 'line_terminator'' keyword is deprecated, use 'lineterminator' instead.
  blast_df.to_csv(blast_results_file, sep='\t', header=True, line_terminator='\n', index=False)
2026-02-17 11:58:35,000 root INFO: Filtering orit blast results /nfs/turbo/umms-esnitkin/Project_Penn_KPC/Analysis/Combination_resistance/pre-intro-blbli-resistance-ms/data/evolution_experiment/mobsuite_evolved/PCMP_H318_MVB_R/__tmp/orit_blast_results.txt  [in /home/kgontjes/.conda/envs/mobsuite_v3_1_9/lib/python3.11/site-packages/mob_suite/utils.py:1239]
2026-02-17 11:58:35,039 root INFO: Blasting contigs against repetitive sequences db: /home/kgontjes/.conda/envs/mobsuite_v3_1_9/lib/python3.11/site-packages/mob_suite/databases/repetitive.dna.fas [in /home/kgontjes/.conda/envs/mobsuite_v3_1_9/lib/python3.11/site-packages/mob_suite/utils.py:1256]
/home/kgontjes/.conda/envs/mobsuite_v3_1_9/lib/python3.11/site-packages/mob_suite/utils.py:338: FutureWarning: the 'line_terminator'' keyword is deprecated, use 'lineterminator' instead.
  blast_df.to_csv(blast_results_file, sep='\t', header=True, line_terminator='\n', index=False)
2026-02-17 11:58:36,078 root INFO: Filtering repetitive blast results /nfs/turbo/umms-esnitkin/Project_Penn_KPC/Analysis/Combination_resistance/pre-intro-blbli-resistance-ms/data/evolution_experiment/mobsuite_evolved/PCMP_H318_MVB_R/__tmp/repetitive_blast_results.txt  [in /home/kgontjes/.conda/envs/mobsuite_v3_1_9/lib/python3.11/site-packages/mob_suite/utils.py:1260]
2026-02-17 11:58:36,083 root INFO: Blasting contigs against reference sequence db: /home/kgontjes/.conda/envs/mobsuite_v3_1_9/lib/python3.11/site-packages/mob_suite/databases/ncbi_plasmid_full_seqs.fas [in /home/kgontjes/.conda/envs/mobsuite_v3_1_9/lib/python3.11/site-packages/mob_suite/mob_recon.py:1264]
/home/kgontjes/.conda/envs/mobsuite_v3_1_9/lib/python3.11/site-packages/mob_suite/utils.py:338: FutureWarning: the 'line_terminator'' keyword is deprecated, use 'lineterminator' instead.
  blast_df.to_csv(blast_results_file, sep='\t', header=True, line_terminator='\n', index=False)
2026-02-17 12:00:05,195 root INFO: Filtering contig blast results: /nfs/turbo/umms-esnitkin/Project_Penn_KPC/Analysis/Combination_resistance/pre-intro-blbli-resistance-ms/data/evolution_experiment/mobsuite_evolved/PCMP_H318_MVB_R/__tmp/contig_blast_results.txt [in /home/kgontjes/.conda/envs/mobsuite_v3_1_9/lib/python3.11/site-packages/mob_suite/mob_recon.py:1269]
2026-02-17 12:00:05,567 root INFO: Assigning contigs to plasmid groups [in /home/kgontjes/.conda/envs/mobsuite_v3_1_9/lib/python3.11/site-packages/mob_suite/mob_recon.py:1284]
2026-02-17 12:00:13,636 root INFO: Writting contig results to /nfs/turbo/umms-esnitkin/Project_Penn_KPC/Analysis/Combination_resistance/pre-intro-blbli-resistance-ms/data/evolution_experiment/mobsuite_evolved/PCMP_H318_MVB_R/contig_report.txt [in /home/kgontjes/.conda/envs/mobsuite_v3_1_9/lib/python3.11/site-packages/mob_suite/mob_recon.py:1387]
2026-02-17 12:00:15,181 root INFO: Writting plasmid sequences to /nfs/turbo/umms-esnitkin/Project_Penn_KPC/Analysis/Combination_resistance/pre-intro-blbli-resistance-ms/data/evolution_experiment/mobsuite_evolved/PCMP_H318_MVB_R/plasmid_AA171.fasta [in /home/kgontjes/.conda/envs/mobsuite_v3_1_9/lib/python3.11/site-packages/mob_suite/utils.py:971]
2026-02-17 12:00:15,385 root INFO: Writting plasmid sequences to /nfs/turbo/umms-esnitkin/Project_Penn_KPC/Analysis/Combination_resistance/pre-intro-blbli-resistance-ms/data/evolution_experiment/mobsuite_evolved/PCMP_H318_MVB_R/plasmid_AA018.fasta [in /home/kgontjes/.conda/envs/mobsuite_v3_1_9/lib/python3.11/site-packages/mob_suite/utils.py:971]
2026-02-17 12:00:15,638 root INFO: Writting plasmid sequences to /nfs/turbo/umms-esnitkin/Project_Penn_KPC/Analysis/Combination_resistance/pre-intro-blbli-resistance-ms/data/evolution_experiment/mobsuite_evolved/PCMP_H318_MVB_R/plasmid_AA552.fasta [in /home/kgontjes/.conda/envs/mobsuite_v3_1_9/lib/python3.11/site-packages/mob_suite/utils.py:971]
2026-02-17 12:00:16,439 root INFO: Writting plasmid sequences to /nfs/turbo/umms-esnitkin/Project_Penn_KPC/Analysis/Combination_resistance/pre-intro-blbli-resistance-ms/data/evolution_experiment/mobsuite_evolved/PCMP_H318_MVB_R/plasmid_AA941.fasta [in /home/kgontjes/.conda/envs/mobsuite_v3_1_9/lib/python3.11/site-packages/mob_suite/utils.py:971]
2026-02-17 12:00:17,390 root INFO: Writting chromosome sequences to /nfs/turbo/umms-esnitkin/Project_Penn_KPC/Analysis/Combination_resistance/pre-intro-blbli-resistance-ms/data/evolution_experiment/mobsuite_evolved/PCMP_H318_MVB_R/chromosome.fasta [in /home/kgontjes/.conda/envs/mobsuite_v3_1_9/lib/python3.11/site-packages/mob_suite/mob_recon.py:1404]
/home/kgontjes/.conda/envs/mobsuite_v3_1_9/lib/python3.11/site-packages/mob_suite/utils.py:338: FutureWarning: the 'line_terminator'' keyword is deprecated, use 'lineterminator' instead.
  blast_df.to_csv(blast_results_file, sep='\t', header=True, line_terminator='\n', index=False)
2026-02-17 12:00:18,476 root INFO: Creating plasmid biomarkers report ... [in /home/kgontjes/.conda/envs/mobsuite_v3_1_9/lib/python3.11/site-packages/mob_suite/utils.py:1382]
2026-02-17 12:00:18,823 root INFO: Writting plasmid biomarkers report contaning 55 biomarkers [in /home/kgontjes/.conda/envs/mobsuite_v3_1_9/lib/python3.11/site-packages/mob_suite/mob_recon.py:1478]
2026-02-17 12:00:18,829 root INFO: Cleaning up temporary files /nfs/turbo/umms-esnitkin/Project_Penn_KPC/Analysis/Combination_resistance/pre-intro-blbli-resistance-ms/data/evolution_experiment/mobsuite_evolved/PCMP_H318_MVB_R/__tmp [in /home/kgontjes/.conda/envs/mobsuite_v3_1_9/lib/python3.11/site-packages/mob_suite/mob_recon.py:1484]
2026-02-17 12:00:18,851 mob_suite.mob_recon INFO: MOB-recon completed and results written to /nfs/turbo/umms-esnitkin/Project_Penn_KPC/Analysis/Combination_resistance/pre-intro-blbli-resistance-ms/data/evolution_experiment/mobsuite_evolved/PCMP_H318_MVB_R [in /home/kgontjes/.conda/envs/mobsuite_v3_1_9/lib/python3.11/site-packages/mob_suite/mob_recon.py:1486]
2026-02-17 11:56:56,484 mob_suite.mob_recon INFO: MOB-recon version 3.1.9  [in /home/kgontjes/.conda/envs/mobsuite_v3_1_9/lib/python3.11/site-packages/mob_suite/mob_recon.py:984]
2026-02-17 11:56:56,484 mob_suite.mob_recon INFO: SUCCESS: Found program blastn at /home/kgontjes/.conda/envs/mobsuite_v3_1_9/bin/blastn [in /home/kgontjes/.conda/envs/mobsuite_v3_1_9/lib/python3.11/site-packages/mob_suite/utils.py:597]
2026-02-17 11:56:56,484 mob_suite.mob_recon INFO: SUCCESS: Found program makeblastdb at /home/kgontjes/.conda/envs/mobsuite_v3_1_9/bin/makeblastdb [in /home/kgontjes/.conda/envs/mobsuite_v3_1_9/lib/python3.11/site-packages/mob_suite/utils.py:597]
2026-02-17 11:56:56,484 mob_suite.mob_recon INFO: SUCCESS: Found program tblastn at /home/kgontjes/.conda/envs/mobsuite_v3_1_9/bin/tblastn [in /home/kgontjes/.conda/envs/mobsuite_v3_1_9/lib/python3.11/site-packages/mob_suite/utils.py:597]
2026-02-17 11:56:56,488 mob_suite.mob_recon INFO: Processing fasta file /nfs/turbo/umms-esnitkin/Project_Penn_KPC/Sequence_data/assembly/hybrid/polypolish/PCMP_H464/PCMP_H464/PCMP_H464_flye_medaka_polypolish.fasta [in /home/kgontjes/.conda/envs/mobsuite_v3_1_9/lib/python3.11/site-packages/mob_suite/mob_recon.py:1011]
2026-02-17 11:56:56,488 mob_suite.mob_recon INFO: Analysis directory /nfs/turbo/umms-esnitkin/Project_Penn_KPC/Analysis/Combination_resistance/pre-intro-blbli-resistance-ms/data/evolution_experiment/mobsuite_evolved/PCMP_H464 [in /home/kgontjes/.conda/envs/mobsuite_v3_1_9/lib/python3.11/site-packages/mob_suite/mob_recon.py:1012]
2026-02-17 11:56:58,560 mob_suite.mob_recon INFO: Writing cleaned header input fasta file from /nfs/turbo/umms-esnitkin/Project_Penn_KPC/Sequence_data/assembly/hybrid/polypolish/PCMP_H464/PCMP_H464/PCMP_H464_flye_medaka_polypolish.fasta to /nfs/turbo/umms-esnitkin/Project_Penn_KPC/Analysis/Combination_resistance/pre-intro-blbli-resistance-ms/data/evolution_experiment/mobsuite_evolved/PCMP_H464/__tmp/fixed.input.fasta [in /home/kgontjes/.conda/envs/mobsuite_v3_1_9/lib/python3.11/site-packages/mob_suite/mob_recon.py:1107]
2026-02-17 11:56:59,034 root INFO: Blasting replicon sequences /home/kgontjes/.conda/envs/mobsuite_v3_1_9/lib/python3.11/site-packages/mob_suite/databases/rep.dna.fas against /nfs/turbo/umms-esnitkin/Project_Penn_KPC/Analysis/Combination_resistance/pre-intro-blbli-resistance-ms/data/evolution_experiment/mobsuite_evolved/PCMP_H464/__tmp/fixed.input.fasta [in /home/kgontjes/.conda/envs/mobsuite_v3_1_9/lib/python3.11/site-packages/mob_suite/utils.py:1163]
/home/kgontjes/.conda/envs/mobsuite_v3_1_9/lib/python3.11/site-packages/mob_suite/utils.py:338: FutureWarning: the 'line_terminator'' keyword is deprecated, use 'lineterminator' instead.
  blast_df.to_csv(blast_results_file, sep='\t', header=True, line_terminator='\n', index=False)
2026-02-17 11:56:59,703 root INFO: Filtering replicon blast results /nfs/turbo/umms-esnitkin/Project_Penn_KPC/Analysis/Combination_resistance/pre-intro-blbli-resistance-ms/data/evolution_experiment/mobsuite_evolved/PCMP_H464/__tmp/replicon_blast_results.txt  [in /home/kgontjes/.conda/envs/mobsuite_v3_1_9/lib/python3.11/site-packages/mob_suite/utils.py:1168]
2026-02-17 11:56:59,747 root INFO: Blasting relaxase sequences /home/kgontjes/.conda/envs/mobsuite_v3_1_9/lib/python3.11/site-packages/mob_suite/databases/mob.proteins.faa against /nfs/turbo/umms-esnitkin/Project_Penn_KPC/Analysis/Combination_resistance/pre-intro-blbli-resistance-ms/data/evolution_experiment/mobsuite_evolved/PCMP_H464/__tmp/fixed.input.fasta [in /home/kgontjes/.conda/envs/mobsuite_v3_1_9/lib/python3.11/site-packages/mob_suite/utils.py:1186]
/home/kgontjes/.conda/envs/mobsuite_v3_1_9/lib/python3.11/site-packages/mob_suite/utils.py:365: FutureWarning: the 'line_terminator'' keyword is deprecated, use 'lineterminator' instead.
  blast_df.to_csv(blast_results_file, sep='\t', header=True, line_terminator='\n', index=False)
2026-02-17 11:58:27,093 root INFO: Filtering relaxase blast results /nfs/turbo/umms-esnitkin/Project_Penn_KPC/Analysis/Combination_resistance/pre-intro-blbli-resistance-ms/data/evolution_experiment/mobsuite_evolved/PCMP_H464/__tmp/mob_blast_results.txt  [in /home/kgontjes/.conda/envs/mobsuite_v3_1_9/lib/python3.11/site-packages/mob_suite/utils.py:1191]
2026-02-17 11:58:27,115 root INFO: Blasting MPF sequences /home/kgontjes/.conda/envs/mobsuite_v3_1_9/lib/python3.11/site-packages/mob_suite/databases/mpf.proteins.faa against /nfs/turbo/umms-esnitkin/Project_Penn_KPC/Analysis/Combination_resistance/pre-intro-blbli-resistance-ms/data/evolution_experiment/mobsuite_evolved/PCMP_H464/__tmp/fixed.input.fasta [in /home/kgontjes/.conda/envs/mobsuite_v3_1_9/lib/python3.11/site-packages/mob_suite/utils.py:1210]
/home/kgontjes/.conda/envs/mobsuite_v3_1_9/lib/python3.11/site-packages/mob_suite/utils.py:365: FutureWarning: the 'line_terminator'' keyword is deprecated, use 'lineterminator' instead.
  blast_df.to_csv(blast_results_file, sep='\t', header=True, line_terminator='\n', index=False)
2026-02-17 11:59:27,623 root INFO: Filtering MPF blast results /nfs/turbo/umms-esnitkin/Project_Penn_KPC/Analysis/Combination_resistance/pre-intro-blbli-resistance-ms/data/evolution_experiment/mobsuite_evolved/PCMP_H464/__tmp/mpf_blast_results.txt  [in /home/kgontjes/.conda/envs/mobsuite_v3_1_9/lib/python3.11/site-packages/mob_suite/utils.py:1225]
2026-02-17 11:59:27,624 root INFO: Blasting orit sequences /home/kgontjes/.conda/envs/mobsuite_v3_1_9/lib/python3.11/site-packages/mob_suite/databases/orit.fas against /nfs/turbo/umms-esnitkin/Project_Penn_KPC/Analysis/Combination_resistance/pre-intro-blbli-resistance-ms/data/evolution_experiment/mobsuite_evolved/PCMP_H464/__tmp/fixed.input.fasta [in /home/kgontjes/.conda/envs/mobsuite_v3_1_9/lib/python3.11/site-packages/mob_suite/utils.py:1234]
/home/kgontjes/.conda/envs/mobsuite_v3_1_9/lib/python3.11/site-packages/mob_suite/utils.py:338: FutureWarning: the 'line_terminator'' keyword is deprecated, use 'lineterminator' instead.
  blast_df.to_csv(blast_results_file, sep='\t', header=True, line_terminator='\n', index=False)
2026-02-17 11:59:27,815 root INFO: Filtering orit blast results /nfs/turbo/umms-esnitkin/Project_Penn_KPC/Analysis/Combination_resistance/pre-intro-blbli-resistance-ms/data/evolution_experiment/mobsuite_evolved/PCMP_H464/__tmp/orit_blast_results.txt  [in /home/kgontjes/.conda/envs/mobsuite_v3_1_9/lib/python3.11/site-packages/mob_suite/utils.py:1239]
2026-02-17 11:59:27,853 root INFO: Blasting contigs against repetitive sequences db: /home/kgontjes/.conda/envs/mobsuite_v3_1_9/lib/python3.11/site-packages/mob_suite/databases/repetitive.dna.fas [in /home/kgontjes/.conda/envs/mobsuite_v3_1_9/lib/python3.11/site-packages/mob_suite/utils.py:1256]
/home/kgontjes/.conda/envs/mobsuite_v3_1_9/lib/python3.11/site-packages/mob_suite/utils.py:338: FutureWarning: the 'line_terminator'' keyword is deprecated, use 'lineterminator' instead.
  blast_df.to_csv(blast_results_file, sep='\t', header=True, line_terminator='\n', index=False)
2026-02-17 11:59:29,792 root INFO: Filtering repetitive blast results /nfs/turbo/umms-esnitkin/Project_Penn_KPC/Analysis/Combination_resistance/pre-intro-blbli-resistance-ms/data/evolution_experiment/mobsuite_evolved/PCMP_H464/__tmp/repetitive_blast_results.txt  [in /home/kgontjes/.conda/envs/mobsuite_v3_1_9/lib/python3.11/site-packages/mob_suite/utils.py:1260]
2026-02-17 11:59:29,803 root INFO: Filtering contig: 4_a264f37781c4c6a8c4982c1dfb7c1c42_circular=false_5970 due to repetitive sequence [in /home/kgontjes/.conda/envs/mobsuite_v3_1_9/lib/python3.11/site-packages/mob_suite/utils.py:1275]
2026-02-17 11:59:29,804 root INFO: Blasting contigs against reference sequence db: /home/kgontjes/.conda/envs/mobsuite_v3_1_9/lib/python3.11/site-packages/mob_suite/databases/ncbi_plasmid_full_seqs.fas [in /home/kgontjes/.conda/envs/mobsuite_v3_1_9/lib/python3.11/site-packages/mob_suite/mob_recon.py:1264]
/home/kgontjes/.conda/envs/mobsuite_v3_1_9/lib/python3.11/site-packages/mob_suite/utils.py:338: FutureWarning: the 'line_terminator'' keyword is deprecated, use 'lineterminator' instead.
  blast_df.to_csv(blast_results_file, sep='\t', header=True, line_terminator='\n', index=False)
2026-02-17 12:00:27,313 root INFO: Filtering contig blast results: /nfs/turbo/umms-esnitkin/Project_Penn_KPC/Analysis/Combination_resistance/pre-intro-blbli-resistance-ms/data/evolution_experiment/mobsuite_evolved/PCMP_H464/__tmp/contig_blast_results.txt [in /home/kgontjes/.conda/envs/mobsuite_v3_1_9/lib/python3.11/site-packages/mob_suite/mob_recon.py:1269]
2026-02-17 12:00:27,963 root INFO: Assigning contigs to plasmid groups [in /home/kgontjes/.conda/envs/mobsuite_v3_1_9/lib/python3.11/site-packages/mob_suite/mob_recon.py:1284]
2026-02-17 12:00:33,539 root INFO: Writting contig results to /nfs/turbo/umms-esnitkin/Project_Penn_KPC/Analysis/Combination_resistance/pre-intro-blbli-resistance-ms/data/evolution_experiment/mobsuite_evolved/PCMP_H464/contig_report.txt [in /home/kgontjes/.conda/envs/mobsuite_v3_1_9/lib/python3.11/site-packages/mob_suite/mob_recon.py:1387]
2026-02-17 12:00:35,175 root INFO: Writting plasmid sequences to /nfs/turbo/umms-esnitkin/Project_Penn_KPC/Analysis/Combination_resistance/pre-intro-blbli-resistance-ms/data/evolution_experiment/mobsuite_evolved/PCMP_H464/plasmid_AA018.fasta [in /home/kgontjes/.conda/envs/mobsuite_v3_1_9/lib/python3.11/site-packages/mob_suite/utils.py:971]
2026-02-17 12:00:35,426 root INFO: Writting plasmid sequences to /nfs/turbo/umms-esnitkin/Project_Penn_KPC/Analysis/Combination_resistance/pre-intro-blbli-resistance-ms/data/evolution_experiment/mobsuite_evolved/PCMP_H464/plasmid_AA552.fasta [in /home/kgontjes/.conda/envs/mobsuite_v3_1_9/lib/python3.11/site-packages/mob_suite/utils.py:971]
2026-02-17 12:00:37,023 root INFO: Writting plasmid sequences to /nfs/turbo/umms-esnitkin/Project_Penn_KPC/Analysis/Combination_resistance/pre-intro-blbli-resistance-ms/data/evolution_experiment/mobsuite_evolved/PCMP_H464/plasmid_AA941.fasta [in /home/kgontjes/.conda/envs/mobsuite_v3_1_9/lib/python3.11/site-packages/mob_suite/utils.py:971]
2026-02-17 12:00:37,990 root INFO: Writting chromosome sequences to /nfs/turbo/umms-esnitkin/Project_Penn_KPC/Analysis/Combination_resistance/pre-intro-blbli-resistance-ms/data/evolution_experiment/mobsuite_evolved/PCMP_H464/chromosome.fasta [in /home/kgontjes/.conda/envs/mobsuite_v3_1_9/lib/python3.11/site-packages/mob_suite/mob_recon.py:1404]
/home/kgontjes/.conda/envs/mobsuite_v3_1_9/lib/python3.11/site-packages/mob_suite/utils.py:338: FutureWarning: the 'line_terminator'' keyword is deprecated, use 'lineterminator' instead.
  blast_df.to_csv(blast_results_file, sep='\t', header=True, line_terminator='\n', index=False)
2026-02-17 12:00:39,280 root INFO: Creating plasmid biomarkers report ... [in /home/kgontjes/.conda/envs/mobsuite_v3_1_9/lib/python3.11/site-packages/mob_suite/utils.py:1382]
2026-02-17 12:00:39,439 root INFO: Writting plasmid biomarkers report contaning 28 biomarkers [in /home/kgontjes/.conda/envs/mobsuite_v3_1_9/lib/python3.11/site-packages/mob_suite/mob_recon.py:1478]
2026-02-17 12:00:39,444 root INFO: Cleaning up temporary files /nfs/turbo/umms-esnitkin/Project_Penn_KPC/Analysis/Combination_resistance/pre-intro-blbli-resistance-ms/data/evolution_experiment/mobsuite_evolved/PCMP_H464/__tmp [in /home/kgontjes/.conda/envs/mobsuite_v3_1_9/lib/python3.11/site-packages/mob_suite/mob_recon.py:1484]
2026-02-17 12:00:39,467 mob_suite.mob_recon INFO: MOB-recon completed and results written to /nfs/turbo/umms-esnitkin/Project_Penn_KPC/Analysis/Combination_resistance/pre-intro-blbli-resistance-ms/data/evolution_experiment/mobsuite_evolved/PCMP_H464 [in /home/kgontjes/.conda/envs/mobsuite_v3_1_9/lib/python3.11/site-packages/mob_suite/mob_recon.py:1486]
Not 1_0c545e7127a9862d394faf6e8c9731ed_circular=true_151944 to cluster AA171 assigned as already present in cluster AA171
2026-02-17 11:56:27,099 mob_suite.mob_recon INFO: MOB-recon version 3.1.9  [in /home/kgontjes/.conda/envs/mobsuite_v3_1_9/lib/python3.11/site-packages/mob_suite/mob_recon.py:984]
2026-02-17 11:56:27,099 mob_suite.mob_recon INFO: SUCCESS: Found program blastn at /home/kgontjes/.conda/envs/mobsuite_v3_1_9/bin/blastn [in /home/kgontjes/.conda/envs/mobsuite_v3_1_9/lib/python3.11/site-packages/mob_suite/utils.py:597]
2026-02-17 11:56:27,099 mob_suite.mob_recon INFO: SUCCESS: Found program makeblastdb at /home/kgontjes/.conda/envs/mobsuite_v3_1_9/bin/makeblastdb [in /home/kgontjes/.conda/envs/mobsuite_v3_1_9/lib/python3.11/site-packages/mob_suite/utils.py:597]
2026-02-17 11:56:27,099 mob_suite.mob_recon INFO: SUCCESS: Found program tblastn at /home/kgontjes/.conda/envs/mobsuite_v3_1_9/bin/tblastn [in /home/kgontjes/.conda/envs/mobsuite_v3_1_9/lib/python3.11/site-packages/mob_suite/utils.py:597]
2026-02-17 11:56:27,102 mob_suite.mob_recon INFO: Processing fasta file /nfs/turbo/umms-esnitkin/Project_Penn_KPC/Sequence_data/assembly/hybrid/polypolish/PCMP_H414/PCMP_H414/PCMP_H414_flye_medaka_polypolish.fasta [in /home/kgontjes/.conda/envs/mobsuite_v3_1_9/lib/python3.11/site-packages/mob_suite/mob_recon.py:1011]
2026-02-17 11:56:27,102 mob_suite.mob_recon INFO: Analysis directory /nfs/turbo/umms-esnitkin/Project_Penn_KPC/Analysis/Combination_resistance/pre-intro-blbli-resistance-ms/data/evolution_experiment/mobsuite_evolved/PCMP_H414 [in /home/kgontjes/.conda/envs/mobsuite_v3_1_9/lib/python3.11/site-packages/mob_suite/mob_recon.py:1012]
2026-02-17 11:56:29,147 mob_suite.mob_recon INFO: Writing cleaned header input fasta file from /nfs/turbo/umms-esnitkin/Project_Penn_KPC/Sequence_data/assembly/hybrid/polypolish/PCMP_H414/PCMP_H414/PCMP_H414_flye_medaka_polypolish.fasta to /nfs/turbo/umms-esnitkin/Project_Penn_KPC/Analysis/Combination_resistance/pre-intro-blbli-resistance-ms/data/evolution_experiment/mobsuite_evolved/PCMP_H414/__tmp/fixed.input.fasta [in /home/kgontjes/.conda/envs/mobsuite_v3_1_9/lib/python3.11/site-packages/mob_suite/mob_recon.py:1107]
2026-02-17 11:56:29,641 root INFO: Blasting replicon sequences /home/kgontjes/.conda/envs/mobsuite_v3_1_9/lib/python3.11/site-packages/mob_suite/databases/rep.dna.fas against /nfs/turbo/umms-esnitkin/Project_Penn_KPC/Analysis/Combination_resistance/pre-intro-blbli-resistance-ms/data/evolution_experiment/mobsuite_evolved/PCMP_H414/__tmp/fixed.input.fasta [in /home/kgontjes/.conda/envs/mobsuite_v3_1_9/lib/python3.11/site-packages/mob_suite/utils.py:1163]
/home/kgontjes/.conda/envs/mobsuite_v3_1_9/lib/python3.11/site-packages/mob_suite/utils.py:338: FutureWarning: the 'line_terminator'' keyword is deprecated, use 'lineterminator' instead.
  blast_df.to_csv(blast_results_file, sep='\t', header=True, line_terminator='\n', index=False)
2026-02-17 11:56:30,726 root INFO: Filtering replicon blast results /nfs/turbo/umms-esnitkin/Project_Penn_KPC/Analysis/Combination_resistance/pre-intro-blbli-resistance-ms/data/evolution_experiment/mobsuite_evolved/PCMP_H414/__tmp/replicon_blast_results.txt  [in /home/kgontjes/.conda/envs/mobsuite_v3_1_9/lib/python3.11/site-packages/mob_suite/utils.py:1168]
2026-02-17 11:56:30,847 root INFO: Blasting relaxase sequences /home/kgontjes/.conda/envs/mobsuite_v3_1_9/lib/python3.11/site-packages/mob_suite/databases/mob.proteins.faa against /nfs/turbo/umms-esnitkin/Project_Penn_KPC/Analysis/Combination_resistance/pre-intro-blbli-resistance-ms/data/evolution_experiment/mobsuite_evolved/PCMP_H414/__tmp/fixed.input.fasta [in /home/kgontjes/.conda/envs/mobsuite_v3_1_9/lib/python3.11/site-packages/mob_suite/utils.py:1186]
/home/kgontjes/.conda/envs/mobsuite_v3_1_9/lib/python3.11/site-packages/mob_suite/utils.py:365: FutureWarning: the 'line_terminator'' keyword is deprecated, use 'lineterminator' instead.
  blast_df.to_csv(blast_results_file, sep='\t', header=True, line_terminator='\n', index=False)
2026-02-17 11:58:01,595 root INFO: Filtering relaxase blast results /nfs/turbo/umms-esnitkin/Project_Penn_KPC/Analysis/Combination_resistance/pre-intro-blbli-resistance-ms/data/evolution_experiment/mobsuite_evolved/PCMP_H414/__tmp/mob_blast_results.txt  [in /home/kgontjes/.conda/envs/mobsuite_v3_1_9/lib/python3.11/site-packages/mob_suite/utils.py:1191]
2026-02-17 11:58:01,632 root INFO: Blasting MPF sequences /home/kgontjes/.conda/envs/mobsuite_v3_1_9/lib/python3.11/site-packages/mob_suite/databases/mpf.proteins.faa against /nfs/turbo/umms-esnitkin/Project_Penn_KPC/Analysis/Combination_resistance/pre-intro-blbli-resistance-ms/data/evolution_experiment/mobsuite_evolved/PCMP_H414/__tmp/fixed.input.fasta [in /home/kgontjes/.conda/envs/mobsuite_v3_1_9/lib/python3.11/site-packages/mob_suite/utils.py:1210]
/home/kgontjes/.conda/envs/mobsuite_v3_1_9/lib/python3.11/site-packages/mob_suite/utils.py:365: FutureWarning: the 'line_terminator'' keyword is deprecated, use 'lineterminator' instead.
  blast_df.to_csv(blast_results_file, sep='\t', header=True, line_terminator='\n', index=False)
2026-02-17 11:59:03,392 root INFO: Filtering MPF blast results /nfs/turbo/umms-esnitkin/Project_Penn_KPC/Analysis/Combination_resistance/pre-intro-blbli-resistance-ms/data/evolution_experiment/mobsuite_evolved/PCMP_H414/__tmp/mpf_blast_results.txt  [in /home/kgontjes/.conda/envs/mobsuite_v3_1_9/lib/python3.11/site-packages/mob_suite/utils.py:1225]
2026-02-17 11:59:03,393 root INFO: Blasting orit sequences /home/kgontjes/.conda/envs/mobsuite_v3_1_9/lib/python3.11/site-packages/mob_suite/databases/orit.fas against /nfs/turbo/umms-esnitkin/Project_Penn_KPC/Analysis/Combination_resistance/pre-intro-blbli-resistance-ms/data/evolution_experiment/mobsuite_evolved/PCMP_H414/__tmp/fixed.input.fasta [in /home/kgontjes/.conda/envs/mobsuite_v3_1_9/lib/python3.11/site-packages/mob_suite/utils.py:1234]
/home/kgontjes/.conda/envs/mobsuite_v3_1_9/lib/python3.11/site-packages/mob_suite/utils.py:338: FutureWarning: the 'line_terminator'' keyword is deprecated, use 'lineterminator' instead.
  blast_df.to_csv(blast_results_file, sep='\t', header=True, line_terminator='\n', index=False)
2026-02-17 11:59:03,612 root INFO: Filtering orit blast results /nfs/turbo/umms-esnitkin/Project_Penn_KPC/Analysis/Combination_resistance/pre-intro-blbli-resistance-ms/data/evolution_experiment/mobsuite_evolved/PCMP_H414/__tmp/orit_blast_results.txt  [in /home/kgontjes/.conda/envs/mobsuite_v3_1_9/lib/python3.11/site-packages/mob_suite/utils.py:1239]
2026-02-17 11:59:03,649 root INFO: Blasting contigs against repetitive sequences db: /home/kgontjes/.conda/envs/mobsuite_v3_1_9/lib/python3.11/site-packages/mob_suite/databases/repetitive.dna.fas [in /home/kgontjes/.conda/envs/mobsuite_v3_1_9/lib/python3.11/site-packages/mob_suite/utils.py:1256]
/home/kgontjes/.conda/envs/mobsuite_v3_1_9/lib/python3.11/site-packages/mob_suite/utils.py:338: FutureWarning: the 'line_terminator'' keyword is deprecated, use 'lineterminator' instead.
  blast_df.to_csv(blast_results_file, sep='\t', header=True, line_terminator='\n', index=False)
2026-02-17 11:59:04,722 root INFO: Filtering repetitive blast results /nfs/turbo/umms-esnitkin/Project_Penn_KPC/Analysis/Combination_resistance/pre-intro-blbli-resistance-ms/data/evolution_experiment/mobsuite_evolved/PCMP_H414/__tmp/repetitive_blast_results.txt  [in /home/kgontjes/.conda/envs/mobsuite_v3_1_9/lib/python3.11/site-packages/mob_suite/utils.py:1260]
2026-02-17 11:59:04,727 root INFO: Blasting contigs against reference sequence db: /home/kgontjes/.conda/envs/mobsuite_v3_1_9/lib/python3.11/site-packages/mob_suite/databases/ncbi_plasmid_full_seqs.fas [in /home/kgontjes/.conda/envs/mobsuite_v3_1_9/lib/python3.11/site-packages/mob_suite/mob_recon.py:1264]
/home/kgontjes/.conda/envs/mobsuite_v3_1_9/lib/python3.11/site-packages/mob_suite/utils.py:338: FutureWarning: the 'line_terminator'' keyword is deprecated, use 'lineterminator' instead.
  blast_df.to_csv(blast_results_file, sep='\t', header=True, line_terminator='\n', index=False)
2026-02-17 12:00:32,261 root INFO: Filtering contig blast results: /nfs/turbo/umms-esnitkin/Project_Penn_KPC/Analysis/Combination_resistance/pre-intro-blbli-resistance-ms/data/evolution_experiment/mobsuite_evolved/PCMP_H414/__tmp/contig_blast_results.txt [in /home/kgontjes/.conda/envs/mobsuite_v3_1_9/lib/python3.11/site-packages/mob_suite/mob_recon.py:1269]
2026-02-17 12:00:32,743 root INFO: Assigning contigs to plasmid groups [in /home/kgontjes/.conda/envs/mobsuite_v3_1_9/lib/python3.11/site-packages/mob_suite/mob_recon.py:1284]
2026-02-17 12:00:39,584 root INFO: Writting contig results to /nfs/turbo/umms-esnitkin/Project_Penn_KPC/Analysis/Combination_resistance/pre-intro-blbli-resistance-ms/data/evolution_experiment/mobsuite_evolved/PCMP_H414/contig_report.txt [in /home/kgontjes/.conda/envs/mobsuite_v3_1_9/lib/python3.11/site-packages/mob_suite/mob_recon.py:1387]
2026-02-17 12:00:41,137 root INFO: Writting plasmid sequences to /nfs/turbo/umms-esnitkin/Project_Penn_KPC/Analysis/Combination_resistance/pre-intro-blbli-resistance-ms/data/evolution_experiment/mobsuite_evolved/PCMP_H414/plasmid_AA171.fasta [in /home/kgontjes/.conda/envs/mobsuite_v3_1_9/lib/python3.11/site-packages/mob_suite/utils.py:971]
2026-02-17 12:00:41,473 root INFO: Writting plasmid sequences to /nfs/turbo/umms-esnitkin/Project_Penn_KPC/Analysis/Combination_resistance/pre-intro-blbli-resistance-ms/data/evolution_experiment/mobsuite_evolved/PCMP_H414/plasmid_AA018.fasta [in /home/kgontjes/.conda/envs/mobsuite_v3_1_9/lib/python3.11/site-packages/mob_suite/utils.py:971]
2026-02-17 12:00:41,904 root INFO: Writting plasmid sequences to /nfs/turbo/umms-esnitkin/Project_Penn_KPC/Analysis/Combination_resistance/pre-intro-blbli-resistance-ms/data/evolution_experiment/mobsuite_evolved/PCMP_H414/plasmid_AA552.fasta [in /home/kgontjes/.conda/envs/mobsuite_v3_1_9/lib/python3.11/site-packages/mob_suite/utils.py:971]
2026-02-17 12:00:43,839 root INFO: Writting plasmid sequences to /nfs/turbo/umms-esnitkin/Project_Penn_KPC/Analysis/Combination_resistance/pre-intro-blbli-resistance-ms/data/evolution_experiment/mobsuite_evolved/PCMP_H414/plasmid_AA941.fasta [in /home/kgontjes/.conda/envs/mobsuite_v3_1_9/lib/python3.11/site-packages/mob_suite/utils.py:971]
2026-02-17 12:00:44,795 root INFO: Writting chromosome sequences to /nfs/turbo/umms-esnitkin/Project_Penn_KPC/Analysis/Combination_resistance/pre-intro-blbli-resistance-ms/data/evolution_experiment/mobsuite_evolved/PCMP_H414/chromosome.fasta [in /home/kgontjes/.conda/envs/mobsuite_v3_1_9/lib/python3.11/site-packages/mob_suite/mob_recon.py:1404]
/home/kgontjes/.conda/envs/mobsuite_v3_1_9/lib/python3.11/site-packages/mob_suite/utils.py:338: FutureWarning: the 'line_terminator'' keyword is deprecated, use 'lineterminator' instead.
  blast_df.to_csv(blast_results_file, sep='\t', header=True, line_terminator='\n', index=False)
2026-02-17 12:00:45,882 root INFO: Creating plasmid biomarkers report ... [in /home/kgontjes/.conda/envs/mobsuite_v3_1_9/lib/python3.11/site-packages/mob_suite/utils.py:1382]
2026-02-17 12:00:46,149 root INFO: Writting plasmid biomarkers report contaning 39 biomarkers [in /home/kgontjes/.conda/envs/mobsuite_v3_1_9/lib/python3.11/site-packages/mob_suite/mob_recon.py:1478]
2026-02-17 12:00:46,152 root INFO: Cleaning up temporary files /nfs/turbo/umms-esnitkin/Project_Penn_KPC/Analysis/Combination_resistance/pre-intro-blbli-resistance-ms/data/evolution_experiment/mobsuite_evolved/PCMP_H414/__tmp [in /home/kgontjes/.conda/envs/mobsuite_v3_1_9/lib/python3.11/site-packages/mob_suite/mob_recon.py:1484]
2026-02-17 12:00:46,176 mob_suite.mob_recon INFO: MOB-recon completed and results written to /nfs/turbo/umms-esnitkin/Project_Penn_KPC/Analysis/Combination_resistance/pre-intro-blbli-resistance-ms/data/evolution_experiment/mobsuite_evolved/PCMP_H414 [in /home/kgontjes/.conda/envs/mobsuite_v3_1_9/lib/python3.11/site-packages/mob_suite/mob_recon.py:1486]
Not 1_696f67c61a503e0f4f3b089ff42668bf_circular=true_143360 to cluster AA171 assigned as already present in cluster AA171
2026-02-17 11:56:41,421 mob_suite.mob_recon INFO: MOB-recon version 3.1.9  [in /home/kgontjes/.conda/envs/mobsuite_v3_1_9/lib/python3.11/site-packages/mob_suite/mob_recon.py:984]
2026-02-17 11:56:41,421 mob_suite.mob_recon INFO: SUCCESS: Found program blastn at /home/kgontjes/.conda/envs/mobsuite_v3_1_9/bin/blastn [in /home/kgontjes/.conda/envs/mobsuite_v3_1_9/lib/python3.11/site-packages/mob_suite/utils.py:597]
2026-02-17 11:56:41,421 mob_suite.mob_recon INFO: SUCCESS: Found program makeblastdb at /home/kgontjes/.conda/envs/mobsuite_v3_1_9/bin/makeblastdb [in /home/kgontjes/.conda/envs/mobsuite_v3_1_9/lib/python3.11/site-packages/mob_suite/utils.py:597]
2026-02-17 11:56:41,421 mob_suite.mob_recon INFO: SUCCESS: Found program tblastn at /home/kgontjes/.conda/envs/mobsuite_v3_1_9/bin/tblastn [in /home/kgontjes/.conda/envs/mobsuite_v3_1_9/lib/python3.11/site-packages/mob_suite/utils.py:597]
2026-02-17 11:56:41,425 mob_suite.mob_recon INFO: Processing fasta file /nfs/turbo/umms-esnitkin/Project_Penn_KPC/Sequence_data/assembly/hybrid/polypolish/PCMP_H414_MVB_R/PCMP_H414_MVB_R/PCMP_H414_MVB_R_flye_medaka_polypolish.fasta [in /home/kgontjes/.conda/envs/mobsuite_v3_1_9/lib/python3.11/site-packages/mob_suite/mob_recon.py:1011]
2026-02-17 11:56:41,425 mob_suite.mob_recon INFO: Analysis directory /nfs/turbo/umms-esnitkin/Project_Penn_KPC/Analysis/Combination_resistance/pre-intro-blbli-resistance-ms/data/evolution_experiment/mobsuite_evolved/PCMP_H414_MVB_R [in /home/kgontjes/.conda/envs/mobsuite_v3_1_9/lib/python3.11/site-packages/mob_suite/mob_recon.py:1012]
2026-02-17 11:56:43,443 mob_suite.mob_recon INFO: Writing cleaned header input fasta file from /nfs/turbo/umms-esnitkin/Project_Penn_KPC/Sequence_data/assembly/hybrid/polypolish/PCMP_H414_MVB_R/PCMP_H414_MVB_R/PCMP_H414_MVB_R_flye_medaka_polypolish.fasta to /nfs/turbo/umms-esnitkin/Project_Penn_KPC/Analysis/Combination_resistance/pre-intro-blbli-resistance-ms/data/evolution_experiment/mobsuite_evolved/PCMP_H414_MVB_R/__tmp/fixed.input.fasta [in /home/kgontjes/.conda/envs/mobsuite_v3_1_9/lib/python3.11/site-packages/mob_suite/mob_recon.py:1107]
2026-02-17 11:56:43,941 root INFO: Blasting replicon sequences /home/kgontjes/.conda/envs/mobsuite_v3_1_9/lib/python3.11/site-packages/mob_suite/databases/rep.dna.fas against /nfs/turbo/umms-esnitkin/Project_Penn_KPC/Analysis/Combination_resistance/pre-intro-blbli-resistance-ms/data/evolution_experiment/mobsuite_evolved/PCMP_H414_MVB_R/__tmp/fixed.input.fasta [in /home/kgontjes/.conda/envs/mobsuite_v3_1_9/lib/python3.11/site-packages/mob_suite/utils.py:1163]
/home/kgontjes/.conda/envs/mobsuite_v3_1_9/lib/python3.11/site-packages/mob_suite/utils.py:338: FutureWarning: the 'line_terminator'' keyword is deprecated, use 'lineterminator' instead.
  blast_df.to_csv(blast_results_file, sep='\t', header=True, line_terminator='\n', index=False)
2026-02-17 11:56:44,893 root INFO: Filtering replicon blast results /nfs/turbo/umms-esnitkin/Project_Penn_KPC/Analysis/Combination_resistance/pre-intro-blbli-resistance-ms/data/evolution_experiment/mobsuite_evolved/PCMP_H414_MVB_R/__tmp/replicon_blast_results.txt  [in /home/kgontjes/.conda/envs/mobsuite_v3_1_9/lib/python3.11/site-packages/mob_suite/utils.py:1168]
2026-02-17 11:56:45,029 root INFO: Blasting relaxase sequences /home/kgontjes/.conda/envs/mobsuite_v3_1_9/lib/python3.11/site-packages/mob_suite/databases/mob.proteins.faa against /nfs/turbo/umms-esnitkin/Project_Penn_KPC/Analysis/Combination_resistance/pre-intro-blbli-resistance-ms/data/evolution_experiment/mobsuite_evolved/PCMP_H414_MVB_R/__tmp/fixed.input.fasta [in /home/kgontjes/.conda/envs/mobsuite_v3_1_9/lib/python3.11/site-packages/mob_suite/utils.py:1186]
/home/kgontjes/.conda/envs/mobsuite_v3_1_9/lib/python3.11/site-packages/mob_suite/utils.py:365: FutureWarning: the 'line_terminator'' keyword is deprecated, use 'lineterminator' instead.
  blast_df.to_csv(blast_results_file, sep='\t', header=True, line_terminator='\n', index=False)
2026-02-17 11:58:15,794 root INFO: Filtering relaxase blast results /nfs/turbo/umms-esnitkin/Project_Penn_KPC/Analysis/Combination_resistance/pre-intro-blbli-resistance-ms/data/evolution_experiment/mobsuite_evolved/PCMP_H414_MVB_R/__tmp/mob_blast_results.txt  [in /home/kgontjes/.conda/envs/mobsuite_v3_1_9/lib/python3.11/site-packages/mob_suite/utils.py:1191]
2026-02-17 11:58:15,848 root INFO: Blasting MPF sequences /home/kgontjes/.conda/envs/mobsuite_v3_1_9/lib/python3.11/site-packages/mob_suite/databases/mpf.proteins.faa against /nfs/turbo/umms-esnitkin/Project_Penn_KPC/Analysis/Combination_resistance/pre-intro-blbli-resistance-ms/data/evolution_experiment/mobsuite_evolved/PCMP_H414_MVB_R/__tmp/fixed.input.fasta [in /home/kgontjes/.conda/envs/mobsuite_v3_1_9/lib/python3.11/site-packages/mob_suite/utils.py:1210]
/home/kgontjes/.conda/envs/mobsuite_v3_1_9/lib/python3.11/site-packages/mob_suite/utils.py:365: FutureWarning: the 'line_terminator'' keyword is deprecated, use 'lineterminator' instead.
  blast_df.to_csv(blast_results_file, sep='\t', header=True, line_terminator='\n', index=False)
2026-02-17 11:59:25,131 root INFO: Filtering MPF blast results /nfs/turbo/umms-esnitkin/Project_Penn_KPC/Analysis/Combination_resistance/pre-intro-blbli-resistance-ms/data/evolution_experiment/mobsuite_evolved/PCMP_H414_MVB_R/__tmp/mpf_blast_results.txt  [in /home/kgontjes/.conda/envs/mobsuite_v3_1_9/lib/python3.11/site-packages/mob_suite/utils.py:1225]
2026-02-17 11:59:25,132 root INFO: Blasting orit sequences /home/kgontjes/.conda/envs/mobsuite_v3_1_9/lib/python3.11/site-packages/mob_suite/databases/orit.fas against /nfs/turbo/umms-esnitkin/Project_Penn_KPC/Analysis/Combination_resistance/pre-intro-blbli-resistance-ms/data/evolution_experiment/mobsuite_evolved/PCMP_H414_MVB_R/__tmp/fixed.input.fasta [in /home/kgontjes/.conda/envs/mobsuite_v3_1_9/lib/python3.11/site-packages/mob_suite/utils.py:1234]
/home/kgontjes/.conda/envs/mobsuite_v3_1_9/lib/python3.11/site-packages/mob_suite/utils.py:338: FutureWarning: the 'line_terminator'' keyword is deprecated, use 'lineterminator' instead.
  blast_df.to_csv(blast_results_file, sep='\t', header=True, line_terminator='\n', index=False)
2026-02-17 11:59:25,382 root INFO: Filtering orit blast results /nfs/turbo/umms-esnitkin/Project_Penn_KPC/Analysis/Combination_resistance/pre-intro-blbli-resistance-ms/data/evolution_experiment/mobsuite_evolved/PCMP_H414_MVB_R/__tmp/orit_blast_results.txt  [in /home/kgontjes/.conda/envs/mobsuite_v3_1_9/lib/python3.11/site-packages/mob_suite/utils.py:1239]
2026-02-17 11:59:25,422 root INFO: Blasting contigs against repetitive sequences db: /home/kgontjes/.conda/envs/mobsuite_v3_1_9/lib/python3.11/site-packages/mob_suite/databases/repetitive.dna.fas [in /home/kgontjes/.conda/envs/mobsuite_v3_1_9/lib/python3.11/site-packages/mob_suite/utils.py:1256]
/home/kgontjes/.conda/envs/mobsuite_v3_1_9/lib/python3.11/site-packages/mob_suite/utils.py:338: FutureWarning: the 'line_terminator'' keyword is deprecated, use 'lineterminator' instead.
  blast_df.to_csv(blast_results_file, sep='\t', header=True, line_terminator='\n', index=False)
2026-02-17 11:59:26,575 root INFO: Filtering repetitive blast results /nfs/turbo/umms-esnitkin/Project_Penn_KPC/Analysis/Combination_resistance/pre-intro-blbli-resistance-ms/data/evolution_experiment/mobsuite_evolved/PCMP_H414_MVB_R/__tmp/repetitive_blast_results.txt  [in /home/kgontjes/.conda/envs/mobsuite_v3_1_9/lib/python3.11/site-packages/mob_suite/utils.py:1260]
2026-02-17 11:59:26,580 root INFO: Blasting contigs against reference sequence db: /home/kgontjes/.conda/envs/mobsuite_v3_1_9/lib/python3.11/site-packages/mob_suite/databases/ncbi_plasmid_full_seqs.fas [in /home/kgontjes/.conda/envs/mobsuite_v3_1_9/lib/python3.11/site-packages/mob_suite/mob_recon.py:1264]
/home/kgontjes/.conda/envs/mobsuite_v3_1_9/lib/python3.11/site-packages/mob_suite/utils.py:338: FutureWarning: the 'line_terminator'' keyword is deprecated, use 'lineterminator' instead.
  blast_df.to_csv(blast_results_file, sep='\t', header=True, line_terminator='\n', index=False)
2026-02-17 12:00:56,765 root INFO: Filtering contig blast results: /nfs/turbo/umms-esnitkin/Project_Penn_KPC/Analysis/Combination_resistance/pre-intro-blbli-resistance-ms/data/evolution_experiment/mobsuite_evolved/PCMP_H414_MVB_R/__tmp/contig_blast_results.txt [in /home/kgontjes/.conda/envs/mobsuite_v3_1_9/lib/python3.11/site-packages/mob_suite/mob_recon.py:1269]
2026-02-17 12:00:57,280 root INFO: Assigning contigs to plasmid groups [in /home/kgontjes/.conda/envs/mobsuite_v3_1_9/lib/python3.11/site-packages/mob_suite/mob_recon.py:1284]
2026-02-17 12:01:04,056 root INFO: Writting contig results to /nfs/turbo/umms-esnitkin/Project_Penn_KPC/Analysis/Combination_resistance/pre-intro-blbli-resistance-ms/data/evolution_experiment/mobsuite_evolved/PCMP_H414_MVB_R/contig_report.txt [in /home/kgontjes/.conda/envs/mobsuite_v3_1_9/lib/python3.11/site-packages/mob_suite/mob_recon.py:1387]
2026-02-17 12:01:05,618 root INFO: Writting plasmid sequences to /nfs/turbo/umms-esnitkin/Project_Penn_KPC/Analysis/Combination_resistance/pre-intro-blbli-resistance-ms/data/evolution_experiment/mobsuite_evolved/PCMP_H414_MVB_R/plasmid_AA171.fasta [in /home/kgontjes/.conda/envs/mobsuite_v3_1_9/lib/python3.11/site-packages/mob_suite/utils.py:971]
2026-02-17 12:01:05,828 root INFO: Writting plasmid sequences to /nfs/turbo/umms-esnitkin/Project_Penn_KPC/Analysis/Combination_resistance/pre-intro-blbli-resistance-ms/data/evolution_experiment/mobsuite_evolved/PCMP_H414_MVB_R/plasmid_AA018.fasta [in /home/kgontjes/.conda/envs/mobsuite_v3_1_9/lib/python3.11/site-packages/mob_suite/utils.py:971]
2026-02-17 12:01:06,082 root INFO: Writting plasmid sequences to /nfs/turbo/umms-esnitkin/Project_Penn_KPC/Analysis/Combination_resistance/pre-intro-blbli-resistance-ms/data/evolution_experiment/mobsuite_evolved/PCMP_H414_MVB_R/plasmid_AA552.fasta [in /home/kgontjes/.conda/envs/mobsuite_v3_1_9/lib/python3.11/site-packages/mob_suite/utils.py:971]
2026-02-17 12:01:07,839 root INFO: Writting plasmid sequences to /nfs/turbo/umms-esnitkin/Project_Penn_KPC/Analysis/Combination_resistance/pre-intro-blbli-resistance-ms/data/evolution_experiment/mobsuite_evolved/PCMP_H414_MVB_R/plasmid_AA941.fasta [in /home/kgontjes/.conda/envs/mobsuite_v3_1_9/lib/python3.11/site-packages/mob_suite/utils.py:971]
2026-02-17 12:01:08,792 root INFO: Writting chromosome sequences to /nfs/turbo/umms-esnitkin/Project_Penn_KPC/Analysis/Combination_resistance/pre-intro-blbli-resistance-ms/data/evolution_experiment/mobsuite_evolved/PCMP_H414_MVB_R/chromosome.fasta [in /home/kgontjes/.conda/envs/mobsuite_v3_1_9/lib/python3.11/site-packages/mob_suite/mob_recon.py:1404]
/home/kgontjes/.conda/envs/mobsuite_v3_1_9/lib/python3.11/site-packages/mob_suite/utils.py:338: FutureWarning: the 'line_terminator'' keyword is deprecated, use 'lineterminator' instead.
  blast_df.to_csv(blast_results_file, sep='\t', header=True, line_terminator='\n', index=False)
2026-02-17 12:01:09,881 root INFO: Creating plasmid biomarkers report ... [in /home/kgontjes/.conda/envs/mobsuite_v3_1_9/lib/python3.11/site-packages/mob_suite/utils.py:1382]
2026-02-17 12:01:10,170 root INFO: Writting plasmid biomarkers report contaning 42 biomarkers [in /home/kgontjes/.conda/envs/mobsuite_v3_1_9/lib/python3.11/site-packages/mob_suite/mob_recon.py:1478]
2026-02-17 12:01:10,173 root INFO: Cleaning up temporary files /nfs/turbo/umms-esnitkin/Project_Penn_KPC/Analysis/Combination_resistance/pre-intro-blbli-resistance-ms/data/evolution_experiment/mobsuite_evolved/PCMP_H414_MVB_R/__tmp [in /home/kgontjes/.conda/envs/mobsuite_v3_1_9/lib/python3.11/site-packages/mob_suite/mob_recon.py:1484]
2026-02-17 12:01:10,195 mob_suite.mob_recon INFO: MOB-recon completed and results written to /nfs/turbo/umms-esnitkin/Project_Penn_KPC/Analysis/Combination_resistance/pre-intro-blbli-resistance-ms/data/evolution_experiment/mobsuite_evolved/PCMP_H414_MVB_R [in /home/kgontjes/.conda/envs/mobsuite_v3_1_9/lib/python3.11/site-packages/mob_suite/mob_recon.py:1486]
2026-02-17 11:59:30,916 mob_suite.mob_recon INFO: MOB-recon version 3.1.9  [in /home/kgontjes/.conda/envs/mobsuite_v3_1_9/lib/python3.11/site-packages/mob_suite/mob_recon.py:984]
2026-02-17 11:59:30,917 mob_suite.mob_recon INFO: SUCCESS: Found program blastn at /home/kgontjes/.conda/envs/mobsuite_v3_1_9/bin/blastn [in /home/kgontjes/.conda/envs/mobsuite_v3_1_9/lib/python3.11/site-packages/mob_suite/utils.py:597]
2026-02-17 11:59:30,918 mob_suite.mob_recon INFO: SUCCESS: Found program makeblastdb at /home/kgontjes/.conda/envs/mobsuite_v3_1_9/bin/makeblastdb [in /home/kgontjes/.conda/envs/mobsuite_v3_1_9/lib/python3.11/site-packages/mob_suite/utils.py:597]
2026-02-17 11:59:30,919 mob_suite.mob_recon INFO: SUCCESS: Found program tblastn at /home/kgontjes/.conda/envs/mobsuite_v3_1_9/bin/tblastn [in /home/kgontjes/.conda/envs/mobsuite_v3_1_9/lib/python3.11/site-packages/mob_suite/utils.py:597]
2026-02-17 11:59:30,923 mob_suite.mob_recon INFO: Processing fasta file /nfs/turbo/umms-esnitkin/Project_Penn_KPC/Sequence_data/assembly/hybrid/polypolish/PCMP_H464_MVB_R/PCMP_H464_MVB_R/PCMP_H464_MVB_R_flye_medaka_polypolish.fasta [in /home/kgontjes/.conda/envs/mobsuite_v3_1_9/lib/python3.11/site-packages/mob_suite/mob_recon.py:1011]
2026-02-17 11:59:30,923 mob_suite.mob_recon INFO: Analysis directory /nfs/turbo/umms-esnitkin/Project_Penn_KPC/Analysis/Combination_resistance/pre-intro-blbli-resistance-ms/data/evolution_experiment/mobsuite_evolved/PCMP_H464_MVB_R [in /home/kgontjes/.conda/envs/mobsuite_v3_1_9/lib/python3.11/site-packages/mob_suite/mob_recon.py:1012]
2026-02-17 11:59:32,985 mob_suite.mob_recon INFO: Writing cleaned header input fasta file from /nfs/turbo/umms-esnitkin/Project_Penn_KPC/Sequence_data/assembly/hybrid/polypolish/PCMP_H464_MVB_R/PCMP_H464_MVB_R/PCMP_H464_MVB_R_flye_medaka_polypolish.fasta to /nfs/turbo/umms-esnitkin/Project_Penn_KPC/Analysis/Combination_resistance/pre-intro-blbli-resistance-ms/data/evolution_experiment/mobsuite_evolved/PCMP_H464_MVB_R/__tmp/fixed.input.fasta [in /home/kgontjes/.conda/envs/mobsuite_v3_1_9/lib/python3.11/site-packages/mob_suite/mob_recon.py:1107]
2026-02-17 11:59:33,481 root INFO: Blasting replicon sequences /home/kgontjes/.conda/envs/mobsuite_v3_1_9/lib/python3.11/site-packages/mob_suite/databases/rep.dna.fas against /nfs/turbo/umms-esnitkin/Project_Penn_KPC/Analysis/Combination_resistance/pre-intro-blbli-resistance-ms/data/evolution_experiment/mobsuite_evolved/PCMP_H464_MVB_R/__tmp/fixed.input.fasta [in /home/kgontjes/.conda/envs/mobsuite_v3_1_9/lib/python3.11/site-packages/mob_suite/utils.py:1163]
/home/kgontjes/.conda/envs/mobsuite_v3_1_9/lib/python3.11/site-packages/mob_suite/utils.py:338: FutureWarning: the 'line_terminator'' keyword is deprecated, use 'lineterminator' instead.
  blast_df.to_csv(blast_results_file, sep='\t', header=True, line_terminator='\n', index=False)
2026-02-17 11:59:34,158 root INFO: Filtering replicon blast results /nfs/turbo/umms-esnitkin/Project_Penn_KPC/Analysis/Combination_resistance/pre-intro-blbli-resistance-ms/data/evolution_experiment/mobsuite_evolved/PCMP_H464_MVB_R/__tmp/replicon_blast_results.txt  [in /home/kgontjes/.conda/envs/mobsuite_v3_1_9/lib/python3.11/site-packages/mob_suite/utils.py:1168]
2026-02-17 11:59:34,191 root INFO: Blasting relaxase sequences /home/kgontjes/.conda/envs/mobsuite_v3_1_9/lib/python3.11/site-packages/mob_suite/databases/mob.proteins.faa against /nfs/turbo/umms-esnitkin/Project_Penn_KPC/Analysis/Combination_resistance/pre-intro-blbli-resistance-ms/data/evolution_experiment/mobsuite_evolved/PCMP_H464_MVB_R/__tmp/fixed.input.fasta [in /home/kgontjes/.conda/envs/mobsuite_v3_1_9/lib/python3.11/site-packages/mob_suite/utils.py:1186]
/home/kgontjes/.conda/envs/mobsuite_v3_1_9/lib/python3.11/site-packages/mob_suite/utils.py:365: FutureWarning: the 'line_terminator'' keyword is deprecated, use 'lineterminator' instead.
  blast_df.to_csv(blast_results_file, sep='\t', header=True, line_terminator='\n', index=False)
2026-02-17 12:01:05,390 root INFO: Filtering relaxase blast results /nfs/turbo/umms-esnitkin/Project_Penn_KPC/Analysis/Combination_resistance/pre-intro-blbli-resistance-ms/data/evolution_experiment/mobsuite_evolved/PCMP_H464_MVB_R/__tmp/mob_blast_results.txt  [in /home/kgontjes/.conda/envs/mobsuite_v3_1_9/lib/python3.11/site-packages/mob_suite/utils.py:1191]
2026-02-17 12:01:05,412 root INFO: Blasting MPF sequences /home/kgontjes/.conda/envs/mobsuite_v3_1_9/lib/python3.11/site-packages/mob_suite/databases/mpf.proteins.faa against /nfs/turbo/umms-esnitkin/Project_Penn_KPC/Analysis/Combination_resistance/pre-intro-blbli-resistance-ms/data/evolution_experiment/mobsuite_evolved/PCMP_H464_MVB_R/__tmp/fixed.input.fasta [in /home/kgontjes/.conda/envs/mobsuite_v3_1_9/lib/python3.11/site-packages/mob_suite/utils.py:1210]
/home/kgontjes/.conda/envs/mobsuite_v3_1_9/lib/python3.11/site-packages/mob_suite/utils.py:365: FutureWarning: the 'line_terminator'' keyword is deprecated, use 'lineterminator' instead.
  blast_df.to_csv(blast_results_file, sep='\t', header=True, line_terminator='\n', index=False)
2026-02-17 12:02:05,239 root INFO: Filtering MPF blast results /nfs/turbo/umms-esnitkin/Project_Penn_KPC/Analysis/Combination_resistance/pre-intro-blbli-resistance-ms/data/evolution_experiment/mobsuite_evolved/PCMP_H464_MVB_R/__tmp/mpf_blast_results.txt  [in /home/kgontjes/.conda/envs/mobsuite_v3_1_9/lib/python3.11/site-packages/mob_suite/utils.py:1225]
2026-02-17 12:02:05,240 root INFO: Blasting orit sequences /home/kgontjes/.conda/envs/mobsuite_v3_1_9/lib/python3.11/site-packages/mob_suite/databases/orit.fas against /nfs/turbo/umms-esnitkin/Project_Penn_KPC/Analysis/Combination_resistance/pre-intro-blbli-resistance-ms/data/evolution_experiment/mobsuite_evolved/PCMP_H464_MVB_R/__tmp/fixed.input.fasta [in /home/kgontjes/.conda/envs/mobsuite_v3_1_9/lib/python3.11/site-packages/mob_suite/utils.py:1234]
/home/kgontjes/.conda/envs/mobsuite_v3_1_9/lib/python3.11/site-packages/mob_suite/utils.py:338: FutureWarning: the 'line_terminator'' keyword is deprecated, use 'lineterminator' instead.
  blast_df.to_csv(blast_results_file, sep='\t', header=True, line_terminator='\n', index=False)
2026-02-17 12:02:05,427 root INFO: Filtering orit blast results /nfs/turbo/umms-esnitkin/Project_Penn_KPC/Analysis/Combination_resistance/pre-intro-blbli-resistance-ms/data/evolution_experiment/mobsuite_evolved/PCMP_H464_MVB_R/__tmp/orit_blast_results.txt  [in /home/kgontjes/.conda/envs/mobsuite_v3_1_9/lib/python3.11/site-packages/mob_suite/utils.py:1239]
2026-02-17 12:02:05,451 root INFO: Blasting contigs against repetitive sequences db: /home/kgontjes/.conda/envs/mobsuite_v3_1_9/lib/python3.11/site-packages/mob_suite/databases/repetitive.dna.fas [in /home/kgontjes/.conda/envs/mobsuite_v3_1_9/lib/python3.11/site-packages/mob_suite/utils.py:1256]
/home/kgontjes/.conda/envs/mobsuite_v3_1_9/lib/python3.11/site-packages/mob_suite/utils.py:338: FutureWarning: the 'line_terminator'' keyword is deprecated, use 'lineterminator' instead.
  blast_df.to_csv(blast_results_file, sep='\t', header=True, line_terminator='\n', index=False)
2026-02-17 12:02:06,406 root INFO: Filtering repetitive blast results /nfs/turbo/umms-esnitkin/Project_Penn_KPC/Analysis/Combination_resistance/pre-intro-blbli-resistance-ms/data/evolution_experiment/mobsuite_evolved/PCMP_H464_MVB_R/__tmp/repetitive_blast_results.txt  [in /home/kgontjes/.conda/envs/mobsuite_v3_1_9/lib/python3.11/site-packages/mob_suite/utils.py:1260]
2026-02-17 12:02:06,411 root INFO: Blasting contigs against reference sequence db: /home/kgontjes/.conda/envs/mobsuite_v3_1_9/lib/python3.11/site-packages/mob_suite/databases/ncbi_plasmid_full_seqs.fas [in /home/kgontjes/.conda/envs/mobsuite_v3_1_9/lib/python3.11/site-packages/mob_suite/mob_recon.py:1264]
/home/kgontjes/.conda/envs/mobsuite_v3_1_9/lib/python3.11/site-packages/mob_suite/utils.py:338: FutureWarning: the 'line_terminator'' keyword is deprecated, use 'lineterminator' instead.
  blast_df.to_csv(blast_results_file, sep='\t', header=True, line_terminator='\n', index=False)
2026-02-17 12:02:57,844 root INFO: Filtering contig blast results: /nfs/turbo/umms-esnitkin/Project_Penn_KPC/Analysis/Combination_resistance/pre-intro-blbli-resistance-ms/data/evolution_experiment/mobsuite_evolved/PCMP_H464_MVB_R/__tmp/contig_blast_results.txt [in /home/kgontjes/.conda/envs/mobsuite_v3_1_9/lib/python3.11/site-packages/mob_suite/mob_recon.py:1269]
2026-02-17 12:02:58,268 root INFO: Assigning contigs to plasmid groups [in /home/kgontjes/.conda/envs/mobsuite_v3_1_9/lib/python3.11/site-packages/mob_suite/mob_recon.py:1284]
2026-02-17 12:03:02,972 root INFO: Writting contig results to /nfs/turbo/umms-esnitkin/Project_Penn_KPC/Analysis/Combination_resistance/pre-intro-blbli-resistance-ms/data/evolution_experiment/mobsuite_evolved/PCMP_H464_MVB_R/contig_report.txt [in /home/kgontjes/.conda/envs/mobsuite_v3_1_9/lib/python3.11/site-packages/mob_suite/mob_recon.py:1387]
2026-02-17 12:03:04,530 root INFO: Writting plasmid sequences to /nfs/turbo/umms-esnitkin/Project_Penn_KPC/Analysis/Combination_resistance/pre-intro-blbli-resistance-ms/data/evolution_experiment/mobsuite_evolved/PCMP_H464_MVB_R/plasmid_AA018.fasta [in /home/kgontjes/.conda/envs/mobsuite_v3_1_9/lib/python3.11/site-packages/mob_suite/utils.py:971]
2026-02-17 12:03:10,460 root INFO: Writting plasmid sequences to /nfs/turbo/umms-esnitkin/Project_Penn_KPC/Analysis/Combination_resistance/pre-intro-blbli-resistance-ms/data/evolution_experiment/mobsuite_evolved/PCMP_H464_MVB_R/plasmid_AA552.fasta [in /home/kgontjes/.conda/envs/mobsuite_v3_1_9/lib/python3.11/site-packages/mob_suite/utils.py:971]
2026-02-17 12:03:12,447 root INFO: Writting plasmid sequences to /nfs/turbo/umms-esnitkin/Project_Penn_KPC/Analysis/Combination_resistance/pre-intro-blbli-resistance-ms/data/evolution_experiment/mobsuite_evolved/PCMP_H464_MVB_R/plasmid_AA941.fasta [in /home/kgontjes/.conda/envs/mobsuite_v3_1_9/lib/python3.11/site-packages/mob_suite/utils.py:971]
2026-02-17 12:03:13,420 root INFO: Writting chromosome sequences to /nfs/turbo/umms-esnitkin/Project_Penn_KPC/Analysis/Combination_resistance/pre-intro-blbli-resistance-ms/data/evolution_experiment/mobsuite_evolved/PCMP_H464_MVB_R/chromosome.fasta [in /home/kgontjes/.conda/envs/mobsuite_v3_1_9/lib/python3.11/site-packages/mob_suite/mob_recon.py:1404]
/home/kgontjes/.conda/envs/mobsuite_v3_1_9/lib/python3.11/site-packages/mob_suite/utils.py:338: FutureWarning: the 'line_terminator'' keyword is deprecated, use 'lineterminator' instead.
  blast_df.to_csv(blast_results_file, sep='\t', header=True, line_terminator='\n', index=False)
2026-02-17 12:03:14,420 root INFO: Creating plasmid biomarkers report ... [in /home/kgontjes/.conda/envs/mobsuite_v3_1_9/lib/python3.11/site-packages/mob_suite/utils.py:1382]
2026-02-17 12:03:14,560 root INFO: Writting plasmid biomarkers report contaning 26 biomarkers [in /home/kgontjes/.conda/envs/mobsuite_v3_1_9/lib/python3.11/site-packages/mob_suite/mob_recon.py:1478]
2026-02-17 12:03:14,563 root INFO: Cleaning up temporary files /nfs/turbo/umms-esnitkin/Project_Penn_KPC/Analysis/Combination_resistance/pre-intro-blbli-resistance-ms/data/evolution_experiment/mobsuite_evolved/PCMP_H464_MVB_R/__tmp [in /home/kgontjes/.conda/envs/mobsuite_v3_1_9/lib/python3.11/site-packages/mob_suite/mob_recon.py:1484]
2026-02-17 12:03:14,584 mob_suite.mob_recon INFO: MOB-recon completed and results written to /nfs/turbo/umms-esnitkin/Project_Penn_KPC/Analysis/Combination_resistance/pre-intro-blbli-resistance-ms/data/evolution_experiment/mobsuite_evolved/PCMP_H464_MVB_R [in /home/kgontjes/.conda/envs/mobsuite_v3_1_9/lib/python3.11/site-packages/mob_suite/mob_recon.py:1486]
